title,lsd_summary,lsd_importance_score,lsd_direction,hf_summary,hf_importance_score,hf_direction
‘Only Works as a State’: Trump Vows Not ‘To Bend’ On Tariffs Until Canada Is Absorbed Into The U.S.,"This is inching very close to a declaration of war The World would collectively be a much better place, without Trump,Putin, and Elon,  so tired of this 51st state crap, “It’s so perfect as a great and cherished state. [removed] It's all well and good for both the Liberals and the Cons to beat their chests and scream ""elbows up,"" but it feels like we are rapidly approaching a point at which Canadians are going to get (really) serious about national sovereignty, or we are going to be absorbed.     There can't be any lazy drift towards a 2% defense commitment, we need a radical military overhaul now, if only to signal that we are dead serious about defending ourselves. I severely don’t understand how he is allowed to do and say all these threats and stuff without consequences I'm so fucking angry man fuck I honestly think it's time to recall the ambassador to the USA.",1,Positive,"The world would collectively be a much better place, without Trump,Putin, and Elon, so tired of this 51st state crap. Canada will be forever, Trump will be gone or 6 feet below in a few years. There can't be any lazy drift towards a 2% defense commitment, we need a radical military overhaul now.",-1,Negative
Statement by the Prime Minister on unjustified U.S. tariffs against Canada,"Long after this is over, I’ll never see Americans the same way again It's a really well made statement by the PM - I just can't imagine that ***anyone*** who's supporting Trump/his actions cares or will read it - I still see constant pro-Trump (or anti-Canadian) people spouting off that ""Canadian border management deserves this... This gonna be full of Canadian patriotism, US chirps and random Americans apologizing like it does something and while ik this could be amazing for us long term hopefully we can do something for all the Canadians who will suffer in the short term Is the U.S. Tariffs on Tesla please CANADA BABY Market bloodbath coming No potash for you I'm convinced this whole thing is to weaken Canada so the US and Russia can swoop in on us in the longer term, but in the shorter term so Trump can start buying things from Russia to help his buddy out.",1,Positive,"Justin Trudeau says there is no justification for U.S. tariffs against Canada. Canada will respond with 25 per cent tariffs against $155 billion of American goods. Trudeau: Americans will pay more for groceries, gas, and cars, and potentially lose thousands of jobs.",-1,Negative
Canada retaliating for Trump’s tariffs with 25 per cent tariffs on billions of U.S. goods,"I think the #1 thing I got out of this is this: Trudeau has been trying to arrange a conversation with Donald Trump since the inauguration on January 20 and has not yet succeeded in arranging a phone call. Trudeau is really impressive tonight American here:  I liked what Mark Carney said: ""The fever that has gripped our southern neighbour will eventually pass."" Honestly, it provided me the most hope that I have felt since Trump's inauguration; knowing that others believe we can make it through this. How does he speak so well damn Amazing speech, don’t have love for Trudeau, but that made me feel proud to be Canadian and i hope the Country can feel more united Good speech, I just wish they had hit Tesla with punishing 100%+ tariffs (and cut the tariffs on Chinese EVs to compensate).",1,Positive,"Trudeau has been trying to arrange a conversation with Donald Trump since the inauguration on January 20 and has not yet succeeded in arranging a phone call. The United States is very simply not coming to the table, that's a huge concern. Canada, major respect for how you are handling this!",-1,Negative
Jack Daniel’s maker says Canada pulling U.S. alcohol off store shelves is ‘worse than a tariff’,"Yeah, they can get fucked  [https://www.courier-journal.com/story/life/food/spirits/bourbon/2025/01/21/kentucky-bourbon-at-the-trump-inauguration-luncheon-woodford-reserve-brown-forman-mitch-mcconnell/77845224007/](https://www.courier-journal.com/story/life/food/spirits/bourbon/2025/01/21/kentucky-bourbon-at-the-trump-inauguration-luncheon-woodford-reserve-brown-forman-mitch-mcconnell/77845224007/) American here: best part about this is that it hits a Republican state the hardest. He is willing to go all in on every hand - the only way to win is to treat him like the shit poker player he is and never fold. [deleted] Oh boo hoo Then lobby your crackpot of a President Jack needs to talk to Donald Only accounts for 1% of their sales… right what a bullshit liar if that was true he wouldn’t even bother complaining… besides Jack Daniel’s is crap!",1,Positive,"The LCBO isn't just our only liquor store in Ontario, it is the only alcohol supplier for the entire Province. Every bottle in every restaurant, bar, festival, stadium, concert hall, event venue, etc. MUST be bought through the LCBO. If they pull your stock, they pull it from the whole Province.",1,Positive
"“It’s done, it’s gone”: Ontario Premier Doug Ford cancels $100-million Starlink contract in tariff response","&gt;“We won’t award contracts to people who enable and encourage economic attacks on our province and our country.”   &gt;“No matter if it’s services through the tech sector … we need to stop immediately and if they come to sue us, so be it.”     No matter what happens, at least people are rallying together over Donald's attack against us. &gt;""Ford said he would be writing to the government officials of New York State, Michigan, and Minnesota to warn them that the province will immediately apply a 25 percent surcharge on the electricity it exports, and implied the province will not hesitate to shut off the power entirely if Trump escalates tariffs further."" Excellent news, and let's work on boosting Telesat so we have a sturdy Canadian alternative. He wasn't my choice in the election, but if he stands up to Donald and the Muskrat and doesn't flim-flam out of his commitment like he did when the tariffs were delayed last month, I can keep my trap shut for a while.",1,Positive,"Ford said he would be writing to the government officials of New York State, Michigan, and Minnesota to warn them that the province will immediately apply a 25 percent surcharge on the electricity it exports. The province will not hesitate to shut off the power entirely if Trump escalates tariffs further.",1,Positive
Trump threatens Canadian cars with tariffs up to 100%,"He is creating an environment of fear and uncertainty which is enabling the billionaire close to him to exploit vulnerabilities in the market that react every time he goes on a rant. I said it before, but if those companies cave and move all their manufacturing to the US after all the money we gave them to bail them out we should simply seize their plants and start making our own cars. Individual parts get made in the US or Canada, shipped back and forth, and eventually a car comes off the assembly line, but the parts can be from a bunch of different places.",1,Positive,"Trump is looking to create conditions that American businesses hesitate on finding suppliers or investing in production outside of the US. He is creating an environment of fear and uncertainty which is enabling the billionaire close to him to exploit vulnerabilities in the market. He's going to destroy GM and Ford, who have large parts and assembly plants in Canada. US should just place 100% tariffs on all imports from outside the US and make Americans eat themselves alive.",-1,Negative
"Trump threatens new tariffs on Canada, including 250% tax on dairy","Indeed, we sell 1/4 the amount of dairy to the US than they sell to us ($130M to the US, versus $480M to Canada). There is hardly any Canadian dairy products in the US, much like you won't find many American dairy products in Canada because we also imposed a really high tariff on that, which has been in place for decades. It is approved for use in the USA to increase the production of milk in dairy cattle, but is illegal in Canada.",1,Positive,Canada sells 1/4 the amount of dairy to the US than they sell to us. The US sells 4x more dairy into Canada than we sell into them. I legitimately have no problems with tariffing subsidized industries. This guy has no clue what he's doing. He's a moron.,1,Positive
U.S. tariffs will be imposed on Feb. 4,"&gt;The federal government has been officially informed that the United States will impose across-the-board tariffs of 25% on Canadian goods starting Tuesday and 10% tariffs on energy it’s actually insane this is happening Gentlemen, it has been an honour shitposting with you all. Edit: I seem to be giving the impression I am Canadian in the post above, so just making it clear I'm Irish (though was a permanent resident in Toronto for years, and tricked one of ye into moving back to Dublin with me, who I later married).  Trump’s decision to impose tariffs on Canada is baffling and damaging. \&gt;hes just trying to be a strong president   \&gt; it's a negotiation tactic   \&gt;it's all Trudeau's fault   \&gt; its all because of the libs   \&gt; tariffs might be good for US, you dont know until you see, if it leads to a new good deal, it'll be an amazing feat.",1,Positive,"The federal government has been officially informed that the United States will impose across-the-board tariffs of 25% on Canadian goods starting Tuesday and 10% tariffs on energy. ""This is like a bully punching you in the face, and they tell you if you say anything they'll punch you more""",-1,Negative
Hockey fans boo U.S. national anthem at Ottawa Senators game after Trump imposes tariffs,"I explained we are booing the new American government that is doing a lot of bad, not Americans and not the anthem singer. Just know that there are MANY millions of us here in the states that absolutely loath Trump, loath his entire party, and loath the people who voted for him. Canada, I’m sorry I made fun of your accents and being too nice, will you take in a blue dot from a red state 😭 This article is about Ottawa, but Calgary boo'd too  Do you know how bad it is when ALBERTA hates a republican?",1,Positive,"Canada: We're nice, until we're not. Gary Bettman will just end national anthems at games. There should be Gretzky jerseys all over every Canadian ice surface. Trump is a fucking scumbag. Elon musk is an apartheid motherfucker.",1,Positive
Furious Poilievre criticizes Trump tariffs for uniting Canadians,"I thought this was supposed to be satire I’ve said it a bunch of times now, but I feel compelled to say it again:  PP missed the mark on this one to an egregious degree. I can't actually bring myself to vote for the man that can't make a public speech without tying everything to Liberals, pushing his campaign, and making us feel like we're weak next to the bully. I'd never vote conservative but honestly the difference between him and someone like Ford, who's a real politician who's not fucking stupid and a real nationalist, is just huge The Beaverton is SATIRE!",1,Positive,"While satire posts are popular we understand that not everyone enjoys them. If you wish not to see them please use the filter on the sidebar or set your own filters to block satire content or websites. filter out Satire - Filtrer Satire: https://st.reddit.com/r/canada *I am a bot, and this action was performed automatically. Please [contact the moderators of this subreddit] if you have any questions or concerns.",-1,Negative
"Canada Won’t Scrap Tariffs Unless All US Levies Are Lifted, Official Says","👍 Prime Minister Justin Trudeau is not open to lifting Canada’s full package of retaliatory tariffs if US President Donald Trump leaves any tariffs on Canada in place, according to a senior Canadian government official. The official said Trudeau’s government is cool to the idea of a “middle ground” settlement in the trade war floated by US Commerce Secretary Howard Lutnick. Its nice to see him finally sticking up for the country instead of the pandering and bullshit he's done in the past.",1,Positive,"Navarro: Canada's PM Trudeau should tone it down. OMG, the audacity of the Americans. Trump can keep on calling to annex Canada. Navarro calls for redrawing Canada's borders. Never play chicken with a country of fucking ***geese***.",-1,Negative
Chrystia Freeland says Canada should target Elon Musk's Tesla in a tariff fight,Isolated attacks are way more effective and EU can get on board especially with threats to Denmark.  The correct way to target Tesla in this trade war is to take the absurd tariffs off the Chinese cars from makers like BYD and open the market to them as an affordable alternate. We should either tariff the shit out of Tesla 100% tarrifs like we do Chinese cad companies or as an ultimate fuck you to the US allow Chinese car companies to build plants here or build our own made in Canada car industry. The people that buy them now are in the cult so they’ll buy no matter what Canada needs to stop being scared to be independent of America We should also seize all the assets of the Trump Organization in Canada.,1,Positive,"Canadian Foreign Minister Chrystia Freeland says there should be a 100 per cent tariff on all U.S. wine, beer and spirits, and on all Teslas. The correct way to target Tesla in this trade war is to take the absurd tariffs off the Chinese cars from makers like BYD and open the market to them.",1,Positive
Kentucky governor says Trump’s tariffs on Canada are not what Americans voted for,"NO ONE should be surprised that Canada and Mexico retaliated the way we did  They got EXACTLY what they voted for  Claiming they didn't elect him to do this is complete nonsense His biggest economic platform during his campaign was putting tariffs on Canada and Mexico lol. (It was in the fine print amongst the *Project 2025* stuff that all his followers fell for hook, line and stinker!)   Watch Trump spin Canada's tariff retaliation into a story of how Canada started the trade war to deliberately harm the US. New stories all from before the election covering just some of his tariff talk:  https://www.theguardian.com/us-news/2024/oct/15/trump-tariffs-price-hikes-warnings  https://www.reuters.com/world/us/trump-threatens-200-tariff-vehicles-imported-mexico-2024-10-06/  https://www.pbs.org/newshour/economy/trump-favors-huge-new-tariffs-how-do-they-work If only people actually listened to what their politicians said and looked at what their politicians did...",1,Positive,Kentucky senator Mitch McConnell is the reason Trump was able to run for office in the first place. He's pissed that Ontario removed $1 billion worth of USA liquor from shelves today. Kentucky already had an overstock of bourbon and now they have to stock an added 35% of their production due to the Canadian US alcohol Boycott.,-1,Negative
Tariffs on Canada delayed to March 1 after talk between Trudeau and Trump. Live updates here.,"Canada is implementing our $1.3 billion border plan — reinforcing the border with new choppers, technology and personnel, enhanced coordination with our American partners, and increased resources to stop the flow of fentanyl. Nearly 10,000 frontline personnel are and will be working on protecting the border. The man is **holding a gun to our head** demanding like we dance like a dog, so we need to do everything we can to establish better trade with other countries and lose our reliance on this country. Americans are dead to me I genuinely do not understand how you go from Trump calling for Canada to become the 51st state just a couple hours ago, to a 1 month pause for _mostly_ the same measures that the government has already announced.",1,Positive,"""I worry most of the anger and energy will vanish and nothing will be accomplished *again*. The tariffs may be delayed but my shopping habits won't be. Vive le Canada Libre! Changes nothing about my plans to spend 0$ on American goods. Yank the booze anyway""",1,Positive
Trump tariff 'made something snap in us' - many Canadians see US rift beyond repair,"The Wizard of Oz from Wicked knew what he was talking about when he said:  # ""The best way to bring folks together is to give them a really good enemy"" It would take at least 20 years of good faith to rebuild goodwill and I’m sure this goodwill between US and CAN will eventually be as strong as ever but 20 years is also plenty of time for Canada to diversify. I never used to pay much attention to whether a brand was Canadian, but I have been lately, and I think I’ll keep doing it even after this tariff mess is over, if for no other reason than to support Canadian companies and workers. That is where the rift is because they think it's funny and could be great and we want absolutely nothing to do with it, especially given the way they've been going the past decade.",1,Positive,"The gloves were off the second Trump started the 51st state shit and they’re staying off for a while. I was willing to ignore the US shitshow this time around until he made it impossible. We need to be ready for a fight, because if he ever makes good on his threats, we might be on our own. What used to be America is disintegrating right before us as we speak.",-1,Negative
Trump Press Sec Accidentally Blurts Out Real Goal of His Tariff Scam,"There is no scenario where Canada would join the US to become the 51st state (or any other political component thereof), unless it was after a full scale  invasion and complete subjugation of Canada over millions of dead, and even then, the resistance would never end. The US wants to, for its own economic and geo-strategic reasons:  -strip mine Canada of its natural resources (despite Trump claiming that the US does not need Canada’s natural resources, they very much do, as this is the only way that the US can maintain its global position as hyper-power competition expands);  -economic exploitation of the Arctic, the northern ring of fire and the polar shelf; and   -control of the North West Passage. It’s not OK for the American president to lie relentlessly about our allies and threaten them with economic Armageddon to force them to submit to his deranged, passing whims."" It still baffles me that Trump is blaming Canada for drugs coming into the US.",1,Positive,"The Trump government is busily deconstructing the social structure in America by repurposing government functions up and down the ladder. They’re gutting veterans affairs, social security, the IRS, education, scientific departments, food and drug safety departments, environmental departments, pretty much everything aside from the military. Canada needs to cut off all silver exports to the US.",-1,Negative
"Trump Says He’ll Hit Canada, Mexico With 25% Tariffs on Saturday","Burn an entire state down that's going to require a heck of a lot of lumber and other materials to rebuild, and then implement a 25% tariff on the product to combat the what...less than 1% of fentanyl that crosses the northern border into the US? https://www.bankofcanada.ca/publications/mpr/mpr-2025-01-29/in-focus-1/ We’ll see, he says a lot of wild shit It has nothing to with tarrifs because the numbers for illegals crossing to US from Canada and amount of fentanyl going there is so small that it doesnt make sense to ask about border security and drugs. The US has shown that they’re an unreliable “Ally” and are more than willing to fuck us over, so we need to look elsewhere and can’t be so reliant of them.",1,Positive,The US doesn’t have domestic capacity for most of what they import from Canada and Mexico. He’s back with anger and resentment from losing the 2020 election and is out for blood. He will hit Americans with a 25% tariff. Canadians need to stop being snow birds in the USA. Hurt them in the travel industry.,-1,Negative
"Trump imposes new Canada tariffs, renews ""51st state"" demands","I’ll straight up eat beans for 30 years before I even consider joining the United States [removed] so it's NOT about fentanyl - and after he had all his toadies go on as much Fox as possible to say it was entirely drug related...it's drug related alright! Any continued references to the ""51st State"" or ""Governor of Canada"" bullshit need to be shut down or it will be considered an attack on our sovereignty and a declaration of war against Canada. I think the most important thing to note here is Trump admitting nothing can be done to remove the tariffs short of Canada agreeing to the 51st state thing.",1,Positive,"""This was never about fentanyl; this was always about Trump and his cabal securing Canada’s natural resources, the Arctic and polar shelf, our water, and control of the NorthWest Passage,"" he wrote. ""The only thing that makes sense is for Canada to become our cherished Fifty First State. This would make all Tariffs, and everything else, totally disappear""",-1,Negative
Trudeau announces 25 per cent retaliatory tariffs on U.S. goods starting Tuesday,"We’re an apple juice family now To be honest, I feel like Canada needed this to reevaluate who we are as a country and what we want to do. This is going to be one of those historical moments where some of us will be sitting on the front porch with the grand kids 50 yrs from now and looking back telling them about the time when the entire country once again pulled together United and stood up to the tyrant fake president that tried to pin us against the wall and succumb to their demands. One good thing aBout this … we gots a lot more space on the shelves for Lambs Rum and Alpine  This is going to be a challenging time for us, but I feel that we are going to be healing a lot of self inflicted wounds caused by divisive in-fighting amongst ourselves politically.",1,Positive,"I feel like Canada needed this to reevaluate who we are as a country and what we want to do. Never let a bully punch you and get away with it. Always punch back, even if you get your ass kicked. I hope to see us become more united, even though the US is becoming increasingly divided.",1,Positive
"Canada shouldn’t remove retaliatory tariffs until all U.S. tariffs gone, Poilievre says","That is the existing policy, nice to see him catch up Mean while the orange asshat tariffs our dairy products that we don't really sell to the states.. For real - if you're going to mock people for voting for Trudeau because he had nice hair, I'd recommend not running someone who has no ability to lead, AND doesn't even have nice hair. SIT THE FUCK DOWN MILHOUSE [deleted] Did he come to that conclusion after everyone else has already said it and it is safe to do so?",1,Positive,"Pierre Poilievre is the internet explorer of politicians. He always waits to see if his idea is already heavily favoured. He is always late to the party, Pierre. Nice to see PP join the conversation...to say...check notes what we've been all saying for years.",1,Positive
Trump vows more Canada tariffs even as stock market continues sinking,"I'm against their hatred We should just go strait to “other measures” cut 100% of the energy exports to the US (electricity, oil, LNG, uranium) and metals and say in if tariffs are not lifted within 30 days we wont be sending any potash for the remainder of 2025 irrespective of future tariff actions. Trump is actively looking to provoke violence and desperation and then he will whip around and say its the ""evil Canadians fault, they're not even a real country we need to invade.""    Best thing to do is just quietly and efficiently broker new deals, jack up prices and bleed the American economy. Gonna be a shit show regardless, might as well take them down with us I am just wondering how much longer until we start getting fundraising infomercials at 1AM on CBC showing us starving American children, pockmarked with measles, distended bellies from a diet of carbonated beverages and corn sugar…   /Pamela Anderson wanders into frame  “A Beaver head nickel would feed this hillbilly’s incest reminder a nourishing meal once a week to supplement the Government cheese ration he would have received if it wasn’t garnished by the child’s future education debt/clawback.”  🖕 Americans have no idea what's about to happen to their economy 🤦‍♂️ What people need to realize is that this isn’t just Trump spouting off about tariffs.",1,Positive,How can a person fuelled by so much hate and anger still be alive? Surely his body would quit by now. I can't shake the feeling that Trump might be a Russian agent. What he's doing to all of the U.S. allies is the biggest betrayal in history. He wants to weaken the West.,-1,Negative
"Trump promises a 25 per cent tariff on products from Mexico, Canada","&gt;“On January 20th, as one of my many first Executive Orders, I will sign all necessary documents to charge Mexico and Canada a 25% Tariff on ALL products coming into the United States, and its ridiculous Open Borders,” Trump said in a post on Truth Social. I wonder if Canadian lumber will be cheaper in Canada if they have excess supply as a result of reduced shipments to the US It’s going to end as soon as the last tariff spat began under his last administration. Going to be amazing when Trump voters finally realise it's Americans that pay the tariffs on goods not the country selling them and the price for building materials like wood and steel shoot up to covid prices.",1,Positive,"“On January 20th, as one of my many first Executive Orders, I will sign all necessary documents to charge Mexico and Canada a 25% Tariff on ALL products coming into the United States,” Trump said in a post on Truth Social.",-1,Negative
"White House says Trump plans to follow through on vow to slap tariffs on Canada, Mexico on Feb. 1","Since some are saying so and so is exempt etc   We have companies and industries still unsure if they will be affected or not because the idiot across the border is just yelling tariffs without any specific details Last year we spent about 10k travelling in the US, we will spend $0 for the next few years. There is a reason why everyone abandoned in in the 20th century.  He's going to do it regardless of what we do just to bring us to heel at the negotiating table - the only thing he'll understand is push back or we'll be doing this again and again until he gets complete capitulation. We sell so much electricity to the US - time to turn off their lights and see how long it takes before their citizens are complaining about the sharp increase in their power bills Assuming the Yanks actually manage to have a free and fair election in '28, and assuming they elect a real leader, their international standing will still be wrecked for a generation due to Cheeto Benito's bullshit.",1,Positive,Canadians are worried about the impact of the US tariffs on their exports to the U.S. The tariffs are set to go into effect on February 1st. Some companies are unsure if they will be affected or not. Canada needs to rethink its position with the US. They do not respect our alliance. I hope we go all out on them.,-1,Negative
Trudeau not willing to lift Canada’s retaliatory tariffs if Trump leaves some tariffs on Canada,"Some dude comes along and punches you in the nose, the gut and the crotch and he says he won’t punch you in the gut anymore? While emotionally satisfying, this is also the only way to deal with Trump: we can't have him tweaking his tariffs to try and find a combo that minimises his issues, as he expects Canada to ramp things down in return. This game can go on forever, and it can hurt Canada more than the US in the long run, so we need to find a definitive exit, and not just ramp things down to a low simmer.",1,Positive,"""We will only accept to end tariffs when Trump gives us 50% of all mineral rights in the US and ditch starlink, its a security threat [removed] This is good! Burn it all to the ground if we need to. Canada is the reason for the Geneva Conventions. Every time they remove a tariff we need. to put an export tax on it to bring it back to 25%. Ya’ll don’t. get to pick and choose which ones to tax based on what benefits YOU. 100%. There is already a trade agreement—which Trump signed himself. If he's whining about the deal, he should blame himself. He's the idiot who signed it the last time he was in office",1,Positive
Canadians drop their politeness in the wake of Trump’s tariffs,"They’re pulling back on future visits to the U.S.*  *[...] The Canadian government on Friday launched a $5 billion program to help businesses in the country navigate the tariffs and find new markets for their exports.*  *Provincial governments are taking forceful steps on their own to encourage consumers to “Buy Canadian.” Ontario’s government-run liquor stores sell nearly a billion dollars in American products every year, but they were ordered this week to stop selling American wines and liquor.*  *[...] “We’re still being too nice,” said Peterson [the carpenter from St. Elbows up/Gloves Off     'It is victory, victory at all costs, victory in spite of all terror, victory, however long and hard the road may be' - Winston Churchill In recently arguing with Americans online, it’s actually kind of shocking how they are incapable of seeing anything from anyone else’s perspective, but that of an American Yep, under our nice exterior lies a lot of the reasons for the Geneva Convention   FAFO Is this supposed to be some sort of surprise? That’s the side America hasn’t seen, they think we’re elitist dandies and we can be, but a lot of us are a couple of beers and a lip full of dip away from being ready to throw down any day of the week just for the pride of it.",1,Positive,"Canadians aren't pushovers. We're passive-*aggressive*. We communicate through tone and action. Once again, politeness gets mistaken for weakness. Americans are finding out Canadians are anything but weak. You think usa can just come annex us. We will resist, we will fight. You wont win.",1,Positive
Nearly 70% of Canadians think less of U.S. due to Trump tariffs: Ipsos - National,"I’m sorry to the voters who didn’t vote for him but the fact you’re all doing nothing now that he’s prepping the country for a takeover means you’re complicit too.   You get what you deserve. The other 30% _couldn't possibly think **any less** of Trump._ It’s not his tariffs, it’s his attitude Trumps approval rating is at its lowest point, and most of what he's doing wasn't even mentioned on the campaign trail, lots of Republicans feel betrayed right now, the territorial ambitions came out of left field. And the other 30% already had the lowest opinion possible, explaining why it wasn’t 100% lol Tey 70 percent of the world, who back stabs their best friend to strong arm them?",1,Positive,"""I actually think LESS of Americans because they re-elected a fascist pig despite him telling them what he had planned"" ""I would make 3x more at my job if I worked in America but I specifically do not want to live in America. Besides my family members thereI have a deep disdain for Americans""",1,Positive
Trump tariff turmoil drives travel cancellations: ‘We can’t support what’s going on down there’,"Yep, cancelled our trip to Dallas, and we do spend quite a bit when we travel, so instead of spending in the U.S, we're going to spend it in Canada. We cancelled our trip to Vegas and booked for Mexico now I rode the Tail of the Dragon and Blue Ridge Parkway in 2023, and both were so fun to ride and amazingly beautiful. Canceled Oregon trip My friend and I were thinking Vermont, but now we are going to Quebec City and heading just outside of it to visit Canyon Sainte-Anne.  When Trudeau said in his speech, 'Some of you may change your summer plans,' the first thing my wife and I did was hit the internet and book a summer cottage.",1,Positive,"Catherine Ann Marshall and husband Mike Manning were booked to fly to the U.S. next Sunday for a week of skiing with friends from New Hampshire. Plans changed in an instant Saturday as the couple watched Prime Minister Justin Trudeau urge Canadians to “choose Canada” and reconsider vacation plans south of the border. By Sunday, the couple had cancelled their Air Canada flight and booked an Airbnb at Mont-Tremblant, Que. for next week.",1,Positive
"Ontario to place 25% export tariff on electricity, threatens total cutoff","&gt;That doesn't appear to be the case as he's now placing a 25% export tax on electricity that leaves Ontario for the United States, he told the WSJ. So 25% import tariff on the American side and another 25% export tariff on our side....damn electricity just got expensive in the US.  ""Never waste a crisis""  Ford is absolutely catapulting his personal brand through all of this. I've said it before and I'll say it again, Ford is the obnoxious hockey uncle that annoys everyone at the best of times, but the person you want at your back when the fight breaks out in the parking lot.",1,Positive,Ontario supplies electricity for 1.5 million American homes. Ford has threatened to shut down the exports entirely if Trump moves ahead with even more tariffs on April 2. Ford is absolutely catapulting his personal brand through all of this. Like him or hate him he has the bravado to go tit for tat with Trump.,1,Positive
Trudeau says Canada will not back down as Trump announces tariff delay for Mexico,"""Instead, we must prioritize the closest economic partnership on earth by directly negotiating a bilateral U.S.-Canada free trade agreement.""  [https://www.cbc.ca/news/politics/ontario-ford-cusma-agreement-1.7380890](https://www.cbc.ca/news/politics/ontario-ford-cusma-agreement-1.7380890) I would rather face the reality of what Trump is doing to Canada and have the 125 billion dollar tariffs go into effect that waiting and waiting and waiting for it to happen. Canada will not fold, we'll sooner go full scorched earth if it means giving the US a black eye, Canadians may be polite but when the gloves come off we are the definition of, ""no chill.""  Not only that, Canadians come together, congratulations USA, you've managed to not only make Quebec call itself Canadian and stand with Canada, but your making Conservatives and Liberals come together against a common enemy. To quote a problematic knight, ""We shall fight on the beaches, we shall fight on the landing grounds, we shall fight in the fields and in the streets, we shall fight in the hills; we shall never surrender"" [deleted] Just tell them we won’t honour their copyright bs.",1,Positive,"Canada is united against the U.S. President's threats and actions. Trump delayed Mexicos tariffs because he isn't trying to weaken their economy to annex them Canadians don’t forget, it’s NOT because he favours Mexico. Trump is trying to take over Canada.",-1,Negative
"Trump unable to keep tariffs up, blames alcohol","I know sorry doesn't cut it and nothing I can say will repair the damage, I never asked for it but I guess we are truly enemies now, from now on, I accept that I'm the bad guy. Tariff dysfunction is pretty funny Ya a lot old guys can’t keep it up with alcohol 🤷‍♂️ Yeah, I also blame the alcohol when I can't keep it up Win or lose this ain’t a war lol proud of Canada tho that’s for sure. It's getting so wild that I think this shit is real until I see it's from the Beaverton lol I am noticing a trend.",1,Positive,"While satire posts are popular we understand that not everyone enjoys them. If you wish not to see them please use the filter on the sidebar or set your own filters to block satire content or websites. Filter out Satire - Filtrer Satire: https://st.reddit.com/r/canada*I am a bot, and this action was performed automatically.",1,Positive
Trump calls Freeland ‘a whack’ and Poilievre ‘not a MAGA guy’ as tariff threat looms,"lol the presumption that a Canadian prime minister ought to be a ""make america great again guy"" is so ridiculous that it's hard to take this even a little seriously. &gt;Trump also remarked on Conservative Leader Pierre Poilievre, saying that “his biggest problem is he’s not a MAGA guy.”  The relevant parts of the article, though it's not particularly long. Yea sure - just like you never heard of project 2025 or any of the people associated with it  Someone shuts the lights off because the last brain has left the usa [deleted] I think it’s safe to say, Poilievre is not Trump.",1,Positive,"In an interview with The Spectator, Trump called Liberal leadership candidate Chrystia Freeland terrible and “a whack” Trump also remarked on Conservative Leader Pierre Poilievre, saying that “his biggest problem is he’s not a MAGA guy.”",-1,Negative
Warren Buffett: Tariffs are ‘an act of war’,"&gt;When Buffett was asked by O’Donnell about his thoughts on the general state of the economy, he said it was the “most interesting subject in the world,” though declined further comment.      lmao Buffet: *rattling skeleton noises  Me: So it WILL fuck over the stock market. Im like 90% sure that Trump doesn’t actually know what a tariff is and at this point is too afraid to ask I remember someone claiming that Donald wasn't serious, and that 'economic annexation' isn't something that we should take as a real threat. Can’t wait for the Trump administration to look at each other in the White House to try and figure out which one is going to stand up and be the fucking adult.",1,Positive,"Trump has explicitly and repeated stated that he is using the Tariffs as a means of economic warfare in order to Annex Canada. In this act of war he’s purposely carpet bombing his own nation at the same time. If we retaliated with 100% export tax on energy, lumber, potash and other necessary goods as well as cut the electricity I GUARANTEE American troops would be assembling at the Canadian border with this administration.",-1,Negative
Trump says he will hit Canada with 25% tariff next week after month-long pause,"Americans just lost a key ally and they don’t realize how bad that is cuz they don’t read and the level of education in the US is very low… Want to end this now? If BC shuts down dams on the Columbia river, large parts of USA will be flooded within hours  2) Most of the northeastern USA and mich of the northern midwest gets their power and water from Canada  3) 40% of hydro power imports come from BC  4) 40% of oil imports come from Canada. If Canada shuts off oil and forces USA to buy replacement crude on world markets, costs will go up by at least this much  5) The main internet fiber backbone that almost all USA internet providers (AT&amp;T, TImeWarner, Comcast etc) use is called BigPipe, and is owned by a Canadian company that controls access to it  6) Canada is biggest export market for 37 USA states.",1,Positive,"The president claimed that the U.S. has “been taken advantage of” by foreign nations on “just about everything,” So why did he pause them a month? That makes no sense if he beleives in what he is saying. The absolute worst thing Canada can do is offer a single concession. Ramp up the tariffs in response and we'll proceed.",-1,Negative
Trump says tariffs on Canada and Mexico 'will go forward',"He is using the threat and use of tariffs to undermine Canadian sovereignty by weakening the economy, sowing division and spreading disinformation. If Trump slaps 25% on steel, that would be devastating for Ontario and Quebec, but if he exempts or go easy on energy, that’s a tell tale sign of Trump wanting to sow division because even if Canada wants to retaliate by broad tariff, Ottawa would experience powerful pushback from Alberta, causing *internal dispute*. Everyone and their uncle knows (except Americans, apparently) all he is doing is shooting himself in the foot...economists are already concerned that it's going to tank the US economy driving prices up, as well as inflation I will never see the US the same, fuck Trump and all his dumbass voters.",1,Positive,"Trump is using the threat and use of tariffs to undermine Canadian sovereignty by weakening the economy, sowing division and spreading disinformation. The tariffs will go forward, and so will we. Our PM and Premiers should stop going down to DC and kissing the ring. Enough of playing his game. It's time to play our game.",-1,Negative
Trump says Canada’s and Mexico’s responses to his tariff threats are ‘not good enough’,"Use any proceeds from tariffs on US products to fund social programs to support industries that are impacted the most, and regardless, continue working to move our reliance away from the USA by forming new trade partnerships, and removing inter-provincial trade barriers. not good enough i want you to be the 51st state and name me after a province It was going to happen no matter what What a coward; waits until everyone is distracted by the Superbowl 😂 Trump just made it clear: The tariffs were never about border security—they’re a leverage tool for U.S. Trump is aiming for a larger goal that we haven't seen yet and as I said before, he wants all Non-USA countries to be on a subscription service for the benevolence of the USA.",1,Positive,"The incoming 25% tariff on aluminium and steel on Monday's just a part of it. The tariff retaliation plan's still go, with many provinces having measures at the ready. We need to show a strong and unified front when standing up to this bully.",1,Positive
Trump says tariffs will be imposed on Mexico and Canada on February 1,"I hope Canada gets more Toyotas and avocados from Mexico.  I think there is an internal struggle from his associates to rein him in on this front (hence the leaked report that he would only study tariffs for Canada), but ultimately Trump is Trump, and his second term will be as unhinged as he wants. Enjoy the next 4 years of dysfunction and chaos The only response to that should be ""That's cool superbowl Sunday the electricity from Quebec and Ontario goes off"" Mexico and Canada will both put tarrifs on the US the same day. say ""Trump says he will impose tarrifs on goods coming in from Mexico and Canada and raising prices for American consumers on those goods on Feb 1""  Sure it's a few more words, but it explains much better to the citizens that think imposing tarrifs means Mexico and Canada is somehow paying to import those goods and having them sold for the same price to the American consumer.",1,Positive,"President Donald Trump said he thinks he’ll apply new tariffs on Canada and Mexico on February 1. He said ""he thinks"" and ""he's thinking of."" He also just said he's gonna tariff the EU 100% if they don't buy US Oil. Feels like he's bluffing for the Canada tarrifs.",-1,Negative
"Trump's long-threatened tariffs against Canada and Mexico are now in effect, kicking off trade war","Tons of Canadians are going to lose their jobs because of this idiot, and not a single Democrat outside of Vermont gives a shit either Hope we don’t have immediate layoffs tomorrow America is no longer our ally It’ll be very interesting to see how grocery stores look like over the next few weeks Once again this proves that Trump’s word is meaningless. Both countries did as he asked and here we are with tariffs that will harm all the countries involved.He is sending a signal to other world leaders that he can’t be trusted and don’t do business with the USA. GLOIRE À LA NATION!🇨🇦 **Negotiations were never going to work.**  It amazes me that so much of the media still refers to this as an issue over fentanyl and border control when the overwhelming evidence is this is a Traitor Trump takeover for the Russians.",1,Positive,"""This is going to be rough guys, no sugar coating it, even if we buy Canadian. Trump will try to wear down this country over the next weeks, months and years. Be kind to your fellow Canadians. It’s gonna be a rough ride and we need to stick together""",1,Positive
"Ottawa planning pandemic-level relief for workers, businesses if Trump imposes tariffs","But it would require co-operation from the opposition parties in that they would have to delay their declared intention of bringing down the minority Liberal government until the relief legislation is adopted.” Wouldn't they need to reconvene parliament for that? The asset holders benefit because the value of their assets go up by more than the devalution of the dollar, and the average person gets squeezed even more. We have NO MORE money.👈  No working functional parliament  Ceremonial Governor General  No federal election  Soon an unelected Prime Minister  No balanced budget or spending cuts  With tarrifs kicking in soon expect:  Inflation ⬆️  Servicing the debt ⬆️  Cost of living ⬆️  Carbon Tax ⬆️ April 1  Other Taxes⬆️  Value of Canadian Dollar ⬇️  Businesses that rely on international trade to close  It’s all temporary   The sinking ship  Life is about to get real hard, even ugly, for many folks  The Liberals are making sure the cupboards are completely empty - not even crumbs - before the Conservatives take the helm and have to make the most difficult decisions in Canadian history.",1,Positive,"The bulk of potential spending on new programs to help laid-off workers and businesses affected by tariffs will require legislative approval, which could not take place until Parliament resumes sitting on March 24. Canada ran a $60B deficit last year. This proposed relief needs to be the absolute last resort.",1,Positive
Trump pushes 25 per cent tariffs on Canada and Mexico to April 2,"Keep kicking the can down the road until you kick the can donnie All part of the negotiation, trying to get concessions without having to inflict pain on the US through his own tariffs. I just hope a) our negotiators don't back down, and b) we can keep the pressure of a boycott going, which is tough given our short news cycle and collective attentions spans. That said, he can't help but talk shit, so that will provide some good motivation for us I am actually just impressed that he knows the months of the year!",1,Positive,The pushback from Canada is working. Should have just put it on April 1st and made the joke official. Buy Canadian made when possible and continue living your lives. This guy is a clown. I'm tired of threats. He's just jerking Canada around.,-1,Negative
"Trump won’t admit it, but Canadian potash fuels American agriculture; More than 80 per cent of the potash used by U.S. farmers comes from Canadian mines, and the costs could skyrocket should tariffs happen",We should sell it to europe since he said he dont need it It would be a real shame if we decided to ban shipments of potash to the US. is turned into ethanol  Canada should stop forcing ethanol in our gas and that will really hit US  https://www.producer.com/news/u-s-ethanol-exports-to-canada-soar I wonder what colour of US States use Canadian potash the most...sounds like FAFOland to me... Time to make Americans starve.  Paywall bypass: [https://www.printfriendly.com/print?url=https://www.theglobeandmail.com/business/economy/article-trump-wont-admit-it-but-canadian-potash-fuels-american-agriculture/](https://www.printfriendly.com/print?url=https://www.theglobeandmail.com/business/economy/article-trump-wont-admit-it-but-canadian-potash-fuels-american-agriculture/) Our government needs to not show any weakness.,1,Positive,"Trump is an imbecile and doesn't care. This isn't about winning another election, it’s about his ego. He ran on tariffs so he will enact tariffs, no sense trying to apply logic or reason. Americans need to learn that there are consequences when voting. It's just cause and effect.",1,Positive
Justin Trudeau slams Pierre Poilievre and Alberta’s Danielle Smith for breaking ranks over Trump tariffs,"* Trudeau and 12 of 13 premiers agreed on Wednesday to form a united front and get behind a pledge that “everything” is on the table in Ottawa’s effort to fight a potential tariff war, including restrictions on or higher costs for Canadian oil and gas shipped to the U.S. To get Alberta on board and be fair to all provinces, first let's have matching tariffs in and out across the board, no cherry picking.    Then put the first X billion of tariffs towards building that strategic BC pipeline that will open up our oil and gas to Asia.    Tariff income beyond that amount can be reimbursed to Canadians same as the carbon rebates... The Feds spent a pile of money on trans mountain, an effort to get Alberta oil to the coast and be available for shipping to other markets, instead of the oil being landlocked and having to be sold in the US for a discount.",1,Positive,Prime Minister Justin Trudeau slammed Conservative Leader Pierre Poilievre and Alberta Premier Danielle Smith for not joining a common Canadian opposition to incoming U.S. president Donald Trump. Trudeau and 12 of 13 premiers agreed on Wednesday to form a united front and get behind a pledge that “everything’ is on the table in Ottawa’s effort to fight a potential tariff war.,1,Positive
Ontario slaps 25% levy on U.S.-bound electricity in retaliation to Trumps tariffs,"BC and Quebec should be doing the same &gt;The surcharge is adding about $10 per megawatt-hour to the cost of power heading south, the province says. Canada, EU should swoop in and buy up all the stocks they can Ford, could you please speak to Smith in Alberta, and have a discussion on what Candidate patriotism looks like? Fucking right Ontario 🫡🇨🇦 Looking at NYISO real time data, too early to say for sure, but the fuel source mix seems to be much lower on renewables, meaning they might be ramping up domestic production and shutting off imports.",1,Positive,"The surcharge is adding about $10 per megawatt-hour to the cost of power heading south, the province says. It will generate an estimated $300,000 to $400,000 per day — money that will be used to support workers and businesses.",1,Positive
Trump delays tariffs for all USMCA-compliant goods for both Mexico and Canada,"He needs to stop this bullshit, take them fully off the table, resume being an ally to Canada, Mexico, and the rest of the world, and stop being a stooge for Russia.  Keep the counter measures up.  Wasn't Trump chirpin about how he was going to apply even more tariffs to Canada after Canada retaliated? At this point I'm starting to believe creating uncertainty for Canadian businesses (at the cost of hurting the stock market) is the primary goal of this tariff on-and-off. At least the auto industry will be protected for now, but like I said the uncertainty itself is a big risk factor and is delaying &amp; endangering many announced investments in the sector Guys, can we keep the US booze off the shelves for the rest of the month?",1,Positive,"USMCA requires goods to be wholly produced within US, Canada or Mexico OR significant percentage thereof, such as 75% or higher in monetary value. It has always been like this (mostly) since 1994 under NAFTA where only compliant goods are subject to duty-free movement between the three countries.",-1,Negative
"Washington State seeing fewer Canadians after Trump, tariffs and talk of ‘51st state’","We're spiteful like Canadian geese No kidding, we were planning to take the entire family to Disney in 2026, we decided this weekend that we can't, in good conscience, do that an we will be taking the family to Nova Scotia for a hiliday instead. I’m a big Twin Peaks fan, had a big road trip planned through the beautiful forests and mountains of Washington to see the filming locations, not anymore, not giving them a fucking penny of my money until that spunk trumpet is out of government. The kind of guy that were he a 1940's German, would have needed to be forced to tour the concentration camp like in that episode of Band of Brothers, the thought being how does the genocide of *them* affect us?",1,Positive,"Some Americans just don’t get it. Your current politics include annexing Canada! How does that not affect us?? And it was just one person that said it? That one person is the president of the United States ffs! “Geez, why are you Canadians so upset about all this 51st state talk? It’s our politics,” said Brad Averill.",1,Positive
Canada expected to divert aluminium to Europe after US tariffs,"Trump administration is trying to say that Canada's [misunderstood their intention](https://www.reuters.com/world/americas/white-house-mexico-is-serious-canada-appears-have-misunderstood-trumps-executive-2025-02-03/) as they cast the Fentanyl being the justification behind the tariffs, as they avoid mentioning about the threat of annexation. I’d make sure that in lifting the tariffs put into Trumps head to reopen the pipeline(s) Biden blocked and shut down; he’d be sticking it to the Dems, get cheap oil back and look like a hero, f’it id by him the cape. More than happy if someone tells me “you’re out for lunch”, but just like for the rest of commodities that we all would like to divert away from the US, we hit a brick wall that is our underdeveloped logistics capabilities in Canada.",1,Positive,"Canada has a better solution. We’ll just sell less stuff to the US and sell it instead to other countries that want it. Our relationship with the US will never be the same. We should start pronouncing the second 'i' as well, for dramatic effect. Now do potash. Europe is begging for it. Let American fields die.",-1,Negative
"Tariffs will shut down North American auto production within a week, industry warns",They won't have the parts they need to make vehicles and a lot of the parts operations on each side of the border will convert to make more parts and there'll be layoffs there too. Thanks… Kinda happy I bought cars before all this bullshit the used market is gonna skyrocket Remember once Jesus didn’t have a car the blonde twat will say That would be the best news possible - prove to that dim prick that tariffs have consequences and that his actions are visibly damaging American industry. The various components cross the border multiple times in the production process and the process is so integrated there’s really no way to decouple Canada and America without billions of capital spend.,1,Positive,"Auto exporting is a major economic engine for Canada, bringing in about $51 billion in 2023. About 93 per cent of those exports go to the U.S. The auto industry supports about 100,000 direct jobs and hundreds of thousands of indirect jobs in Ontario alone.",-1,Negative
"Canada pushes back after Trump says 25% tariff will go ahead next week - Foreign Affairs Minister Mélanie Joly responded in part to the U.S. president’s claims by saying the U.S. is a “net exporter” of illegal fentanyl, guns and migrants to Canada.","The longer we wait it out, the more we suffer and the more his population gets to normalize the price increases. But I want to look at the fine print because if he's going ahead with the exact same plan as last time and tarriff Canadian Oil and energy at only 10% then that pretty much confirms again who holds the real power over who and all we would need to is dig our heels in and wait it out while making life as miserable as possible with our own counter tarriffs. If America really isn't reliant on Canadian resources then he should also be tarrifing oil at 25%.    Because we all know Americans are lazy and complacent and can put up with anything horrible their government does whether it's war, supporting genocide, letting the bankers get away with destroying people's pension funds, everything except raising the price of gas at the pump.",1,Positive,"The trade war is going to happen, and Americans -- who are already wavering about this Trump thing -- are going to turn on him when their economy goes to shit. Canada should NOT impose its own import tariffs as retaliation. Instead we should MATCH the US import tariffs with our own export tariffs on exactly the same. The problems go south to north not the other way around.",-1,Negative
"‘Nothing’ Canada can do to prevent tariffs, says Trump","I like that idea No prob, now that we're talking drug trafficking let's discuss the corporate pharmaceutical cartel that's trafficking oxy, percoset, etc into Canada - Canada isn't getting any of the Sackler culpability loot...then let's talk about the USA borne drug and prostitution syndicate Hells Angels who are a major source of crime in Canada. In a report published online, TD noted that it’s unclear where Trump got the $200 billion figure, which “is roughly four to five times the officially reported statistics.”*  *[...] Amid the conflicting messages from Trump and his pick for commerce secretary Howard Lutnick in recent days, Trudeau said while Canada still does not know precisely what could be coming, “we’re ready with… a purposeful, forceful but reasonable, immediate response.”*  *The federal government has a three-round retaliation planned, which would start by singling out a small list of American-made consumer products such as Kentucky bourbon and Florida orange juice.* I'm very interested to see the response from Canada. The crazed slide of the right in the US and the infection this is causing in Canada has actually caused me (A generally right of center supporter) to become a liberal party supporter.",1,Positive,"There is no point dealing with a lunatic. Time for Canada to forget about the U.S. and start doing business with other countries. There’s nothing America can do to make up for this. Sick of hearing about this orange toad. ""No one can stop me!"" - Man with gun pointed at own foot.",1,Positive
"N.B. Liquor won't buy U.S. alcohol, even with tariff delay","As a reminder of the rules of this subreddit, we do not permit negative commentary about all residents of any province, city, or other geography - this is an example of prejudice, and prejudice is not permitted here. we don't need a govt mandate to boycott USA booze     my purchases are a drop in the bucket  your purchases are a drop in the bucket  Doug has a serious drinking issue and funds Michigan  but each drop in the bucket becomes a tsunami of consequences that only Americans must endure. every drop spent on Canadian distillers helps only us     this is how you smack the orange man around  this is how you smack the fascist man around  you take away the demand for their product by choosing something else, and we do have choice.",1,Positive,"This post appears to relate to a province/territory of Canada. As a reminder of the rules of this subreddit, we do not permit negative commentary about all residents of any province, city, or other geography. This is an example of prejudice, and prejudice is not permitted here.",-1,Negative
Trump slaps 25% tariff on steel and aluminum imports,"That's not going to be great for his party in the 2026 midterms, and if he loses both the House and the Senate, that's going to go very poorly for him. Fuck, that month flew by What he has done to the USA in 3 weeks is deplorable, not to forget to mention what he's done to Canada, Every decision he’s made is sinking America What a piece of s   He agreed not to, then on some kind of Bonespur whim, changed his mind. We need to get QC to agree to a pipeline in exchange for AB to agree to cut off or slow oil to the US.",1,Positive,"The average price of a car in the US is going to go up by thousands of dollars because of these tariffs. As someone who campaigned on ending inflation and bringing down prices, he's now going to start his term off with inflation and price increases. If he causes inflation and loses the midterms, it could spell an early end to his second term.",1,Positive
"If Trump tariffs Canada, Trudeau backs ‘dollar-for-dollar’ matching response","Canadians should not and will not back down to cheap tactics like threatening economic takeover of our country ✊🏻  Good to see amongst the divide Canadians can unite on this How about we begin embargoes and boycotts? You know softwood lumber to repeatedly rebuild hurricane alley, cheap fuel, hydro electricity, I’d include water, however, Nestles has bought up enough Canadian water rights that we cannot provide clean drinking water to Canadians unless it comes in a bottle with a Nestle’s label on it. As a monolingual anglophone, I’d happily yield to any language demands Quebec had where reasonable if it meant we could grow markets for all Canadians.   2) Can we improve free trade/travel/work mobility with non-US allies like the EU, commonwealth, and even emerging markets?",1,Positive,The Canadian government is considering retaliatory tariffs against the U.S. for imposing tariffs on Canadian goods. The Canadian government has also announced an emergency act to build up the country's strategic potash reserves. Canada is a sovereign country and will not back down to cheap tactics like threatening economic takeover.,1,Positive
"Canada proposes 100% tariffs on Tesla, I have an alternative: open the door to Chinese EVs","we need to cut those ties for the long term not just Trump's reign as Moron-in-Chief china isn't our friend, better to open the door wider to all allied nations  I’d focus more on European, South Korean and Japanese vehicles. If you have a problem with cheap / better EVs  or just don't believe the claims, then ask yourself why our commonwealth allies in the UK / Australia don't feel the same way? chinese cars are way better and way cheaper **TLDR: We should let Chinese EVs in but force mark-ups so our own shitty automakers don't immediately die, and can compete to get back into shape.**      The amount of Canadians buryin their heads in the sand against Chinese EV is insane.",1,Positive,"A PM candidate for party leadership proposed this, not the Prime Minister, not any cabinet minister. Cheaper Chinese EVs could threaten Ontario’s auto manufacturers. I doubt the government will let that happen. Chinese EVs would help young people get into the car market.",1,Positive
Texas Gov. Greg Abbott backs Trump tariffs — warns Canada to be ‘careful’ about fighting back,"Reminder that Gov Abbot was the moron who was so convinced that Obama was going to invade, conquer and occupy Texas like it was France, and turn it into the first part of the Obamunist Empire, and do it with just 1200 troops, that he partially mobilized the Texas state guard to ""monitor"" the US army. The only reason Canada &amp; Mexico are targeted is because we are the largest trading partners; therefore, the fastest way to grab billions in revenue from tariffs. It is not mentioned in this article, but Abbot gave a thoroughly ridiculous example of Canadians not being able to afford t-shirts if a tariff is placed on cotton from Texas.",1,Positive,Texas governor Greg Abbott says Canada should be 'careful' about fighting back against the US. 'I like how they expect us to just take it. These guys are as big of pieces of shit as the Russians' 'I am more and more convinced that this is a heist. A looting of US citizens',-1,Negative
"'We will win': Carney slams Trump, Poilievre and tariffs during Calgary campaign stop","&gt;Carney described his Alberta upbringing with “prairie values” such as “hard work” and “tolerance”, while criticizing Conservative leader Pierre Poilievre, who he described as a “lifelong politician who worships at the altar of the free market despite never actually having earned a paycheck.”   Whew. **SLAMS!** Oh the Irony of Trump causing another Liberal win in Canada I’m not a single issue voter but fuck I’d be lying if I didn’t say that the gun ban is something that I take into heavy consideration &gt;Carney described his Alberta upbringing with “prairie values” such as “hard work” and “tolerance”, **while criticizing Conservative leader Pierre Poilievre, who he described as a “lifelong politician who worships at the altar of the free market despite never actually having earned a paycheck.”**  If someone manages to find PP wherever he has been hiding these days, please liberally apply the burn cream (no pun intended) What's interesting to me is that PP's main handler, Jenni Byrne, seems paralyzed and incapable of taking back control of the narrative. &gt;He went on to say Canada’s economy “is stronger than the American economy in the medium term.”  Lol, Carney calls Canada's economy strong here while last week he called Canada's economy weak during the Lib debate.",1,Positive,"Carney described his Alberta upbringing with “prairie values” such as “hard work” and “tolerance”, while criticizing Conservative leader Pierre Poilievre. Carney said that, if elected Prime Minister, he would ensure that all proceeds from counter-tariffs go to helping Canadian workers.",1,Positive
‘Today is the big one’: Trump teases new tariffs,"No one is going to look at the US and think of it as a stable business partner for years, and reneging on established agreements--that the current administration negotiated--just shows that no agreement with the US is worth the paper it's printed on. They will come crawling back or they will struggle for their pride.   Long term we have to find other trading partners because obviously the US can no longer be trusted, I think we all acknowledge that, but if we want to calm the tides then we have to be unreasonable because we’re no longer dealing with reasonable people.   It will be short pain for us but we will find other trading partners because other countries like us. Fuck 'em Could everyone just decide to ignore trump, I’m curious what he would do if the international community just stopped paying attention to him  It’s getting to be similar to a toddler tantrum, the more you pay attention the more fuel it gives them to go on, when you ignore them they go back to a somewhat normal state It won't last long before he changes his mind and targets someone or something else.",1,Positive,"""It’s like a fucking game to this child. I stand with Canada,"" writes Canadian writer. ""The poor and working class in the USA are going to be damaged, very very badly"" ""I’m not normally big on nationalism or patriotism and its cousins, but figured I’d support a Canadian franchise company over my regular McDonalds coffee,"" writes writer.",-1,Negative
"Trump Says He’s Doubling Tariffs On Canadian Steel, Aluminum","Along with him stating, ""The artificial line of separation drawn many years ago will finally disappear"" along with reiterating his stance on our sovereignty by saying ""The only thing that makes sense is for Canada to become our cherished Fifty First State.""   How some Canadians can still say that Trump isn't trying to destroy our economy and take us over is baffling, and at this point anyone repeating that line is lost to the Trump cult. Good luck to all USA Ford dealers In 15 minutes he’s going to say he’s raising them to 250% … later this afternoon his financial advisor will say on fox that Canada is calling and promising to do better on buying cybertrucks so he’s pausing the now 350% tariffs … tomorrow he’ll do it all over again. The dumbest part about all of this is that I see all these comments complaining about how ""Canada wants to tax electricity, Canada wants to hurt the US, Canada wants to show Trump who is boss"" etc...",1,Positive,The U.S. is now paying more for steel/aluminum and electricity. 75% of all aluminum used in US based manufacturing is from Canada. The ship is gonna sink. The only question is how fast and how much is the Mango Moron going to take down with it.,-1,Negative
Lindt to supply chocolate to Canada from Europe to sidestep tariff hit,"US chocolate is notoriously bad Canada thanks you Lindt ❤️ 🇨🇦 It’s like in Harry Potter, we need the chocolate to recover from the Dementors Yum! 💪🇨🇦 Lindt chocolate better than US chocolate anyways Well fuck, the first good news I heard today 👏 European lead and cadmium (look up class action) Would love to see lindt comes completely from Europe. I suspect many companies will start doing stuff like this to cut usa out of the picture entirely  trump says the best way to avoid tariffs is to start making stuff in usa  But in reality, the best way to avoid tariffs is to stop selling international products in the usa at all and find new markets Better chocolate, real sugar.",1,Positive,"50% of the company’s chocolates in Canada came from the U.S., and the rest from Europe. ‘We are able to source 100% from Europe,’ Lechner told Reuters. The US has exponentially less leverage than they seem to think they have.",-1,Negative
Trump doubles down on floating Canada as 51st state amid tariff dispute,"If you don’t draw the line this wishful thinking of his and the 51st state will become a reality with troops crossing our border Cut off the power during the Super Bowl. Fuck trump, Fuck his 51st state rhetoric (especially when you know he won’t actually make Canada a state, we would be made a territory, all the obligations of a state with 0 representation) and for any Canadians that support trump, Just move to the U.S already Guys gonna be lucky if he still has 50 states by the end of this year. We need to show that we aren’t intimidated or alone, and we need to wake up the American population to the tangibility of fighting on Canadian soil for the ego of the billionaire class.",1,Positive,"President Trump reiterated his desire to see Canada become part of the United States as he prepared to impose steep tariffs on Canadian goods. “What I’d like to see— Canada become our 51st state,” Trump said in the Oval Office when asked what concessions Canada could offer.",-1,Negative
"Trump says 25% tariffs on Mexican and Canadian imports will start Tuesday, with 'no room' for delay","I get the whole ""This is going to be good in the long run"" but I'm probably going to lose my job because of this and it sucks. Bring it on, you orange turd   🇨🇦 🇲🇽 His big news tomorrow is that they’re pulling out of nato mark my words I’m sure he’ll exempt a few items that the US really needs, in order to minimize the pain to US consumers. Canada should just go ahead and impose it's counter tariffs on the US on Tuesday regardless of what the US does.",1,Positive,The Dow Jones Industrial average just dropped 680 points. The Ontario and BC Premiers should turn the lights off in America. Let’s see what happens when gas prices in Texas go up to 5$ per gallon. Then you’ll see people rioting in the streets.,-1,Negative
70% of Canadians support retaliatory tariffs on United States: poll,"* 81% of respondents said they were **worried that Trump would use economic means, including tariffs and trade sanctions, in an attempt to force Canada into a “much closer and more formal union with the United States.”**  Sébastien Dallaire, Leger’s executive vice-president for Eastern Canada, said there are **“large proportions of Canadians who are** **willing to put money where their mouth is.”**   * 63%  said  they were buying less in stores and 62% saying they were buying less online, 52% said they were buying less through Amazon and 30% of respondents who had a trip planned to the U.S. The only reason not to is because tariffs will hurt the US quite badly, and so doing nothing but let them see the consequences of their choices without any other factors might make it easier to make the case this was entirely stupid. The time for that is after they already facing rising prices and falling profits and people complaining about it, and then go for the tariffs on companies that have, for example, bribed trump for exemptions, businesses that don't have a large number of employees in Canada, that sort of thing.",1,Positive,"We should be charging export tariffs so America can eat the cost instead of us. We ship 4 million barrels a day to US and they screw us for the price. Two pipelines east and 2 west and zero exports to US. Once the first one east gets going will scare the shit out of them. It’s a no brainer, will pay for itself.",1,Positive
‘It’s about time we had genuine free trade within Canada’: Trudeau kicks off summit on tariff threat,"The others that are pushing back, we need either the premier of that province or Feds whomever has the say to force it if it’s not a sustainable or reasonable reason. Why the fuck does it take a trump presidency for our government to actually do something that benefits us  This policy had been on the PPC party platform for at least 2 years in case your wondering which party should ACTUALLY be running the country Talk to Quebec about that. Edit: Just came back to talk about how all this America tariff excitement has ALMOST made me forget about what our current government has done to Canada and how they’re trying to distract from things like the SDTC green billion dollar slush fund, freezing of parliament because they wouldn’t provide unredacted documents to the house, Arrivecan, SNC Lavalin, WE charity, double national deficit(the “investments” probably should have paid off by now), mass immigration(Carney loves century initiative so watch out for that nightmare), I could list more but it’s on Wikipedia, nobody has to dive very deep to find out who’s been messing things up.",1,Positive,All provinces should harmonize their sales tax like Ontario and the Atlantic provinces did with the federal government so that it's one GST/HST report for businesses to file. There are many things that should be harmonized nationally such as building codes and red seals. You should look into the shit show of protections Ontario wine regions have.,1,Positive
"Trump is starting a trade war. If he wants to absorb Canada, what comes next will be worse; Experts say annexing by 'economic force' involves more than just tariffs","we should cancel the f-35 and order other jets, like the rafale, anyway they cost less While Trump destroys his country slowly and pisses off his allies, China quiet waits in the wings for the time to strike and become the primary global superpower. So while annexation is not going to happen in Trumps 2nd term….if the next  President is also a MAGA republican who continues the tarrifs against us…well ya its going to be hard to prevent it from happening over the next decade or 2. But if they keep up economic warfare and it they use disinformation campaigns (like have been used against them)…they can stoke our internal divisions to the point of Constitutional crisis and break up of Canada and America picking up some or all of the pieces.",1,Positive,Only for the second time a country invokes NATO article 5 and it will be against the US by most likely Canada or Denmark. This is quite literally Putin/Xi’s wet dream. The US cannot be trusted to uphold agreements and there is no way they could be counted on to defend NATO.,1,Positive
"Trump tariffs on Canada, Mexico and China begin Saturday, White House says","Time to make US medical patents null and start pumping out generics &gt;in retaliation for “the illegal fentanyl that they have sourced and allowed to distribute into our country.”  Is the US not the ones responsible for letting the fentanyl past their own borders? The part I don’t get is how it’s our responsibility to protect the US border - wouldn’t that be their responsibility to stop things crossing into the US &amp; ours to stop things coming into Canada? “The president will be implementing, tomorrow, a 25 percent tariffs on Mexico, 25 percent tariffs on Canada and a 10 percent tariff on China for the illegal fentanyl that they have sourced and allowed to distribute into our country which has killed **tens of millions** of Americans,” White House Press Secretary Karoline Leavitt said during her Friday briefing.",1,Positive,The Canadian government is threatening a trade war with the U.S. over drug trade. Canada is accused of allowing 43 pounds of fentanyl to enter the US from Canada in 2023. The drug is believed to have been smuggled into the country by Canadians.,1,Positive
"U.S. will lose jobs no matter how high tariffs on Canadian steel and aluminum get, Trudeau says","Aside from the stupidity of tariffs, the years it will take to build smelters, the question of where to get cheap energy to power them and finding someone stupid enough to invest billions into a capital project that could be rendered non-profitable at the stroke of a pen, is the fact that the US only produces 18% of the primary aluminum it uses, and imports all of the rest. When raw inputs and intermediate goods are tariffed manufacturing moves out of the tariffing country closer to the inputs so only the finished good crosses the border and is exposed to the tariff once.   Last time more finished steel products ended up being made in Canada (apparently; I’d love to get hard data on this if anyone has it).   It’s possible we can use the American idiocy against themselves by brining more manufacturing to Canada as a free trading nation on the continent. 40 million US jobs depend on imports so if the tariffs keep escalating it could end with the midterms.  Trump supporters need to suffer, to be ruined and lose everything before they will admit that their hero is a fraud, liar and cheat ,and that business is not there to help them but to use them up..",1,Positive,"America imports over half of their aluminum, and an aluminum foundry isn't something you can just magic into existence overnight. American companies have no choice but to keep importing it, and will just raise prices because of it. I hope Americans are ready for the massive inflation on cars, appliances, soft drinks, beer, and construction materials that Trump is about to cause.",1,Positive
"Trump won't impose tariffs on Canada, other countries right away: reports | CBC News","He says Trump is all about ""The Art Of The Deal"" and that he basically just says extreme things he is going to do but doesn't actually intended to do, so when he actually does something and it's not as extreme he gets what he actually wants, and I'm kindof thinking he may have been right. Couple that with our incoherence on defence and our perceived weaknesses on foreign policy (and immigration), and we are vulnerable …  We need to start to elect politicians who hold sacred the responsibility of Canada and its citizens being safe and secure as the government’s number one priority;  everything else is subordinate …  Okay, stepping down off of my soapbox now … deep breath. Instead it’s “Greenland Canada hurk dur durk he’s just like me!”    God we need a motivated, skilled assassin (just in general, not anything specific…” After the whole tik tok non ban that lasted all of a few hours I'm starting to think Trump just let all these insane radical ideas build up so that when he does absolutely nothing it makes him look like a good guy to the Muppets who have the memory of a goldfish He's going to use it as a threat for months, why actualize it right away?",1,Positive,The only way he can impose these tariffs (without Congress' permission) is to declare Canada a security threat. This sounds like 1D chess to me. So I'm still going to avoid buying American made as much as possible while actively looking or Canadian alternatives. Highly doubt this is over.,-1,Negative
‘Enough is enough’: Trump tariffs inspire economic patriotism in Canada,"There is *no* reason an Albertan microbrewer should find it easier to sell to the USA than to Quebec ""And in those few minutes, I witnessed the birth of a nation"" Canadian General A. I am currently a soldier in the Canadian Armed Forces, and it's fucking wild to me that after 24 years of service, there is a non-zero chance that the first person that I shoot to kill will be an american. Hopefully this gets the government to lower restrictions so companies can start up and be successful in those country instead of having to go to the USA for better opportunity Cancelled my planned trip to u.s.a....",1,Positive,"A new wave of economic nationalism has swept across Canada as Donald Trump’s tariffs inspire anger but also a patriotic campaign to “Buy Canadian” “Made in Canada” signs have popped up in grocery stores, lists of Canadian alternatives to US products are being circulated and comedians are devoting skits on national television to how best to avoid American consumer goods.",-1,Negative
"Trump will not impose 50% Canadian steel, aluminum tariffs tomorrow, says top trade advisor","[In a statement issued with Lutnick and posted on X](https://x.com/fordnation/status/1899531171622522925), Ford said he and Lutnick would now be meeting Thursday alongside the United States Trade Representative to discuss a renewal of the U.S.-Mexico-Canada free trade act ahead of Trump's self-imposed April 2 ""reciprocal tariff deadline.""  ""In response, Ontario agreed to suspend its 25 per cent surcharge on exports of electricity to Michigan, New York and Minnesota,"" Ford said. Asked if he would lower them, he said “probably so.”  ""I’ll let you know"" if 50% tariffs on Canada are going into effect, he said.""  [https://www.nbcnews.com/business/economy/trump-canada-doubles-tariffs-national-emergency-electricity-rcna195810](https://www.nbcnews.com/business/economy/trump-canada-doubles-tariffs-national-emergency-electricity-rcna195810) Split personality disorder on a national level. Okay well, I look forward to him changing his mind again in two hours, and then again tomorrow morning when get gets the grumpies before lunch, and then again when he calms down after lunch, because he's a fucking toddler and it's insane that we're all beholden to the whims of a child having a tantrum.",1,Positive,"Ontario Premier Doug Ford said he had agreed to suspend a 25% surcharge on electricity imports into the U.S. ""But we all bought the dip,"" the advisor continued. It's fucking impossible to keep track of this shit Nobody should believe a word from Tangerine Palpatine.",1,Positive
"Canada 'will stand up to a bully', says PM contender Carney over Trump tariffs","I lived in Alberta for twenty years, in a boomtown, and went through the rough times there when the shitshow of 2008 happened and as bad as it got I was always surprised it wasn't as bad as it was elsewhere in the world. Now knowing he was in charge of the BoC during that period and apparently guided us through that briar patch he's the only person that doesn't make me want to give up completely and I don't give a red hot fuck what colour of pants he's wearing, red, blue, orange I don't give a shit I'll vote along the lines of that party. To protect the ""NATIONAL SECURITY"" of Canada, Canada will expropriate patents OR compulsorily license these patents of Johnson and Johnson, Merck, Pfizer, AbbVie, Abbott, Eli Lilly, Amgen, and GE Healthcare (insert other USA Pharma Companies), and allow Canadian Manufacturers to freely manufacture these medications in Canada, while paying a nominal royalty to the US pharma companies.",1,Positive,"I'm feeling good about Carney. I really believe we have to vote to keep PP out. Like for all that is great in Canada, PP will kiss the ring of Trump and lady Elon. Let's see which Canadian politicians have the backbone to respond appropriately to any tariffs.",1,Positive
"Trump says Canada tariffs coming Saturday, ‘may not’ include oil","We love our neighbors to the north (and thank you for hockey- Let's go Flyers) - He will do whatever he has to to cause chaos in Canada. Buy Canadian, and feel good about yourself today!” Because if the tariffs include oil, the price of gasoline, diesel and heating oil pricing will immediately increase in the US. If there is no 25% on oil, Canada should put a 25% surcharge on it and use it to help the pain from other exports that do have the tariff.",1,Positive,"""We should require Navcanada to impose a 100% surcharge on any US flight transiting Canadian airspace"" ""We can't bow down to him or it will never end"" ""He's a big bully and only responds to being pushed back. Diplomacy does not with him""",1,Positive
"Mario Canseco: Trump tariffs spark Canadian backlash—and a shift in political winds;  Polling shows strong Trudeau performance, while Poilievre struggles to define his stance amid rising economic tensions","There are too many similarities between what PP wants and what Trump wants  Poilievre wants to defund the CBC/Trump is going after PBS and NPR in the US  Poilievre wants to give US access to the Canadian banking, telecom and air industry/Trump wants access to everything  The whole transgender issue. You’re telling me the politician that’s done nothing but attack the liberal party, and waited a couple of days after each massive event to actually say something of substance, fell short and had literally nothing of substance to say while also attacking Canada while the rest of us are uniting over a common issue? This is your friendly reminder that Trudeau knows how to deal with Trump and set the example for the other world leaders on how to manage him during his last presidency.  We picked a horrible time to get him to step down.",1,Positive,"The Cons need to come out clearly against Trump and for Canada, but they are hedging because they’re worried about alienating certain portions of their party. Poilievre basically had a guaranteed victory in the next election, but his response towards the current tariffs fiasco have left a lot to be desired. He stumbled on so many words, sounded scared and insecure.",1,Positive
Poilievre looking forward to blaming Trudeau for economic effects of Trump's tariffs,"[deleted] I tended bar for years, and I can say with 100% confidence that Pierre Poillevre is the embodiment of the guy that shows up to a local bar, can’t relate to anyone, needs to insert himself in to other discussions, explaining why they don’t get it, and after maybe 30 minutes, everyone is tired of this asshole, and is actively arguing with or ready to fight him. Hoping his cabinet can have that discussion further.  lol well if the person in power chooses to do nothing once again then yeah he's to blame I know this is satire, but to be fair:  If Trudeau is too stupid or weak (or both) to be able to fight back, then he deserves the blame. Edit: Here they are, full force cope, downvoting, panties in a twist 😂 I don't know what's worse:  That you can't really be sure if this is satire or not, or the fact the Beaverton was beat to the punch by Danielle Smith actually doing it already.",1,Positive,"Satire posts are popular we understand that not everyone enjoys them. If you wish not to see them please use the filter on the sidebar or set your own filters to block satire content or websites. Filter out Satire - Filtrer Satire: https://st.reddit.com/r/canada *I am a bot, and this action was performed automatically.",-1,Negative
Trump says he is 'probably so' going to reduce Canada tariffs,"As long as we maintain a hard stance and keep being stubborn, the US will always have more to lose due to their more advanced economy (we'll still hurt like shit, but they're going to hurt a magnitude higher). Then his adderall prescription will get refilled and next week it'll be ""CANADA MUST BOW TO ME OR I WILL OUTLAW SYRUP."" Ape is going to Ape This is what he is doing in the US. I’m thinking we should start randomly switching their power on and off at random times and say that’s just what we felt like doing today and we don’t care what it does to their electricity network.",1,Positive,"The US produces 16% of the Aluminium it needs and imports the rest, with the majority of it from Canada. Trump was practically declaring war on Canada this morning in his rabid truth social post, and now he's backing off on tariffs yet again.",1,Positive
Tariff war: Cross-border shoppers hit with 25% surtax on U.S. purchases when re-entering Canada,"This means on a USD100 dollars of Trader Joes you’ll pay:  13% HST on the Canadian dollar amount Plus 25% surcharge  Plus 13% HST on the actual surcharge  So at today’s exchange rate you’re looking at 60 dollars Canadian for every 100 USD spent on American goods. What happens if you drive into the US to meet non-American relatives also visiting the US (their tickets are non-refundable, at least it's to a blue state), and they give your kids a gift from their home country (clothes, toys)? Unfortunately this sh\_tshow in the US is just getting started, and Trump is just a symptom, plus we don't have a Democracy anymore so this antagonistic attitude towards Canada for no good reason (politicians deflecting from their failures) will only continue as things worsen in the US.",1,Positive,"Not a single Canadian should be crossing border to go shopping. It should be 100% surcharge given the situation. Have some patriotism for your country and stop buying American products. The article is wrong. The tariff does not apply to every good, only the goods listed on the surtax order.",-1,Negative
Donald Trump doubles down on threat to slap tariffs on Canada as British PM declines to stand up for Canada,"Anyway, while we shouldn’t jump to conclusions since it’s possible Starmer just didn’t meet the moment this time or sees no benefit in taking this kind of thing seriously at this point, it will do us good to take a stoic attitude about it and be proud to have some considerable economic and other means at our disposal by ourselves. If he brings down the world economy cause he thinks the US is going to get paid 25% on imports from the exporting country, he will go down as the most unfit leader in the history of the world….if he already isn’t Anyone else ready for the tariffs? He literally said you were trying to find a divide between us and Canada that doesn’t exist and we are closest of the nations We don’t need them to stand up for us but it would be nice to hear them speak out in solidarity.",1,Positive,It's time to get serious and realize no one is riding to our rescue. It's up to us. It definitely has been eerily quiet from Europe while our democracy is under attack. I think the Europeans think laying low will save them. Canada has been there for a ton of countries without asking for anything in return.,1,Positive
Trudeau says Canada to impose 100% tariff on Chinese EVs | Reuters,"And while we are talking about cars, we should also allow both US standard and EU standard vehicles to be sold in Canada so we can have better access to smaller vehicles that don't sell well in the USA. ""We need a carbon tax to make ICE vehicles more expensive to operate and comparable to EVs until we can cheaply produce EVs.""  Now that the Chinese can produce cheap EVs we need to tax them because they are too cheap. Interesting to call back to this article and the comment section from just 2 weeks ago when Poilievre called for tariffs  https://www.reddit.com/r/canada/comments/1eoqlfk/poilievre_calls_for_tariffs_on_chinesemade_evs/  The overwhelming sentiment was anti-Poilievre and the idea of tariffs.",1,Positive,"This is to align with the US 100% tariff on EVs. Once the US imposed that, manufacturers started dumping EVs into Canada. China is miles ahead of the EV game and their basic EV cars would be considered luxury vehicles here. Such lack of imagination! Why didn't he turn the table and tell the Chinese to build their cars and batteries in Canada if they want to sell them here.",-1,Negative
Canada vs Elon Musk: Targeting the world's richest man has its risks and rewards - Tariff war puts Donald Trump's efficiency czar in Canada's crosshairs,"Maybe it’s after the Berlin Wall came down, before Desert Storm, things aren’t fantastic but steps are being made in the world, and it’s not scary for a lot of ppl - it’s so so on a Tuesday. But I don't think rural Canada can do without Starlink.  Always remember the quote by ""former US Secretary of State, Henry Kissinger""  ""**it may be dangerous to be America's enemy, but to be America's friend is fatal**,  Don't hug them; they will bite you. We have to have the will in politics to kneecap billionaires and redistribute a major portion of their wealth to benefit all of society instead of a very small group of wealthy elite!",1,Positive,"The real risk is doing nothing. They’re uniting us. I hope our federal government, regardless of which party wins, has the balls to stand up to these nazis. “Efficiency czar” is an interesting way to spell “puppet master” The same Elon musk that endorsed Pierre? I’m not an expert, but it’s my opinion that if Musk and Trump want Pierre in power, we definitely do not.",-1,Negative
'We will not budge': Ford says 1-month delay on auto tariffs not good enough,"The only reason the 1 month exists is for the US car companies to confirm to trump  that they're going to open plants in the states. With the giver at a federal level is such disarray, it’s awesome to see the premiers step up for the good of the country as a united front. Lets not just sing a song about how great we are as Canadians but instead for the first time since WW11, stand together as Canadians, (not provincial residents) from coast to coast, halt or modify our exports to the USA, stop buying products from the USA and those that have monies to share, help your fellow Canadians.",1,Positive,The Ontario auto industry is massive and it's gotta be tempting for Ford to bend. The supply chain with automakers has existed for at least a couple decades if not longer. Canada is best off cutting some of our reliance on USA. Trump unlocked a fury inside a peaceful nation that will not quell so easily.,1,Positive
Vancouver Canucks fans boo U.S. national anthem following Trump tariffs,"Good This will sound stupid but I’m an American and I truly want the USA to brutally lose this trade war and hopefully cause a massive government upheaval/revolution/whatever. As an American I applaud you for doing this 🤝 I truly wish that the various arenas stop projecting all the shimmering stars and stripes and American flags around the bowls of the various arenas. You want to start a street fight with me bring it on but you're gonna be surprised by how ugly it gets, you don't even know my real name- I'm the f***ing lizard king!",1,Positive,"So far, Vancouver have booed the loudest it seems. But man, I feel like Montreal are likely to really show everyone else how to do it. When your closest friend stabs you in the back, do you turn around and give them a hug? Standing and showing respect during a national anthem isn’t a law.",1,Positive
Canada threatens ‘single largest trade blow’ to U.S. if Trump follows through on tariffs,"To everyone saying it’s not in our best interest to start a trade war with America, you need to understand that they escalated this scenario and we are just reacting. And whatever you do, don't quote that and post it everywhere so that we make sure Google results for her name are forever glued to the word ""Traitor"" until the end of time. There are lots of procurements that are sole sourced to US vendors on questionable grounds (e.g., we have to buy this to be interoperable with our allies"" or even just vague claims that xyz is the bet product.",1,Positive,This story isn’t even making the news in the US. 99% of Americans have no idea that there’s some sort of trade dispute between the US and Canada. The US imports a large number of eggs from Canada. So any trade war is likely to raise egg prices.,-1,Negative
"Trump says Mexico, Canada tariffs will start March 4, plus additional 10% on China","Trudeau on Twitter: SO DONALD SAID HE WAS GONNA LAY DOWN SOME TARIFFS, AND I SENT HIM A PICTURE OF A CARTON OF EGGS, AND HE SAID 'WHY ARE YOU SENDING ME A PICTURE OF A CARTON OF EGGS' AND I SAID 'YOU'RE GONNA HAVE TO FIGURE THAT ONE OUT DONALD' Every time the media publishes Trump’s “illicit drugs from Canada” line without challenging it on the basis that  a) the official numbers are basically zero,  b) the officials who published the official numbers have acknowledged that they are inflated by 50% because of a big drug bust mistakenly attributed to Canada  c) there are way more drugs (and guns) going the other way and  d) it’s not Canada’s job to police the US border anyway  It amounts to journalistic malpractice There'll be an 11th-hour deal reached on Monday. I cant take this shit everyday What will piss me off even more is that if the US economy crashes due to all these tariffs on Canada, Mexico, China and the EU (and it will) he’ll remove them and be hailed as a fucking hero. “We cannot allow this scourge to continue to harm the USA, and therefore, until it stops, or is seriously limited, the proposed TARIFFS scheduled to go into effect on MARCH FOURTH will, indeed, go into effect, as scheduled,”  The guy is a moron.",1,Positive,"""I'd rather we get tarrifed at this point so it'll force our leaders to get off their ass and find alternative trade partners"" ""I can't believe how many idiotic Canadians thought this was actually about fentanyl. Respond with an extra 25%+ fee on electricity and anything else we want"" ""This guy is a clown""",1,Positive
Canada to divert aluminum to Europe in response to Trump tariffs - National | Globalnews.ca,"They are the only country I’ve ever heard of that has their citizens pay for health insurance where any life condition can bankrupt them and then allows those same citizens to get taken advantage of by companies that use AI to reject the majority of cases wrongfully. [https://natural-resources.canada.ca/energy/energy-sources-distribution/natural-gas/canadian-liquified-natural-gas-projects/5683](https://natural-resources.canada.ca/energy/energy-sources-distribution/natural-gas/canadian-liquified-natural-gas-projects/5683)  Feds 'not interested' in investing in LNG facilities: energy minister  [https://www.ctvnews.ca/politics/article/feds-not-interested-in-investing-in-lng-facilities-energy-minister/](https://www.ctvnews.ca/politics/article/feds-not-interested-in-investing-in-lng-facilities-energy-minister/) Are they still going to do this with the tariffs paused? Good, now figure out how to get oil to the rest of the world without having to through the US Just gonna repeat that we should also start pronouncing and spelling it ""aluminium"" First stepping stone to fully distance ourselves from the US entirely This is the proudest I’ve been been in my country.",1,Positive,The EU should quickly sign a free trade agreement with Canada. The US simply does not have enough domestic aluminum production to meet domestic demand. We can solve the US trade deficit with Canada in a day. Just stop all oil and gas sales to the US and they can enjoy their $80 billion goods and services surplus.,-1,Negative
NDP wants tariffs on Teslas and a $10K made-in-Canada EV rebate,"Those Chinese evs are popular and a hell of allot cheaper, maybe we could lift the 100percent on these and place a 100percent on Tesla. You can do a moderate incentive to get people to buy canadian or ev's but you should be aware that it is 100% a subsidy for the upper middle class paid for by everyone else. I'm always surprised to hear the guys on the floor championing the Cons when it's the Cons who are actively Anti-Union in favour of American corporate needs.",1,Positive,"There shouldn't be any government rebates for EVs. People that can't afford an EV should not be subsidizing wealthy people that can. Those Chinese evs are popular and a hell of allot cheaper, maybe we could lift the 100 percent on these and place a 100percent on Tesla. They really do not care about the deficit. Scary to think what next years deficit will be.",-1,Negative
"Alberta won’t support feds plan to deal with Trump tariffs, Smith says","They use to be boring and normal, but now I can’t support these clowns anymore since the parties united into these wild rose wackos Listening to Ford I can't help but think of that napoleon quote:  &gt;“I found the crown in the gutter. Im certain if push came to shove in a referendum and all the details were layed out, Albertans would chose Canada So when she was at Mar Lago what did she on behalf of Abertans concede to Trump to avoid Tariffs in Alberta oil? The data shows that the majority of us do not support Quisling Smiths position of appeasement at all costs, support for Trump nor joining the US Is Quebec going to stop all electricity exports to the US?",1,Positive,Alberta Premier Marlaina Smith is effectively a traitor at this point. Smith is on vacation in the US and her first order of business after her vacation is to go to Washington. I would hope that someone is investigating her financial dealings because she very much seems like she might be compromised.,-1,Negative
Trump’s Tariffs May Do the Impossible: Make Quebec Love Canada,"I understand the first feeling most Canadians may have about Quebecers is that they don’t care, never did, and just want to split from Canada: the Quebec Bloc is there to promote Quebec’s interests in Ottawa, and we have two political parties that advocate for Quebec’s sovereignty at the provincial level. We prefer Canada to the US by a fuckin wide margin but I think it's delusional to think the problems we have with Canada for the past 150 years will suddenly disappear.    Nuance is your friend Quebeker here , ive never hated Canada and idk anyone who badly talk about our country. It would take a major shift in the way either the rest of the country taxes income to the way Quebec does, or Quebec to change to the way the rest of the country does.",1,Positive,"Quebecers voted twice to not split from Canada during two referendums in 1980 and 1995. Right before Trump’s second mandate and the quick growth of a new nationalism sentiment across Canada, the polls for splitting from canada were around 40% in favor. The majority of Quebecers love Canada and the country we are.",1,Positive
"Canada slaps electricity tariffs on New York, Minnesota, Michigan","The brain rot and wash is so real there  Since the electricity is a provincial commodity, it isn’t actually “Canada” that is putting the surcharge on electricity. I still believe Trump is purposely suppressing the stock markets to line his and his cronies pockets when the market has tanked, buy a ton and then he says ""Okay, no more tarrifss."" Up goes the market, making trillionaires out of billionaires. Tariffs are on hold (for now) maybe ford is just kicking the nest needlessly (trump deserves it…but do the fishermen and loggers and manufacturers in other provinces if trump comes down extremely hard because of this) Travel visas next Just to break it down to some folks, what’s is happening is that the Ontario government is charging a Canadian power company 25% surcharge on electricity going to the USA hoping that the Canadian company offsets that to their consumers which will be the USA, now the big gamble happens when the USA argues breach of contract which they will definitely do true or not, and will not pay it due to the court battle that will ensue, now the company holding the bag is the Canadian company and they could either cut of power completely or you can expect a large amount of layoffs, feels bad for the company thou, caught between a rock and a hard place Bitch slap that tarriff Now Quebec should do the same but Legault has been way more hesitant than Ford I feel bad for ny and mn since they’re blue states Yikes Cut them off I know NY votes Democrat but once the Electricity crosses the border it’s America’s decision where it goes No Ontario did,  common east coast and Alberta,  don’t make us Ontario people who dislike ford do something on his own that we approve of lol.",1,Positive,"Only one province, of the three that supplies US markets, is taking on Trump’s economic terrorism tariff tactics. These aren’t tariffs, these are surcharges. The US will have to pay them not Canadians. Trump is purposely suppressing the stock markets to line his and his cronies pockets when the market has tanked.",-1,Negative
CBSA says it’s unclear what more Canada can offer to the U.S. to avoid tariffs,"It's becoming clear the only thing trump will accept is Canada becoming the 51st state  Which is never, ever, ever going to happen  The claims that trump are making about illegal immigrants and fentanyl are nonsense Hard to be clear on anything when The goal posts keep moving and the original reason was base on a made up lie Also, it's THEIR FUCKING BORDER that is weak. &gt;The head of the Canada Border Services Agency says it’s not clear what more Canada could offer to the United States to once again avoid the imposition of punishing tariffs on Tuesday, even as a senior U.S. There's nothing you guys can do that will satisfy him because the end game was never about 'fair trade'.  It has been pretty obvious for a while that Trump's complaints about fentanyl at the border were just a ruse so he could use national security provisions to implement his tariffs by executive order instead of having to pass them through Congress.",1,Positive,The head of the Canada Border Services Agency says it’s not clear what more Canada could offer to the United States to once again avoid the imposition of punishing tariffs on Tuesday. A senior U.S. Cabinet member said Sunday that Canada has “done a reasonable job” of securing the border.,1,Positive
"Canada to announce C$29.8 billion in retaliatory tariffs on US, official says","President Donald Trump's steel and aluminum tariffs, a Canadian official said.*  *The official declined to be named.*  *Trump's increased tariffs on steel and aluminum imports took effect on Wednesday as prior exemptions, duty free quotas and product exclusions expired, and as his campaign to reorder global trade norms in favor of the U.S. gains momentum.*  *Canada is the biggest foreign supplier of steel and aluminum to the United States.*  *The escalation of the U.S.-Canada trade war occurred as Prime Minister Justin Trudeau prepared to hand over power this week to his successor Mark Carney, who won the leadership race of the ruling Liberals on Sunday.*  *On Monday, Carney said he could not speak with Trump until he was sworn in as prime minister. Lets reconvene in the summer, or *after* the summer when some horrible terrorism happens in the US thanks to Trump doubling down about Gaza, and drawing the ire of the entire Arab world some more.",1,Positive,"Canada will announce C$29.8 bln in retaliatory tariffs on the United States on Wednesday in response to U.S. President Donald Trump's steel and aluminum tariffs, a Canadian official said. Trump again on social media said he wanted Canada ""to become our cherished Fifty First State""",1,Positive
"Canadian Travel to US Plummets Amid Tariff, Statehood Threats","No paywall: https://archive.ph/Vyqm7 Kids are off for March Break.  We had sons soccer team pre season meeting this weekend.  Normally, you'd expect half the players and families to be gone for March break.  This year every player was there.  I dont know anyone travelling south rn.     I think its more than a blip 🇨🇦💪 I had to go to Ohio for work last week. I’m going in a few weeks for two reasons: 1) it’s non-refundable and 2) this is a trip I planned with my mom who is getting older and showing early signs of Alzheimer’s which runs in the family, so I’m taking every opportunity to travel with her while I can. So many of the Americans are coping by saying it frees up space, which is delusional because once their state recognizes that the tourist industry is shot, the cost of everything local is going to increase.   It’s as delusional as some republican officials telling their base that the recession is good for the middle class, because growing pains need to be endured  to make the middle class great again.",1,Positive,"Many Canadians already had their vacation bought and paid for before this nonsense started, so they were not in a position to walk away from the money already spent. Meanwhile, Montreal hotels are already booked for the summer with American tourists. Stop calling it ""statehood threats"" because that's American propaganda. It's an annexation threat. Also, 0% chance Canada becomes a state.",-1,Negative
‘There is no halfway’: Premier Ford says Ontario’s measures will remain in place until U.S. lifts tariffs,"Will you be there for Canada?” I did not vote for him but I respect the hell out of the fact that my provincial and federal leaders are in lockstep responding to this. I don't like a lot of Ford's actions but at least he's sticking to his principles and has the ability to see the poison. At this rate I wouldn't be surprised is he ends up being the leader of the conservative party by october The Burgerlanders are gonna pull the same shit again in a few months, they cannot be trusted.",1,Positive,"Canada doesn't start wars but we sure don't back down when in one! Elbows up! United we stand! so proud of Canada. We need an ad buy in the US that shows roll of Canadian troops next to Americans in Afghanistan, NORAD, Gander on 9/11 etc.",-1,Negative
"Premier announces immediate response, vows to defend B.C. against Trump tariffs","BC and the Federal govt need to rapidly complete the LNG project in Kitimat, BC, as well as work with Alberta to upgrade crude and pipeline it to a port in BC. should be easy to find a sweeter deal we've been essentially giving away the majority of our resources to them  we'll probably become a super power almost over night if we start cutting deals that actually turn a profit Fuck the politicians, don't buy Anerican products. I can only assume BC doesn’t want to mess up its own relationship with California but while blue states may not have voted for this it’s their problem and frankly a lot of the business leaders in blue states probably did vote for this.",1,Positive,Nova Scotia is removing all US alcohol from shelves. Supporting the US is supporting Trump. No american should be able to get a hunting or fishing license in Canada. This is a wake up call for Canada that it must rapidly work towards creating a competitive economy based on it's unique geographic advantages.,-1,Negative
"LILLEY: Trump's threats on Canada's economy simply won't stop - He threatens tariffs, says Keystone XL should come back and then says America doesn't need Canadian oil at all.","We will be a US territory.    Let me preface this by saying this is the very last goddamn thing in the world that I want.    That being said, I fear it's inevitability.    Some will say I'm overreacting, and maybe I am but I don't think so.    The US will be a full on dictatorship by the end of this year.  Trump is replacing everyone in the justice department and armed forces who will argue about doing anything. The US wants our oil but most importantly, our water.  There are great swatches of the Western US in states of perpetual drought already, and it'll only get worse.    Trump does not make jokes, I honestly don't think he's capable of it, so when he says he wants us as a state, the party I think is untrue is the state part.  We would not be an equal state, they would make us a territory, like Puerto Rico, so they can mistreat us and do whatever the fuck the want and we have no recourse.  Though in a dictatorship they'll just install a puppet governor anyways (PP might be more than willing to obey, not that resisting will make any difference).    I don't know if it will be a military invasion, more likely an economic siege, at least mostly.     I'm scared for my and my family's livelihoods and frankly as a somewhat outspoken critic, our safety.     Am I wrong? Please be specific if I am, cause ""that'll never happen"" is what they've been saying about him for 10 years now, and everyone is always fucking wrong about it.  He is a stupid , selfish , grifting, lying man that will back out of all promises and as we see in Canada he is not afraid to stab his best friend and next door neighbor in the back.",1,Positive,"Brian Lilley says he doesn't think we should care about Trump in general. He says he is the kind of guy that if he has leverage he is going to use it to exploit people. Lilley: ""This is what happens when people let a deranged sociopath and convicted rapist run a nation""",1,Positive
Where are our friends in Canada’s fight against Trump’s tariffs?,"But Canada’s laggard contribution to global safety and security may factor in, too; that is, its sclerotic defence procurement and failure to meet NATO spending targets (and until recently, even to have a plan to meet those targets), its derelict peacekeeping contributions, its delayed material contributions to the war in Ukraine, its inertia on Arctic sovereignty, and so on. The U.S., the EU and others supported Australia’s complaint at the World Trade Organization, at the “Quad” summit (the coalition between Australia, Japan, India and the U.S.) and some leaders, including then-Japanese prime minister Shinzo Abe, spoke out publicly while pursuing closer economic ties with Australia. It’s true that Canada has lagged behind in multiple areas but this is a huge thing: &gt;Principally, however, it may be that no one quite knows how to position themselves in what is a fundamental upending of the international order.   The Danes have wholeheartedly backed the U.S.",1,Positive,"The EU has made overtures for trade agreements. Some in the EU are fielding the idea of Canada becoming a member. Australia has also made signs they are interested in opening up more trade. China will use us for their own ends, but very likely they would be happy to back us just to spite the US and by association, Russia.",1,Positive
Here's what would happen if Canada joined the European Union;  The idea of Canada joining the EU has got renewed attention after U.S. President Donald Trump threatened the country with high tariffs,"The 5 eyes need to make it more than information sharing and move to a full trade and shipping lane protection partnership Free trade and movement with the EU before the UK is wild Some people don't realize this, but a country can be part of the Schengen area or European Economic Area (EEA) without being in the EU. Country 2023 Tourists 1 Canada 20,514,314 30.86% 2 Mexico 14,499,093 21.81% 3 United Kingdom 3,897,534 5.86% 4 Germany 1,838,481 2.77% 5 India 1,762,369 2.65% 6 Brazil 1,624,719 2.44% 7 South Korea 1,600,400 2.41% 8 France 1,592,934 2.40% 9 Japan 1,518,522 2.28% 10 China 1,078,056 1.62% Worldwide Total 66,481,888 Canadians don't want to give up any sovereignty to the USA, but they want to give up their sovereignty to the EU, and be controlled by the European Parliament? After, there were some vague points about it being a long process, and we'd have to change our currency (even though some other countries haven't adopted the Euro), and how the death penalty woild not be allowed (even though we don't have the death penalty).",1,Positive,"A country can be part of the Schengen area or European Economic Area (EEA) without being in the EU. British, Australia, New Zealand, Japan, and Canada. The 5 eyes need to make it more than information sharing and move to a full trade and shipping lane protection partnership.",1,Positive
Trump to pause promised tariffs for 30 days after speaking with Trudeau | CBC News,"Even if you don't live in the same provinces or territory, even if we don't share the same language, even if we don't share the same political belief.,  He's shown us that despite all of this, we have far more in common with ourselves than with him, and for that... Trump is going to claim victory in a month that both Canada and Mexico boosted their border security for the US at no cost to the American citizen. Serious question , I don’t under.  March 1st was always the date then I guess Damage is done, i will not revert to US products, and all my US accounts are gone (except Reddit for now).",1,Positive,"""I'm sticking to the Buy Canadian motto anyway. Keep buying Canadian, keep divesting from the US. Damage has been done, time for us to look at other trading partners ASAP and bring back local manufacturing"" ""As a Canadian citizen who’s lived my whole adult life in the USA, I'm so proud of you guys""",-1,Negative
"U.S. governors push back against Trump’s 51st state threat, but are divided on tariffs","They genuinely believe crushing a smaller economy and strong arming them into an unfair deal is ""fair for the US."" I get this is politics, and you try to do the best for your country so your people can prosper, but they are completely underestimating the value of Canada being a close friend and ally. - Quebec, Quebec, Quebec, Quebec  What should also be noted is that the circumstances to make an entire country (a visible and well known one) into a ""territory"", one specifically WITHOUT equal rights, is not the same today as it was in the past. Some random American company can't just point guns at Hydroquebec and say ""You don't own the James Bay hydropower dam anymore!"" (Despite treaties with its indigenous peoples which will also be publicized on social media, who are owed money for that river...)  This isn't a country at the other side of the world.",1,Positive,"""We don't support annexing you, we're just going to try to crush your currency, good buddy. "" I get this is politics, and you try to do the best for your country so your people can prosper. But they are completely underestimating the value of Canada being a close friend and ally.",-1,Negative
Trump says 25% tariffs on Mexico and Canada may not include oil: 'Oil is going to have nothing to do with it as far as I’m concerned',"Use the money collected to offset the increased cost of gas in Canada (for oil that goes to the US to be refined and then imported back to Canada) Hell no. “I hate the deficit but I will exclude the one thing that causes the deficit”   I want to smash my face in my keyboard as I type this Someone finally explained to him the Canadian and Mexican oil tariffs would cause US gas prices and heating costs to skyrocket. Weird, I thought he said they had lots and didn't need us Then we should bump up the price 25% I will never forget how Olaf Sholtz came with his  hat in hand asking Canada for gas and Trudeau said ""we can't help you."" If it's not betraying Canadian interests , then I don't know what is.",1,Positive,"The U.S. has a trade surplus with Canada, according to economic data. Canada should slap on an export tariff on oil - which will be removed once the import tariffs are removed by the US. Use the money collected to offset the increased cost of gas in Canada (for oil that goes to the US to be refined and then imported back to Canada) Hell no. If the orange buffoon goes through with it, export tariffs on oil, potash, and electricity.",1,Positive
Trump is already talking about different reasons for threatening tariffs again in weeks,,-1,Negative,,1,Positive
Ontario Premier Doug Ford threatens to cut off energy to U.S. in response to Trump's tariffs,,-1,Negative,,1,Positive
Read the transcript of Trudeau’s response to U.S. tariffs on Canada,,-1,Negative,,1,Positive
"Trump could scale back Canada, Mexico tariffs Wednesday, Lutnick says","Maybe unpopular, but there's a part of me that wants the government to just be like: ""Nah, let's talk again in a few weeks""     Just let the tariffs ride for awhile, really make them sweat. “Both the Mexicans and the Canadians are on the phone with me all day today, trying to show that they’ll do better,” Lutnick said Tuesday afternoon. keep the tariffs on both sides until Trump learns what a deal is and sticks with it &gt;While the Cabinet secretary did not specify what Trump would agree to, he suggested the U.S.",1,Positive,"""I will not be buying American products for a very long time"" ""We’re literally making deals with the devil at this point. Until his next psychotic episode? Do what you must, but don’t expect us to follow"" ""This regime sends more mixed signals than my ex""",-1,Negative
