title,reddit_url,external_url,comments_text
‘Only Works as a State’: Trump Vows Not ‘To Bend’ On Tariffs Until Canada Is Absorbed Into The U.S.,https://www.reddit.com/r/canada/comments/1jaib2x/only_works_as_a_state_trump_vows_not_to_bend_on/,https://www.mediaite.com/news/only-works-as-a-state-trump-vows-not-to-bend-on-tariffs-until-canada-is-absorbed-into-the-u-s/,"""we don't need their energy"", but as soon as there was a 25% surcharge, it was a national emergency... Yeah OK then.
&gt; Canada only works as a state. It doesn’t. We don’t need anything. They have as a state. It would be one of the great states anywhere.




Yea, because what I want is a President that doesn't know how sentences work.




Take off hoser.
In the same press conference he was also threatening to annex Greenland, while sitting next to the General Secretary of NATO, Mark Rutte.

Pretty disappointed that Rutte could not even come up with a crumb of push back while Trump was threatening to annex two members of NATO.
Grandpa needs to be put back into the senior home.
I thought it was supposed to be about fentanyl?  /s
Republicans have really done it this time.  Have never hated a human being so much.  He talks in abuser language
So this is legit a hostile takeover threat from a foreign nation? When are we going to start treating it as such? This is inching very close to a declaration of war
The World would collectively be a much better place, without Trump,Putin, and Elon,  so tired of this 51st state crap,
“It’s so perfect as a great and cherished state. Keeping, ‘Oh, Canada,’ the national anthem, I love it. I think it’s great. Keep it. But it’ll be for the state. One of our greatest states, maybe our greatest state.“

Maybe the greatest? Oh well jeez thanks pal, I’m sure we’re all really honoured…
Also, Reuters ""Trump expresses confidence that US will annex Greenland""    and Republicans always said it would Be Kamala that would start WW3
Canada will be forever, Trump will be gone or 6 feet below in a few years
It's a shame that kid missed ngl.
Watching a guy on BNN..he said we should cut off aluminum completely, add export taxes and many other things so AMERICANS pay the brunt of the pain and not CANADIANS!

Fk Trump, this is fkn war!
[removed]
Today’s rambling by Mr. ego gone wild.
[removed]
It's all well and good for both the Liberals and the Cons to beat their chests and scream ""elbows up,"" but it feels like we are rapidly approaching a point at which Canadians are going to get (really) serious about national sovereignty, or we are going to be absorbed. 



There can't be any lazy drift towards a 2% defense commitment, we need a radical military overhaul now, if only to signal that we are dead serious about defending ourselves. Similarily, we are going to need to grow up very rapidly in re-orienting our economy and pushing through major projects, domestic political considerations be damned.


Edit: Most of the country and 100% of the leadership are suffering from this: https://en.m.wikipedia.org/wiki/Normalcy_bias
How does he still have a 48% approval rating? I think that’s the part that terrifies me most as a Canadian.
This is the guy their supreme court gave unchecked power to.  ""What could possibly go wrong?"" they said.

Serious question: if they wanted to, is there anyone who could actually stop a trade or actual war?  Does congress have that power in theory or are they just acting impotently right now?

I guess we know how well those trade negotiation are going.  Just a waste of time.
We need to stand firm and just acknowledge the USA is a hostile, provocative and a far right imperialist enemy state. Deal with them as such, it is not just Trump, it is American government and the people U.S. I have been saying it all my life and people looked at me like I was crazy, I would say wait until they want our resources and see.
[My reaction everyday when I open the news..](https://i.redd.it/zw9bo0hwhby81.jpg)
Turn off the power Dougie…it’s time!!
I’m curious: why hasn’t the UN or equivalent had an emergency meeting? We literally have a world super power saying they want to annexe two countries and for one of them  overtly have said they want to economically devastate them until they submit.

How is it that this goes untouched?
How is this not treated as an act of provocation!?
Canada is ok hurting for a few years until we completely detach our economy from relying on your country, or until you lose the presidency, or you die, whichever comes first.
The guy is so clueless. Everything he says just makes Canadians more anti-American and more willing to actually fight them not just boycott and tariff them. It's almost as if there's a Canadian who always hated America pulling his strings as his strategy is so completely counterproductive to his stated goals. At this point any member of a party that bowed to his pressure wouldn't be able to go out in public anymore.
""We don't need their energy"" - time to turn it off then.
President who crashes own economy, strips social services, and antagonizes almost every single ally wonders why country with healthier and better-educated population doesn't want to join them.
You want an IRA on your border?

Cause this is how you get an IRA on your border.
This needs to stop. Now.
*checks Trumps age and diet*

I say we wait this one out folks. He’s bound to keel over one of these minutes.
JFC he is unhinged. He can barely string a sentence together lol
Has anyone asked him why he would want a state that apparently produces nothing he needs? He seems to like Gretsky a lot though, so we can bargain. Trump gets to annex Gretsky and Canada will agree everything since November never happened.
It’s time to shut down the border, recall Canadian embassy staff in the US and expel US embassy staff from Canadian soil. 

It will only take about 14-21 days of a complete border shutdown for America to come to their senses. 

Yes, there will be economic woes, but we will call his bluff and let the US see exactly what happens when you keep playing games. 

We weathered COVID with our borders closed and this will be no different and a shorter time span required. 

But enough of his bullshit.
Canada needs to treat his behaviour as wartime aggression. Drop the gun laws, boost our domestic arms production and start training our people to be insurgents. Get a pipeline built north of Lake Superior, build some more refining capacity and let skoden.
What do we do with this? Tariffs will not end until Canada is absorbed into the US. That needs to muster some reaction.
Canada will never join the Fascist States of America 
Every time he says it, we add 5 percent to our tariffs on him
[deleted]
In all seriousness…. Where are the checks and balances to make sure an insane person doesn’t take power… why isn’t anyone stopping him? I severely don’t understand how he is allowed to do and say all these threats and stuff without consequences
I'm so fucking angry man fuck
I honestly think it's time to recall the ambassador to the USA.  They're officially a hostile nation now.
If this is the take going forward, then why bother mending relations. He'll just keep moving the goal post until we submit. We should start the arduous process of decoupling our economy with theirs, and try to make new friends. Personally, I think CANZUK looks like an appealing option, The biggest downside I can see would be distance, and while that will definitely throw a wrench in the works, it would be better than an actively hostile relationship with their goal of making us subservient.
Are we at war with America?
Ffs Canadian politicians, take the gloves off already.  Time to go all out.  Stop sending them oil, power and potash today!
So at this point, do we just end all contact as there is no good faith negotiation that will happen.
Only thing Trump is going to ""absorb"" is a Canadian boot up his ass....
The amount of rage I feel right now is insurmountable. Leave my country the fuck alone. We hate you.
What a hoser. Never 51st, forever."
Statement by the Prime Minister on unjustified U.S. tariffs against Canada,https://www.reddit.com/r/canada/comments/1j3059b/statement_by_the_prime_minister_on_unjustified_us/,https://www.pm.gc.ca/en/news/statements/2025/03/03/statement-prime-minister-unjustified-us-tariffs-against-canada,"&gt;The Prime Minister, Justin Trudeau, today issued the following statement on unjustified U.S. tariffs against Canada:

&gt;“Today, after a 30-day pause, the United States administration has decided to proceed with imposing 25 per cent tariffs on Canadian exports and 10 per cent tariffs on Canadian energy. Let me be unequivocally clear – there is no justification for these actions.

&gt;“While less than 1 per cent of the fentanyl intercepted at the U.S. border comes from Canada, we have worked relentlessly to address this scourge that affects Canadians and Americans alike. We implemented a $1.3 billion border plan with new choppers, boots on the ground, more co-ordination, and increased resources to stop the flow of fentanyl. We appointed a Fentanyl Czar, listed transnational criminal cartels as terrorist organizations, launched the Joint Operational Intelligence Cell, and are establishing a Canada-U.S. Joint Strike Force on organized crime. Because of this work – in partnership with the United States – fentanyl seizures from Canada have dropped 97 per cent between December 2024 and January 2025 to a near-zero low of 0.03 pounds seized by U.S. Customs and Border Protection.

&gt;“Canada will not let this unjustified decision go unanswered. Should American tariffs come into effect tonight, Canada will, effective 12:01 a.m. EST tomorrow, respond with 25 per cent tariffs against $155 billion of American goods – starting with tariffs on $30 billion worth of goods immediately, and tariffs on the remaining $125 billion on American products in 21 days’ time. Our tariffs will remain in place until the U.S. trade action is withdrawn, and should U.S. tariffs not cease, we are in active and ongoing discussions with provinces and territories to pursue several non-tariff measures. While we urge the U.S. administration to reconsider their tariffs, Canada remains firm in standing up for our economy, our jobs, our workers, and for a fair deal.

&gt;“Because of the tariffs imposed by the U.S., Americans will pay more for groceries, gas, and cars, and potentially lose thousands of jobs. Tariffs will disrupt an incredibly successful trading relationship. They will violate the very trade agreement that was negotiated by President Trump in his last term.”
&gt; They will violate the very trade agreement that was negotiated by President Trump in his last term.

This needs to be repeated loudly on every network. The Trumpanzees need to be reminded every day that this was Trump's deal.
Every word of this is a straight fact. This is an attack on Canada, the whole border shit is a made up excuse to make us dance around as he hits us anyways. Fuck the US, Fuck MAGA, and Fuck Trump.
At the same time that Trump is planning on putting tariffs on us, he's also freezing aid to Ukraine AND taking steps to lift sanctions on Russia.

[https://www.reuters.com/world/white-house-seeks-plan-possible-russia-sanctions-relief-sources-say-2025-03-03/](https://www.reuters.com/world/white-house-seeks-plan-possible-russia-sanctions-relief-sources-say-2025-03-03/)
&gt; ... They will violate the very trade agreement that was negotiated by President Trump in his last term.

If Trump could read, he'd be very upset.
Trump is deliberately crashing the US economy. 

The fed lowered the Q1 projections from  +3.5% growth, to -1.5% growth and today further lowered it to -2.8% negative growth. 

This is more than 2x WORSE than the 2008 recession.
The satisfaction I'm getting from buying as few American products as possible is propelling me forward.
Direct quote from US Commerce Secretary, Howard Lutnick:  “they have done a good job, but they haven’t done enough on fentanyl”

Love how they are saying getting down to 0.03 pounds of fentanyl isn’t enough.  But of course, it was never about fentanyl.  It’s all about economically strong-arming us into becoming the 51st state.

r/BuyCanadian and r/BoycottUnitedStates
Let’s fucking go.

Buy Canadian, Buy Mexican, Buy European, Buy Commonwealth, Buy Japanese and Korean and from all our wonderful democratic asian friends.

But fuck the Yankees, fuck their products, and fuck their fascist administration.
Trudeau understands Canada is facing an existential threat both economically and perhaps worse. That’s why he is going everywhere trying to open up new trade possibilities and strengthen our European alliances. Canada is under threat and I think he is doing a Helluva job right now for all of us.
Also cancel the effort to limit fentanyl going to the US because these investments did nothing to prevent the tariffs. Put that money to better use within our borders.
Not one egg should cross the border.  Let them suffer!!
I take it that there was no 11th hour phone call this time.

I guess it's on. Begun the trade war has.
Long after this is over, I’ll never see Americans the same way again
It's a really well made statement by the PM - I just can't imagine that ***anyone*** who's supporting Trump/his actions cares or will read it - I still see constant pro-Trump (or anti-Canadian) people spouting off that ""Canadian border management deserves this... FAFO... etc""

Literally everything he said in those few paragraphs condenses everything Canada has been dealing with with regards to Trump and his threats so well... But no one seems to care/listen... It's incredibly frustrating 

I hope we can make it hurt enough that it becomes obvious, don't hold back, do it hard and fast no spit no lube sandpaper finish 🇨🇦🇨🇦🇨🇦🫡
Just so everyones clear the ""Non-tariff measures"" being hinted at are export restrictions.
Trump supporting Canadians are traitors.
Only problem I have with the statement is we shouldn't waiting 21 days. Dollar for dollar tariffs should start immediately
He promised zero income tax to his citizens. He has to bring in money some other way. But what the Americans do not realise is that, in this trade war whatever they will be “saving” in income taxes (which is again in the future); they will spend more in paying increased prices for goods they use.
[deleted]
[deleted]
That last line is chef's kiss.
The Dow dropped over 600 points today because of those tariffs
Oops we will shut off the power too
How could we possibly do business with the United States going forward? They don't honour any agreement. They cheat, they lie, they bully. 

Fuck the United States. I am sorry, but you Americans can all get fucking stuffed. Don't come here to hunt. Don't come here to fish. Best check to see if your trucks and boats have oil in them each time you try to start up.
We should drop the Chinese tariffs we introduced in partnership with the US under Biden. You can tell from the tone of this statement the PM is rightfully pissed off.
This gonna be full of Canadian patriotism, US chirps and random Americans apologizing like it does something and while ik this could be amazing for us long term hopefully we can do something for all the Canadians who will suffer in the short term
Is the U.S. placing the 25% tariffs against $155 billion of Canadian goods? Curious if the numbers are tit for tat.
[deleted]
Glad JT mentioned this trade deal Trump hates so much was negotiated by Trump himself.
Mexico, Canada, and as many South American nations as possible should start acting in unison against the US. It's much harder to bully a unified bloc than one country at a time.
It's a good response. This whole thing just makes me sad. And with these odd actions from Trump warming up to Russia, what the hell is going on. 
Tariff the oil exports and use it to build that east coast pipeline. Then turn off the southern tap.
The last paragraph will 100% not be shared by any media. It's bang on and makes Trump look like an ass.
Wow one can tell that he is genuinely (rightfully) very angry by reading that statement.
I'm half expecting a bait and switch at the literal, last, 12:00:59 second, tbh.
Tariffs on Tesla please
CANADA BABY
Market bloodbath coming
No potash for you
I'm convinced this whole thing is to weaken Canada so the US and Russia can swoop in on us in the longer term, but in the shorter term so Trump can start buying things from Russia to help his buddy out. Aluminum and oil tariffs on Canada? Let's get those things from our buddy Vlad. Sickening. This is an act of war from the new axis of evil.
The tarriffs are against American consumers. Trump is waging a war on our prosperity. 

Sorry mate, the guys a fucking dolt.
Good job, Justin.
Ok, we can stop talking about the fake fentenaol excuse now! 
This is quite simply unprovoked economic war waged against a neighbor and allie.
The USA needs to be considered a hostile enemy of our country.
Justin sliding into home after a walk off. Don’t hate it. I hope the next PM has some BDE."
Canada retaliating for Trump’s tariffs with 25 per cent tariffs on billions of U.S. goods,https://www.reddit.com/r/canada/comments/1ifmyka/canada_retaliating_for_trumps_tariffs_with_25_per/,https://www.ctvnews.ca/politics/article/canada-retaliating-for-trumps-tariffs-with-25-per-cent-tariffs-on-billions-of-us-goods-justin-trudeau/,"I hope China and Mexico do the same. 
Wow he hasn’t been able to speak with Trump since the inauguration. But republicans are saying we just have to negotiate??? Trump always wanted to impose tarifs and will never backdown
Amazing speech. 

Concerning that he has been reaching out to Trump and not able to get hold of him. 
That probably says all we need to know about the relationship going forward.
Guys, we need to really focus on helping each other out. Forget about politics, buy Canadian where you can. 
Cut out non-essential American products.
Support local businesses when you can.
Be motivated by your history and inspired by this chance to unite under a strong unique Canadian identity.
If every country that Trump targets with tariffs also retaliates we can suffocate the US.
it’s risky to be America’s enemy but it can be fatal to be its friend.
Proud to be a Canadian.
Two days ago Trump came out and gave a speech that rambled about helicopters, and how things aren’t his fault, and bragged about his common sense. 

Today JT comes out and gives this speech. 

Polarizing differences.
May not agree with everything he's done, but he's standing up for us. I'm so glad to have a leader that can actually speak eloquently
Not a fan of Trudeau but hard to critique either the speech or the measures.

Let's stand united on this trade war, this is not a partisan moment. We need everything we have to bear working together to have any shot.
Good. We are all canadians. We will endure! 
That got me teary eyed. Let's give 'em hell.
Trudeau absolutely nailed it. This speech was a masterclass—proud moment for sure!
Fuck Trump.
This was a fantastic speech. I’m proud to be Canadian 
This was a fantastic news conference (Which I'm still listening to)  Trudeau at his best.  This is what a leader sounds like.  I think the #1 thing I got out of this is this: Trudeau has been trying to arrange a conversation with Donald Trump since the inauguration on January 20 and has not yet succeeded in arranging a phone call.  The United States is very simply not coming to the table.  That's a huge concern.
Canada, major respect for how you are handling this!

I hope Europe will have half the spine when it comes to it. 

You are among those bearing the brunt of the first charge, but you shouldn't have to be alone in this!
That speech was BEAUTIFUL and echoed what I’m sure many of us feel about this situation. No matter how you feel about Trudeau, you can’t deny that.
Trudeau is really impressive tonight
American here:

I liked what Mark Carney said: ""The fever that has gripped our southern neighbour will eventually pass."" Honestly, it provided me the most hope that I have felt since Trump's inauguration; knowing that others believe we can make it through this.

Many of us here wholeheartedly disagree with Trump. So, we see your anger, we understand it, and most importantly we share it. I hope that this passes soon, but until then we expect and appreciate Canada's strong stance against the Trump Administration.
American here:  So glad you guys are standing strong against this bullshit
Trudeau’s best speech in my opinion. It has even more gravitas now that he’s resigned.  Way to go out, brother. Respect.
Amazing speech by Trudeau.
Ok, that was a good speech!
The minister behind Trudeau looked like he wanted to cry. Incredibly sad times.
And so it begins, glad to see all party leaders are on the same page. America is no longer our ally, which is a scary thought, but we will overcome. That was a great speech from Trudeau.
We should temporarily cut off our entire supply of electricity to them on Super Bowl Sunday.
Good. Fuck Trump and Fuck the GOP.
Fentanyl was never the issue. Chaos is the plan.
Not going to lie, seeing the comment’s from the anti Trudeau crowd in this thread even admitting JT did good tonight swells my Canadian pride it’s reassuring to know that we can come together when threatened regardless of partisan bullshit. 

Canadian first my dudes. 

Fuck Trump. 

We aren’t gonna just fucking lay down.
I disagree with many things from Prime Minister Trudeau, but his speech tonight was a strong message that upholds Canada's sovereignty and for that he deserves all my respect for keeping that true.
Whatever you think of Trudeau, this is where he shines. He's an inspiring speaker.
Trudeau killed it
One of Trudeau’s best speeches
I really hope people give Trudeau credit for tonight. He has done brilliantly.

I am not a huge fan btw.
Prime Minister Justin Trudeau gave the speech of his life!
How does he speak so well damn
Amazing speech, don’t have love for Trudeau, but that made me feel proud to be Canadian and i hope the Country can feel more united
Good speech, I just wish they had hit Tesla with punishing 100%+ tariffs (and cut the tariffs on Chinese EVs to compensate).

Hitting US alcoholic beverage exports will send a pretty fast message though, and I'd bet the response tariffs hit Trump supporters particularly hard.
This is Trudeau at his best. Where has this been?? He’s such a charismatic orator. Needed this.
Man, like or hate JT, that was a phenomenal speech! It had anger filled with sense of patriotism!
It was a good speech. Really tho, when Trump start whining about fentanyl Trudeau should have immediately countered with the absolute fucking epidemic that is the illegal gun trade flowing in from the US and flooding our streets.

You want to halt fentanyl? Sure, let us know when you've tacked all the ghost guns crossing the borders and we'll talk.
Good. Fuck that orange clown down south
Let's turn off Pornhub for them
Fuck yeah, full support for retaliation. Co-ordinated response with Mexico will be even sweeter.

Any Trump apologists in Canada please deport yourselves.
Canada stands strong, and we don’t back down! Trudeau’s response is exactly what we needed, clear, firm, and unapologetic. We’re not just going to sit here and let Trump push us around. Our economy, our workers, and our industries deserve respect.

This is the time to rally behind Made in Canada like never before! Let’s buy Canadian, support our businesses, and show the world that Canada isn’t just some passive trading partner, we’re a powerhouse that stands up for itself. The true north strong and FREE!
See, America, this is what competent and coherent leadership looks like.

Proud to be a canadian right now 🇨🇦
Well done JT
Really an incredible speech
American in Seattle here, I know how unpopular JT is but wow what a speech—I feel he really shines in moments of crisis."
Jack Daniel’s maker says Canada pulling U.S. alcohol off store shelves is ‘worse than a tariff’,https://www.reddit.com/r/canada/comments/1j4agtz/jack_daniels_maker_says_canada_pulling_us_alcohol/,https://www.theglobeandmail.com/business/international-business/article-jack-daniels-maker-says-canada-pulling-us-alcohol-off-store-shelves-is/,"I don't think enough people realise that the LCBO isn't just our only liquor store in Ontario, it is the only alcohol supplier for the entire Province. Everything is bought through the LCBO. Every bottle in every restaurant, bar, festival, stadium, concert hall, event venue, etc. MUST be bought through the LCBO.

If they pull your stock, they pull it from the entire Province. The largest Province, too.
Ya, and threatening to annex our country and sovereignty is worse than a tariff too.
Perfect, things are going as planned then. Carry on.
Get wrecked
GOOD, tell your president about it not US.
A ""disproportionate response?"" Maybe to the tariffs themselves, but not to the threats to our sovereignty!
BUY CANADIAN 🇨🇦🥃
Hopefully Mexico will join in. If they do, that’s roughly 10% of Jack Daniel’s market gone in a flash
cry ! cry LOUDER !
It looks like 81% of Moore County, TN (where Jack Daniels is made) voted for Trump to make the best decisions on their behalf.  

https://www.bestplaces.net/voting/county/tennessee/moore
Jack Daniels is shit Anyways. I love the 12 year old Canadian club and Crown Royal. Very smooth unlike Jack Daniels.
Cry to Donald about it, we don't care.
Good.
[deleted]
**Paywall bypass:** [https://archive.ph/CZoln](https://archive.ph/CZoln)

\------------

*Good ... and that's just the beginning!*
Damn that's a shame, who cares. They're Americans, pull yourself up by your bootstraps and find a new market.
gonna cry in my glass of Crown Royal
Well Duh!  That's the point Cletus.
🎻😭It’s not you, it’s your 💩president . Who you faithfully support. Actually it IS you, you racist fascist supporting company!
Canada is a Rye country now, baby.
Tell that to the overgrown goldfish in office
I won't be drinking Bourbon for at least 4 years while ""DONALD"" is still in power. I won't be visiting the US either. Thank ""DONALD"" for us!
Oh no. No more American whiskey. What will we do, it's so much better than Canadian whiskey.

/s
You voted for Trump. he said he was going to do this. You knew what would happen. You voted for Trump anyway. 

I'm glad some of my fellow Americans are hurting. Nothing like consequences to make things clear. Problem? Americans are so fuckign stupid they'll blame Obama for the tariffs.
Oh boo fucken hoo....
Yeah, they can get fucked  [https://www.courier-journal.com/story/life/food/spirits/bourbon/2025/01/21/kentucky-bourbon-at-the-trump-inauguration-luncheon-woodford-reserve-brown-forman-mitch-mcconnell/77845224007/](https://www.courier-journal.com/story/life/food/spirits/bourbon/2025/01/21/kentucky-bourbon-at-the-trump-inauguration-luncheon-woodford-reserve-brown-forman-mitch-mcconnell/77845224007/)
American here: best part about this is that it hits a Republican state the hardest.
Crying to the wrong people…lol
I recommend they contact their republican representatives
FAFO
All things American should be boycotted around the world.
Next up in US business news: Waahhh
Donald Trump has convinced a frightening number of people to be selfish assholes when they hold the cards and weak, whining bitches when they don’t. He believe he has an exclusive license to be aggressive, and since everybody else is generally negotiating in good faith, he usually does.

If you don’t respond, he wins.

If you reciprocate, he will raise the stakes.

If you raise the stakes, he will feign offense at how “unfair” and “aggressive” you are and use it as justification to raise the stakes further.

He is willing to go all in on every hand - the only way to win is to treat him like the shit poker player he is and never fold. Every fold gives him a few more chips to roll forward to the next fight.
[deleted]
Oh boo hoo
Then lobby your crackpot of a President
Jack needs to talk to Donald
Only accounts for 1% of their sales… right what a bullshit liar if that was true he wouldn’t even bother complaining… besides Jack Daniel’s is crap!
Booo fucking hooo
Want some cheese with your whine?
And we should care what that those makers have to say?  Go file your complaint with Donald.

PS Hope they were not counting on those international sales, a lot of other countries are going to follow suit."
"“It’s done, it’s gone”: Ontario Premier Doug Ford cancels $100-million Starlink contract in tariff response",https://www.reddit.com/r/canada/comments/1j3kgzs/its_done_its_gone_ontario_premier_doug_ford/,https://betakit.com/its-done-its-gone-ontario-premier-doug-ford-cancels-100-million-starlink-contract-in-tariff-response/,"&gt;“We won’t award contracts to people who enable and encourage economic attacks on our province and our country.”


&gt;“No matter if it’s services through the tech sector … we need to stop immediately and if they come to sue us, so be it.” 



No matter what happens, at least people are rallying together over Donald's attack against us.


&gt;""Ford said he would be writing to the government officials of New York State, Michigan, and Minnesota to warn them that the province will immediately apply a 25 percent surcharge on the electricity it exports, and implied the province will not hesitate to shut off the power entirely if Trump escalates tariffs further.""
Excellent news, and let's work on boosting Telesat so we have a sturdy Canadian alternative. Other countries need an alternative to starlink, an alternative that won't be in danger of being manipulated or extorted in exchange for something like Starlink could be.
I never thought there would be a timeline where I like Trudeau and Ford.. Resigned Trudeau who doesn’t give two fucks has been a breath of fresh air, Doug Ford with a new mandate walking around like he’s got tennis balls for testicles. I like it so far
You know this shit is uniting Canadians when you have liberal/ndp voters saying, “fuck yeah, ford” and conservative voters saying, “fuck yeah, Trudeau”
Fuck Yeah! 🍁🍁🍁
Yes!!

And he better not fold if/when the tariffs end.

NEVER give Elon another penny.
It's about damn time...
[deleted]
One of the worst things about Trump is how he makes me have to side with Doug Ford
[removed]
Fuck Elon Musk
Now have all municipal,  Provincial,  and Federal department stop using Twitter
Sucks for rural residents, but has to happen.
Attaboy, Dougie. I’ll never vote Conservative but you really have doing been earning your stripes with the anti-Trump routine.
He wasn't my choice in the election, but if he stands up to Donald and the Muskrat and doesn't flim-flam out of his commitment like he did when the tariffs were delayed last month, I can keep my trap shut for a while.
nice
Better late than never. That contract should never have been signed
Is he also going to temporarily cut power to US during Felon Trumps speech tonight?
Apparently 47 might roll back on the tariffs. Whether he does it or not I hope Ford stands on business and tells Elon to shove his Starlink satellites up where the sun doesn't shine
As an American who, like most Americans, loves Canada, I hope our stupid president and his supporters pay a heavy price for his nonsense. Sure, it will hurt me too, but at this point, I don't give a shit. We are living a freakin' nightmare. I am literally in disbelief. Much love ❤️
I don’t agree with his provincial policies but I sure like how he is handling this response to tariffs.
Donald, you made me agree with Ford. Make it make sense.
Even Deadbeat Doug does the right thing once in a while.
Finally. I'm glad he did it but would have preferred it had been cancelled the day Elon did that nazi salute.
Well damn, seems ol’ Dougie really *is* the hero we need right now.

**Edit:** This has to be the weirdest timeline we’re on.
I finally agree with Ford.
Things are getting a spicy!
Canada is going to show America what unity looks like. 💪
It’s incredible to see people praising Ford,  when more than half of them were probably wishing for him getting hit by a bus before Election Day.
Well god damn. Never thought I would agree with a conservative.
GET THIS MAN SOME COKE!
Doug Ford is a great example of how all Canadian and world leaders should react to the bullying and BS from the Trump admin
This is incredibly smart.  Musk is a danger to the entire world.  The more control he gets from other countries the worse it will become.  He could turn internet off for everyone on a whim.  
Good job Canada!
Well if it isn't the consequences of my actions!
Awesome. Stick to it and let's tariff Tesla next. Send the sinking ship that is their stock price to the seafloor and then bury it.
Well done, Mr. Ford! Time to put tariffs on Tesla's and electricity.
Well, never thought it would work out to have a petty childish asshole as premier. But when it turns out your biggest economic threat is a man with all the maturity and intellect of a preteen bully, it ends up he’s just the kind of reactionary blowhard you’re happy to have making decisions. Not that it absolves him of torpedoing health care and education in our province, but these are exactly the kind of performative politics that hit fragile egos like Musk and Trump where it hurts."
Trump threatens Canadian cars with tariffs up to 100%,https://www.reddit.com/r/canada/comments/1in1dyz/trump_threatens_canadian_cars_with_tariffs_up_to/,https://globalnews.ca/news/11013600/donald-trump-canadian-cars-tariff/,"It's going to be years of this news non-stop.

Don't give him attention. Diversify our economy away from the US.
So fucking what. He makes new absurd threats every day. Boycott everything American, buy Canadian. Cancel your trip to the US. Fuck trump.
US should just place 100% tariffs on all imports from outside the US. Let Americans eat themselves alive and make them pay for their idiotic decision to vote him in again.
Trump is looking to create conditions that American businesses hesitate on finding suppliers or investing in production outside of the US. He is creating an environment of fear and uncertainty which is enabling the billionaire close to him to exploit vulnerabilities in the market that react every time he goes on a rant.
He's going to destroy GM and Ford, who have large parts and assembly plants in Canada. He is an idiot....  Unless, Musk offered him a shit load of Tesla stock. Elon gets to ransack Govt departments while Trump destroys American brands like GM and Ford, and then Tesla becomes the big American car company making Trump rich. 

Fuck the millions who work for GM, Ford, and their suppliers.
Time to put an export tax on all machinery.  

Negate a bunch of patents for the drug companies and start churning out generics while we're at it.
What happened to the 30-day pause?  Steel, aluminum, and now cars. You can’t trust this guy’s word for shit.  What’s even the point of negotiating with him?
This demented fool needs to be locked away.
Mind you, they are all American brands who depend on Canadian production and OEMs….
Sure.  Go ahead, Trump. Punish Ford, Chrysler and GM by making it impossible to sell their products in the USA. Punish Honda and Toyota, too. The Japanese will enjoy that.
Siri, what’s a “Canadian car”?
Oh no perhaps we’ll have to sell our cars cheaper to Canadians at home to make due😌
Put 100% tax on Facebook and X
The man is obviously insane. It is time for the US to invoke the 25th ammendment.
Didn't we impose 100% tariff on Chinese EV to protect US companies operating in Canada? This is the thanks we get?

Ungrateful pricks
Because we put tarrriffs on his lovers cars?
This makes absolutely no sense. The models that are produced in Canada are not also produced inside of the US, so this is yet another instance of massive price increases for the american consumer. What an asbolute fool.
I said it before, but if those companies cave and move all their manufacturing to the US after all the money we gave them to bail them out we should simply seize their plants and start making our own cars. We could even make the same exact models that were already being made because if international law doesn’t exist anymore then neither do trademarks.
Ok 500 % tariffs on Teslas. WTF are we waiting for?
You know what will definitely happen because of this? Factories and supply chains will be moved across the border overnight.


They'll actually lift whole factories with American-made super cranes and drop them in Detroit. They'll man them with humanoid robots by Thursday.


Definitely no negative economic consequences to this sort of decision.
The Canadian government needs to stop dealing with this administration. They just aren’t serious. Trump is trying to dictate to the world what it should do. He has to go.
So they'll go from unaffordable to unaffordable? lol
Ah yes, all our Canadian owned car assembly plants like ford Chrysler Honda Toyota
Piss off Trump crawl back into your hole. 
Canada first boycott anything America is offering.
He's just going to tariff whatever he can to later boast about how much money 'the country' is making under his 'leadership' because all that Tariff money (paid by industries, passed onto everyday consumers) goes directly into the US Treasury.  I already know hardcore trumpers will be bedazzled about how their guy was so good at business that 'we' are now so much richer as a country, all while being 1 minor hospital visit bill away from being homeless themselves.
[removed]
Can this motherfucker just drop d**d already oh my god he's been there for less than a month andnits already EXHAUSTING
Our counter to this should be to remove the tariff on Chinese EVs.
That’s all he does is threaten. His cognitive decline and we all will suffer. Just make the MAGAts suffer the most.
Where’s the orange head Canadian supporters now? Those with Trump 2025 stickers on the back of their trucks?
The man is entirely out of his depth. 

He should have stuck with what he was good at:  investing his Dad’s money, with returns that were beat by T-bills.
He's basically trying to destroy the auto industry in North America. 

100% tariffs is batshit crazy.
[removed]
Never interrupt your enemy when he's making a mistake.
Let’s throw a 300% tariff on his best friend Elon’s cars then. They’re eyesore’s anyway.
Lift the 100'% tariff on Chinese ev's it's time.
Meanwhile in the U.S......Trump, Musk and their minions are dismanteling democracy. 

I call this diversion from the unprecedented tragedy that is occurring in the States. Sigh.
If this dude spent as much time dialing in his various anti-psychotic meds as he does tweaking tariff values, the entire world would be a happier place.
[removed]
Nobody seems to hate the US more than Trump. The Americans coming here to troll and to célèbre these policies don't seem to realise how much worse life is going to get for them with these tariffs in place. At least the leopards will feast.
It will take decades to repair relationships after his term.    Everybody hates America now
Go for it T-dawg. Auto industry would be finished after 25% tariffs and that includes Mexico too. So tariff at 100% is largely meaningless for Canadians. Though great collateral damage. Also since we all know America isn't a car culture where it's important to have transportation for goods and services, keep raising those prices before US production has been fully established.

Yep, gold star today, keep on keeping on.
As a lifelong Windsorite, with an auto industry tied very closely to Detroit his statement is another example of him knowing f\*@! all about anything.

Canada has stolen the auto industry from Detroit??????

Let's see....here in Windsor we HAD:

3 Chrysler assembly plants  (Windsor assembly -  home of the Caravan and still making Pacificas and other vehicles), there was a larger van plant, and truck plant - theses last 2 are gone.

Ford: only remaining is Essex Engine plant which makes V8 for Ford trucks - Windsor Casting (foundry) is gone so is Essex aluminum casting plant

GM: huge transmission plant - closed, had a big trim plant - closed (now the site of our new(ish) arena.

  
So not, you arrogant, spray tanned, idiotic power tripping moron....the auto industry in Canada is not stealing US jobs
If I’m a US-based manufacturer, I’m thinking I need to get the fuck out of America. My cost of production is volatile, unpredictable, a serious risk with this leadership. I can’t forecast cost of production, revenue, profit…. Get me the fuck out of here.
He understands where ""American"" cars are manufactured right? 😂🤦‍♂️
This guy doesn't understand how cars are produced.  Even the cars made in Canada aren't really 100% made in Canada. Individual parts get made in the US or Canada, shipped back and forth, and eventually a car comes off the assembly line, but the parts can be from a bunch of different places.

NAFTA and USMCA aggreement allowed these parts to flow back and forth over the border so that cars could be produced on both sides. If you slap large tariffs on stuff going across the border, the entire manufacturing system comes to a halt because it was designed to work under the previous system where parts could move freely back and forth.

It's the same as when the UK left the EU. All  of a sudden things weren't free to cross The Channel anymore and businesses suffered.
This is economic terrorism, plain and simple.
The world should just call the debts of the United States in.   Really pull the rug out.   Canada has about 250 billion in USA debt.   Call it time to be paid up.
Enough with the stupid threats already.

The more Trump tries to bully us, the more we need to dig in our heals.

Trump is known for taking everything straight to 11, in the hopes that he can shock the other side into surrender. We cannot let that happen. Nor can we be distracted by a bunch of self serving and whiny union reps. This goes way beyond simply protecting the auto industry.

Give Trump a centimeter, and he will take a kilometer.
The man really wants to crash his country's economy huh"
"Trump threatens new tariffs on Canada, including 250% tax on dairy",https://www.reddit.com/r/canada/comments/1j5uiiy/trump_threatens_new_tariffs_on_canada_including/,https://www.cnn.com/2025/03/07/business/tariffs-trump-canada/index.html,"More tariffs? Must be Tuesday
Do eggs next. See how that flies.

Edit: eggceptional puns reddit, I did not eggspect this to take off.
We sell essentially zero dairy to the US. Indeed, we sell 1/4 the amount of dairy to the US than they sell to us ($130M to the US, versus $480M to Canada). 

So... okay? Who cares?

This guy has no clue what he's doing. He's a moron.
Lmao, okay? USA sells 4x more dairy into Canada then we sell into them. Go for it.

Our dairy farms probably look at that and go. ""Looks like were getting even more market share in Canada.""
Okie dokie 
Cut off the potash.
Do it, you pussy. Right now, there’s only one country that has tariffs on the other.

He cried about how “difficult Canada is to deal with” in his presser today. This is us warming up. 

We’re going to be crazy-exgirlfriend-level *difficult* so he not only doesn't want to conquer us, but he builds another fawking wall.
I legitimately have no problems with tariffing subsidized industries. Those are just ""countervailing duties"" and are common, normal, and expected. Tariff our dairy all day, bud, go nuts. Ain't like we sell it to you anyways.

Everything else can fuck right off.
250% ~~tariff~~ export tax on potash in response would be nice.

Edit: sorry, meant export tax.
Disregard anything he says, because it means nothing.
USA, I think your leader is malfunctioning. Have you tried unplugging him and restarting?! What a clown!
[deleted]
Time for retailtory tarrifs on Potash. Do it.

Edit: Fine, an export tax then.
This is why Canada was so smart to not lift Tariffs yesterday. This guy changes his mind daily and has no clear message on what he actually wants. It’s all just “everyone has been so unfair to us” blah blah blah lol

Edit: spelling error
Our dairy is better anyway. But let's potash next, brick them completely.
lol, just a useless tax. There is hardly any Canadian dairy products in the US, much like you won't find many American dairy products in Canada because we also imposed a really high tariff on that, which has been in place for decades. This is to make him look tough and like he's winning. All smoke and mirrors in this current dumbest reality show he thinks he's running.
Yeah it might be best to stay away from American milk anyway! Or milk products. They're full of all kinds of garbage that are not allowed in Canadian milk. Do yourself a favor stay healthy, drink Canadian milk
He’s screwed whatever he tries because there is no trade deficit when energy is removed from the equation. He doesn’t understand this and continues spouting about a 200 billion deficit that doesn’t exist. Perhaps he is realizing that his bad math is not mathing.
This guy is a lunatic… He’s going to keep this up every single day. There’s no way anyone can negotiate with this maniac.
Selling them cheap lumber = ripping them off

Americans have brain rot.
Yawn. US dairy is so heavily subsidized that I doubt much was coming in from anywhere else. Could understand though why for people who didn't want hormone laden garbage that tastes weird and comes from factory farms with diseases floating around.
It occurs to me that Canadian threats to impose export taxes on electricity, oil, and potash can be just as damaging and effective as the actual taxes themselves.  Trump judges his success by what the markets are doing. Cause the markets to tank with threats of export taxes and Canada might not actually have to turn off the lights or shut the taps.
Slap an additional 250% on US dairy imports. Who tf is buying that growth hormone and steroid infested garbage anyway?
What a clownnnnnnnnn!
Pro tip. No one is shipping Dairy either way as it stands except for day trippers.
For any Americans lurking here, better look into getting a dairy cow to raise in your backyard along with them chickens.
Someone is reading the press that they got embarrassed yesterday and wants to show that he is a big boy today.  Buffoon.
We have a dairy quota and trade usually lines up pretty close to it. When the quota is exceeded, we as Canadians, impose tariffs from 150-300%. The system in place keeps a nearly perfect trade balance, benefiting both sides by reducing the cost of getting products to market.

But yea, sure you giant Cheeto, double the cost of already-too-expensive eggs to Americans.
Increase the price of Potash by 100%
Who cares, we don't really sell dairy to the U.S.

This dude really is an idiot. I always knew he was being used as a useful idiot. But now he's not even useful. Just an idiot.
Canada charges exorbitant tariffs on certain dairy products, including a 241% tariff on milk, much to the consternation of America’s dairy farmers. In 2023, a trade dispute panel ruled in favor of Canada, arguing that the high import taxes did not violate the USMCA.

Sooo, what's the problem?  Didn't the orange ape author the new trade agreement?
""...\...The most popular difference between the two countries is the use of recombinant bovine somatotropin, or rBST. 

What is that? Well, Health Canada states that rBST is a synthetic version of a naturally occurring growth hormone.

 It is approved for use in the USA to increase the production of milk in dairy cattle, but is illegal in Canada.

 Why is this illegal for use in Canada? Health Canada determined that it did not pose a health risk to humans, but they also determined that it had negative effects on the health and welfare of cows.

As well, our maximum Somatic Cell Count (SCC) is also lower than the American standard. 

What is a SCC? It’s the total number of cells per milliliter in milk. Primarily, SCC is composed of leukocytes, or white blood cells, that are produced by the cow’s immune system to fight an inflammation.

 It’s a way we measure milk quality. For example, a reduced count of SCC is associated with better quality milk. Often if the count is high, it means the cow might be sick. 

Our maximum allowable is 400,000. Our provincial average is well below this maximum at 205,000. In Canada, each load of milk is tested to ensure it’s below that standard. In the USA, the national standard is 750,000, but the export standard is 400,000....""

https://albertamilk.com/ask-dairy-farmer/difference-canadian-american-milk/
And tomorrow….1 million percent tariffs on everything!!!!!!!!
So Canada has yogurt, cheese and even chocolate milk....
American dairy is a health hazard anyway, who even wants any?
Since we're doing feel-good imaginary tariffs now, let's just put a 250% export tariff on eggs sent to the US. Would have a minimal practical impact, but scare the shit out of American consumers.
Oh no! Now we can't eat their plastic cheese and growth hormone milk
This fucking guy..."
U.S. tariffs will be imposed on Feb. 4,https://www.reddit.com/r/canada/comments/1ifeslf/us_tariffs_will_be_imposed_on_feb_4/,https://www.theglobeandmail.com/canada/article-us-tariffs-will-be-imposed-on-feb-4/,"&gt;The federal government has been officially informed that the United States will impose across-the-board tariffs of 25% on Canadian goods starting Tuesday and 10% tariffs on energy
it’s actually insane this is happening
Gentlemen, it has been an honour shitposting with you all.
Well here we go.....
Canada needs to strengthen trade with other countries, particularly the EU and Commonwealth countries, as soon as they possibly can.

The US have proven themselves to be unstable and untrustworthy partners.
FU in the 10% for energy. We need to respond with 25%. Don’t  let them pick and choose.
“Any retaliation by Canada will result in an increase in tariffs”
WTF?! Will we actually respond?!
[deleted]
This is like a bully punching you in the face, and they tell you if you say anything they'll punch you more.

The best thing to do to a bully is to punch them harder.

Trump is speed running the worse international relationship hit for the US in history, he is threatening Tariffs on everyone, and going after BRICS members saying 100% tariffs.

I actually hope the world starts choosing another currency as their backup. The Euro is looking better and better to me.
10% on oil because he knows that's where it'll hurt. Fuck it, in for a penny in for a pound. Let's make it 25%.
I hope we hit back so fucking hard it gives Trump a stroke.
[deleted]
He wants to put off till the 4th because he wants to see what the stock market does on Monday
Honestly just cut their power and oil.
Come on Ford!! Flick the damn switch already!!
This is just the tip of the iceberg. Expect Canadian companies like loblaws to hedge their positions by raising their prices citing tariffs as the reason. Canadians should also be ready to identify those Canadian companies who plan to side with Trump and exploit Canadian consumers.
Fuck Americans. Seriously. We jumped in during 9/11, had 160 Canadians die in combat, spent 20billion on that war (for the US). We need to remove all provincial barriers to trade, and then curate a massive list of Canadian products to purchase instead of American ones. Fuck them.

Edit... and fuck going to the US, I am not spending a dime in the US again.
[deleted]
Fuck Trump
How does the US not see that if they tarrif everyone like they seem to be inclined to do. Those people will just trade with each other and America will be left out and lose market and influence. One of the things Canada should do is lift the 100% tarrif on Chinese cars. Just to prove a point that we have options
It's time to start buying ONLY Canadian made products.

Madeinca.ca
They need to hit back hard, especially on energy.  New England purchases the bulk of our exports in Atlantic Canada and Quebec.  I’m not sure about Ontario and the Western provinces.
I'm seing claims that Trump will increase the tariffs if we retaliate.

I bet the Conservatives are actually glad we didn't have an election earlier cause the winner would have to deal with this mess.
As an American living in BC. Please begin the boycott of any American product or establishment. Start canceling your Netflix and other streaming services. Only though collective action can we fight back. Don't go on trips to the US. If we all do our part and together, we can make a difference. 
Dementia Don.
Don't attend games and concerts with American teams or performers. Turn your back or refuse to stand up if the anthem plays. Don't cross the border for games or concerts or shopping. They voted for this.
Time for the EU to enter the chat.

Canada has as much in common with us as with the US in many respects (having lived in all three), and we each have a strong history of being good, reliable trading partners. Time to strengthen that bond, and bring the Mexicans with you while you're at it. The US at this point has to be treated as a rogue nation, and decoupled from by those who rely on it.


Edit: I seem to be giving the impression I am Canadian in the post above, so just making it clear I'm Irish (though was a permanent resident in Toronto for years, and tricked one of ye into moving back to Dublin with me, who I later married). 
Trump’s decision to impose tariffs on Canada is baffling and damaging. Canada isn’t just a neighbor—it’s a key ally with deep economic and cultural ties to the U.S. Turning against such a close partner while absurdly suggesting buying Greenland and lamenting the loss of the Panama Canal shows a pattern of reckless, transactional thinking. These actions don’t just strain diplomatic relations; they disrupt supply chains, hurt businesses on both sides of the border, and weaken North American economic stability. In the long run, they push allies to seek alternatives, reducing U.S. influence and credibility.
Fuck this rotten mango
Woah boys. 

Sort by controversial to see all of the traitorous Trump supporting Canadians.
imagine unironically being a canadian trump supporter as he fucks us like this
What. an. asshole.  
The most astounding thing is that Im' talking to my MAGA friend who lives in CANADA and UNEMPLOYED.  
\&gt;hes just trying to be a strong president  
\&gt; it's a negotiation tactic  
\&gt;it's all Trudeau's fault  
\&gt; its all because of the libs  
\&gt; tariffs might be good for US, you dont know until you see, if it leads to a new good deal, it'll be an amazing feat.

No FUCK OFF.
Let the pain begin
[removed]
Seriously, Fuck America. Letting a complete lunatic run their country into the ground. 

Enjoy your overpriced eggs forever!
Fuck them, don’t back down
I hope NY state has a backup power supply plan.
The US is no longer a trusted Government.
Maybe we should start processing things here for our market instead of sending them south to process then buying back finished products
Hit the USA where it hurts. Cut off energy. Redirect potash to new markets in Europe. Invalidate US patents. 

We need this to be the last straw and ensure we eliminate our reliance on the USA for good.
Turn off the taps!
We really need a leader to do a press conference right now saying ""We don't care about any tariffs, in fact we find that 200% tariffs on everything we export to the US is a beautiful number. Think about it for a second; we're gonna make the Americans pay triple or even quadruple what they pay for our goods they say they don't need anyway. And 200% may be just a start, we don't know yet. EU and other ally countries are always welcome to do business with us at a preferred rate.""

That's the only language the giant Doritos understands. He needs someone who will take proactive actions against him, if we flinch he will take it a sign of weakness and won't negotiate with us fairly.
I spent an extra 5 minutes at Superstore today reading labels and buying Canadian.
He’s actually quoted as saying he’s not interested in negotiating on this. He simply wants to impose these tariffs regardless of consequences. 
How can you possibly deal with this man?
What a way to celebrate my birthday, with a declaration of economic war on my country ..... go to hell orange monkey!
Murica has shown their hand already, hit them back fast and hard. I will be checking on made in usa labels
Trump is just milking this for maximum media exposure. He has no idea what he's doing.
I am so goddamn sick of the United States of America.
The CBC live page was the original source for this (and has more information), but r/Canada won't allow it to be reposted again for 15 days because the previous version was posted this morning.

https://www.cbc.ca/news/politics/trump-tariffs-canada-february-1-1.7447829
We should cut power to the US 5 minutes into the Super Bowl. Should get attention."
Hockey fans boo U.S. national anthem at Ottawa Senators game after Trump imposes tariffs,https://www.reddit.com/r/canada/comments/1ifmdo2/hockey_fans_boo_us_national_anthem_at_ottawa/,https://www.ctvnews.ca/ottawa/article/hockey-fans-boo-us-national-anthem-at-ottawa-senators-game-after-trump-imposes-tariffs/,"I saw an American say that you know things are bad when the US anthem gets booed by Canadians and Americans say ""Yeah ok, fair"".
All the people on Twitter pearl-clutching are funny. We respect the U.S. We have had Canadians DIE in their wars. If their president thinks they can threaten us as a country and start a trade war. Fuck them. If no respect is shown to us, we should show no respect to them.
I love seeing Canadian solidarity at hockey games. I'm hoping Calgary will be even louder in an hour.
Excellent!
Bullying your closest friend is betrayal of the highest order
America is already viciously hated by half the world. He's now turning away the other half
This should be the slogan for the country.  Canada:  We're nice, until we're not.
Gary Bettman will just end national anthems at games.
This is the way.  
  
Edit: In one hour, I will tune in to watch Calgary do the same thing.  Leafs fan, but tonight, a Sens / Flames fan too.
According to Stats Canada, Canadians spent about $7 billion traveling to the U.S. in the first quarter of 2024, that’s roughly $28 billion a year. With these tariffs in place, it’s time to take a stand. I urge all Canadians to rethink their travel plans and explore our own country instead. Let’s support our local economy and keep our money here! https://www150.statcan.gc.ca/n1/daily-quotidien/240828/dq240828c-eng.htm
Fuck America and fuck Trump. Need my Canucks to do this tomorrow vs Detroit
There should be Gretzky jerseys all over every Canadian ice surface.  

This is coming from a lifelong Oilers fan.

Wayne, your father would be ashamed to be your father in 2025.  Fuck you.

Edit:  Edmonton residents - there is a bronze statue of this guy and a road named after him in your city.  Maybe talk to city hall about it...
✊🏽🇨🇦
I really do wish we were in a better position for this though. The EU and Canada are gonna definitely work together more now. This is pushing other Western nations right into China’s hands. Trump probably doesn’t care about these ramifications however.
Calgary, you're up.
I’m an American.  Proud one.  Love my country and our history.  Trump is a fucking scumbag.  Elon musk is an apartheid motherfucker.  Hit us back.  Hard as you can and don’t relent.  Trump and his followers gotta find out.  The vast majority of the American people think this is fucking stupid.
Good - fuck those guys
Thank you Ottawa. I lived in Nepean for 8 years of my life when I served in the CF at NDHQ. I love Ottawa.
Put a 25% excuse tax on gas and oil going to the USA.
As an American, good.  I'm about fucking tired of all the shit president musk is pulling and no one doing a goht damned thing. All I can do as a civilian is call my representatives.
But I thought Trump said America is respected again?
Im American and I fully love and support this.

I’m sorry for us.
Wtg Ottawa 👏 👏 hope we see it more in canadian cities.
Remember when Leafs fans finished the anthem for the Predators? Those days are gone.
Good. Deservedly so. The US can eat dirt without maple syrup.
Donald Trump sucks
I hope all Canadians boycott the Super Bowl
Mexican here, next year's World Cup we are all hosting is gonna be so awkward.
Fantastic! 🍁🍁🍁
American here. Disappointed in the booing. Not loud enough. Boo louder. Boo the entire song. Drown out the singer. We deserve it. 
The inevitable result of behaving like asshats.
Gonna boo as loud as I can tomorrow at Canucks game.
Well at least SOME senators are doing something about this.
American here (Western NY) that grew up on Mr Dressup, Degrassi, and Our Lady Peace.

And I add my voice to those saying “hit us hard”.

You’ll never find me rooting against Canada, especially under these circumstances.
Don’t even play it.
[deleted]
Eh, as an American, I'm okay with this.
The only pathetic thing was the broadcasters trying to quiet the crowd noise
Good. Hope they boo louder the next game.
Can't wait to see how this plays out in the 4 nations cup.
Throw every Gretzky jersey on the ice.
Took my daughter to this game. Shes 6. I explained we are booing the new American government that is doing a lot of bad, not Americans and not the anthem singer. She said “oh, okay” and screamed the boos as loud as the rest of us. We made sure to cheer extra loud for the Canadian anthem though so the singer knew it wasn’t her. Sens then promptly destroy Minnesota 6-0 so the hockey gods agreed as well.
And then for good measure, the Sens beat Minnesota 6-0!
Well Trump successfully divided his nation, I guess his next goal is to divide the long standing friendship between our nations. I’m normally against any sort of booing of anthems in a sports setting but in this case I think it’s warranted. It’s not just a trade war, he has made remarks threatening our sovereignty and this is part of that plan. When your independence is threatened all cards are on the table.
U.S. citizen here: I applaud you all. Just know that there are MANY millions of us here in the states that absolutely loath Trump, loath his entire party, and loath the people who voted for him. There’s nothing more we’d enjoy than watching his farce of a presidency implode on him. And one more thing: I hope Trudeau goes balls to the wall with retaliatory tariffs. Enough of this “America hoorah!” attitude. Teach my country a goddamn lesson and show everyone that America isn’t this infallible entity.
Even Louder next time!


I am proud of you guys!


Fuck les traîtres!!! Fuck Maple MAGA!! 
Fuck the orange turd!! Fuck Milhouse MAGA!!(pp)
We should ALWAYS do that.  Try to avoid American products if you can. Travel elsewhere instead of America.
As an embarrassed American who didn't vote for the orange turd, I applaud your booing, because the train wreck of a country deserves it. Stay strong and don't give in to his insanity.
Do you know how impossibly incompetent you have to be to piss off the CANADIANS?!?!
Canada, I’m sorry I made fun of your accents and being too nice, will you take in a blue dot from a red state 😭
This article is about Ottawa, but Calgary boo'd too

Do you know how bad it is when ALBERTA hates a republican?"
Furious Poilievre criticizes Trump tariffs for uniting Canadians,https://www.reddit.com/r/canada/comments/1ihoa77/furious_poilievre_criticizes_trump_tariffs_for/,https://www.thebeaverton.com/2025/02/furious-poilievre-criticizes-trump-tariffs-for-uniting-canadians/,"While satire posts are popular we understand that not everyone enjoys them. If you wish not to see them please use the filter on the sidebar or set your own filters to block satire content or websites.

La satire est populaire ici, mais nous comprenons que tout le monde ne l'apprécie pas. Si vous ne souhaitez pas les voir, veuillez utiliser le filtre sur la barre latérale ou définir vos propres filtres pour bloquer le contenu satirique ou les sites Web.

Filter out Satire - Filtrer Satire: https://st.reddit.com/r/canada


*I am a bot, and this action was performed automatically. Please [contact the moderators of this subreddit](/message/compose/?to=/r/canada) if you have any questions or concerns.*
""Division is our Strength""

That could be the advertising slogan for a lot of US billionaire-owned corporate media in Canada.
&gt;“During these negotiations, President Trump’s actions led Canadians to unite in solidarity, and that is absolutely terrible for my brand,” explained Poilievre as he hastily took down a banner reading ‘Division Is Our Strength’. 

I thought this was supposed to be satire
I’ve said it a bunch of times now, but I feel compelled to say it again:

PP missed the mark on this one to an egregious degree. 

Trudeau (who I despise) delivered an amazing speech. He said what many Canadians were thinking. Like him or hate him - he was speaking what most of were thinking. 

PP’s speech? It sounded like a windless campaign blip. He stumbled on words. Had no passion. And blamed the liberals.

Hell. DOUG FORD read the room before anyone. 
PP? Not so much.
Accurate.  They're whole Schick is canada is broken and bad and only we can fix it.


I miss real conservatives that were still willing to admit the other side had good ideas and that we are all Canadians trying to do the best for the nation.


Get outta here with this fear mongering american style bs.
PP literally went to live TV on one of the most important moments on Canadian History, and called us all weak and desperate. 

don't ever forget that
That darn Trump making Canadians hate something more than Trudeau.
PP is a tentacle of the Trump-MAGA monster.

Don't like what's happening to the U.S. right now? Then don't let the CPC take over &amp; gut our country.
Liberal voter here, who up until lately had resigned to the fact that Canada likely needs a PC PM next, but we don't need Poilievre.  

Love him or hate him, Trudeau got the speech right and understands what Canadians are feeling right now.  He is far from a good PM, but in times like this I will take 100 Trudeau's before a single Poilievre.  I can't actually bring myself to vote for the man that can't make a public speech without tying everything to Liberals, pushing his campaign, and making us feel like we're weak next to the bully.  All he had to do was mimic what Trudeau said, not divide us, not push his agenda, and tell us all how ridiculous this threat to our sovereignty is.  

We need someone who makes us proud to be Canadian.  A month ago, I would have voted for Poilievre.  Now?  My vote goes to Carney.
Accurate.
Most would’ve said otherwise only a few weeks ago, but these last few days proved that even Trudeau is the better choice at this point. Even at his worst, he was nowhere near as bad as PP can apparently get. 

Canada can’t afford 5 years under a Trump-lite pm like that, Liberals need to step up.
Pierre is a candy ass.  Never worked a day in his life. Doesn’t even have a platform for the election.  Now he sees what Trudeau did against Trump.  PP is screwed.
Yeah, wonder if Trump understands he basically single handedly salvaged Trudeau's legacy. Just had to leave us alone for a few months and Trudeau's name would have been forever toxic as his own party members ran against his legacy in their leadership competition.
PP couldn't even offer up words of encouragement or teamwork without mentioning how ""weak"" Canada is.

He can't stop being a political weasel even when Ford and Trudeau are working together.

He continually comes across as a spiteful nerd. An outsider. A beta.
It does seem unfair to take away his only platform
Piloviere is a Trump and Elon Musk endorsed politician. Why is anyone surprised that Bitcoin Millhouse can't stand up for Canada? He has zero loyalty to our nation.
Honestly I think this is non-satirical.

This guy is probably shitting his pants that he absolutely beefed it. He thrives on division, like all conservatives do.
um the beaverton is supposed to be satire isn't it?
PP &amp; orange idiot are the same thing in my eyes - past few weeks confirmed it.
I don't give Trump any of the credit. History has shown again and again that when Canadians face a common enemy they band together, doesn't matter if it's Mother Nature or Mango Mussolinis.
Took one(1) crysis for Polievre to show he's a spineless idiot. I'd never vote conservative but honestly the difference between him and someone like Ford, who's a real politician who's not fucking stupid and a real nationalist, is just huge
The Beaverton is SATIRE!
Pp will sellout Canada as he wears his maga hat. To impress trump. Stay strong Canada.
President Musk endorsed PP. 

That's all you need to know Canada.  

Lock up your voting computers.
Pp is a clown and a traitor. THIS was the dope they thought was a step up from Andrew scheer.  Sure, people are over Trudeau but that guy?! Smh he's horrible"
"Canada Won’t Scrap Tariffs Unless All US Levies Are Lifted, Official Says",https://www.reddit.com/r/canada/comments/1j45qte/canada_wont_scrap_tariffs_unless_all_us_levies/,https://www.bloomberg.com/news/articles/2025-03-05/canada-won-t-scrap-tariffs-unless-all-us-levies-are-lifted-official-says,"Never play chicken with a country of fucking ***geese***.
Navarro: Canada's PM Trudeau should tone it down.

OMG, the audacity of the Americans.  
Trump can keep on calling to annex Canada.  Says to weaken Canada's economy  
Navarro calls for redrawing Canada's borders.  
Trump calls Trudeau Governor

But it is Trudeau that needs to tone it down.

Atleast give us some clarity and consistency in your statements and what you want. You keep saying this is not a trade war but war on drugs.

Update : Navarro: When we trade, we have competitors, not allies
Excellent, i'd rather weather the storm than bend the knee to a bully 🇨🇦
Good. 

I support Trudeau in his stance on this matter. 👍
Prime Minister Justin Trudeau is not open to lifting Canada’s full package of retaliatory tariffs if US President Donald Trump leaves any tariffs on Canada in place, according to a senior Canadian government official.

Trudeau and Trump are scheduled to speak later Wednesday morning, said the person, speaking on condition they not be identified.

The official said Trudeau’s government is cool to the idea of a “middle ground” settlement in the trade war floated by US Commerce Secretary Howard Lutnick. In particular, any scenario where Canada has to fully rescind its retaliatory tariffs in return for a partial rollback of American tariffs will be rejected by Trudeau, the official said.

The official did not comment on whether Canada would scale back some of its retaliation if Trump pulls back on some US tariffs.
Yeah fuck this. Complete removal of the tariffs should be the starting line. Anything suggested before it should be revoked. Full stop.


Also let's keep this momentum going, Fuck Donald, let's continue our decoupling of our economies. We don't need to go through bullshit everytime Donald shits his pants and looks for someone else to blame.
Excellent. We cannot show any signs of weakness.
Totally agree with Trudeau.

Trump's being playing with us like we're some kind of a marionette pulling our strings day in and day out.

It's time to take a stand and let Trump and his backwoods administration live the lesson.

As Premier Houston of Nova Scotia stated, ""Some people just have to touch the stove to recognize it is hot"".
Elbows. Fucking. Up. Boys.
Elbows up boys
This is how we deal with Trump. He wants us to look like we will roll over for him.
The idea that we'll drop all of our tariffs while the US keeps the majority of theirs is so idiotic.
And a public apology where all talk of annexation will be rescinded by Trump on prime time American tv on all mayor networks!
You don't stop punching the bully until he cries. That's when you know the bully has no more power over you.
the right answer. Trump can go suck on any of his own dangled carrots as far as i'm concerned.
There is no middle ground. It's NAFTA or nothing.
And honestly let’s just keep American alcohol off our shelves at this point, burn down interprovince trade barriers and make a strong independent Canada with varied trade partners.
People are losing jobs already. We can't just let them play us. Good call from the libs.
Should increase.

What ever concession Trump makes today it means there's been major blowback (think Auto) - Rumour is Trump met with the big 3 yesterday and they're very pissed.

Let's say he cuts it to 10% for Auto, then we should tack on an export tax of 15% to make up the difference as pressure.

I also think Ford needs to put on the tax on power ASAP and leave it on for a few days regardless. Build some pressure and give them a taste of what's to come. I guess the Commerce Secretary called him directly after he made that threat. Clearly a pain point.
Call his bluff. Every single time. It's the only way to deal with bullies.
I like this new big dick energy from Trudeau. Is it because he's resigned and doesn't care any more? Who knows, who cares. Its nice to see him finally sticking up for the country instead of the pandering and bullshit he's done in the past. Credit where credit is due, good job.
Hi, guys. I'm Ukrainian American. I wasn't born in the U.S., so I have outside perspective, too. In the midst of the grandeur beefing between U.S. and Canada, i decided to check out this reddit page. I'm so impressed and so happy to see your posts, as it is so refreshing to see a lot of like-minded people who are well articulated. Believe me, I read a lot of MAGA posts, so yes, it's a HUGE difference. Many Americans are rooting for you, me including. I also wanted to thank Canada for welcoming Ukrainian refugees and support in general. 
On that note, keep boycotting the U.S., don't give in to Orange D*ldo, and stay strong. Canada has something that U.S. doesn't (for a very long time), and it's unity. I have heard that there are differences in political views in Canada, too, but I promise you, you guys are nowhere near us. Keep up the good fight. We are booing with you. 
P.S. Your geese scare the f out of me 😂
5% increase a month until absolutely every tariff is reversed.
Can this Trudeau stay? I don't want him to go. Fuck Donald.
Good, fuck them.
Good. Enough of this maybe there's tariffs, maybe there's not, maybe we'll wait a month, maybe...

Maybe it's time for the FO part of FAFO, Donald.
Good, we shouldn't leave any room for negotiating. 

These clowns word is good for nothing anyways at this point.
GOOD. Fuck that. ELBOWS UP.
If Donnie Dipshit and his group of thugs wanna play chicken, let’s go.   They will not catch us wanting.
Nor should we. You don’t capitulate to a bully, you tell them to fuck off in no uncertain terms.
I agree to bleed to bring him down
&amp; , if addressed as 'Governor' or '51 First,' then Canadian export tariffs are raised .
The PM, cannot concede anything to the Americans Or meet them half way.    
Trump forced Canada to renegotiate NAFTA into CUSMA, they are breaking the agreement.

As for blaming Canada for Americans addiction problems. Maybe they should invest on mental health, rather than cutting health programs!    
They should also take a good look at who has imported drugs into the US.     
They can go back to the 1980's and Colonel Oliver North bringing cocaine by the jumbo jet loads or soldiers sending opium inside caskets coming from Afghanistan!
Melanié Joys coat tho 😎

edit: added cool emoji
The best part is, the current American leadership and the businesses it represents are now economic enemies to my family for life.


Even when this inevitably ends, I now buy Canadian wherever humanly possible and will not vacation there, even though I had a trip planned.


Trump just cooked a notable amount of his economy because there's no way I'm alone on this.
I'm just loving how strong Canada is showing ourselves to be, showing the world our nature. We're nice, generous, helpful, a great friend and ally, but we don't bend over and take it. We can be vicious and will hold a grudge for generations.
US stockmarket went from recovering to collapsing again. We have the upper hand here haha.
It really should be: 

Canada won’t even come to the table til the US tariffs has been lifted for 6 months minimum as a show of good faith. The end. 

Otherwise trumps just going to keep doing his bs on social media, bitching and moaning, and schoolyard bullying bs.
Perfect response!
Trump already blinked once. He will blink again
Canada going into this trade war: ""Nah, I'd win""
🤔Now that’s the RIGHT ANSWER. 
There is NO “meet ya in the middle” 🐂💩w/the Cheeto SA Felon or his administration. They move the “Line” every time. 100% Tariff on all Energy leaving the country.
Hit them where it hurts, Hard &amp; immediately.
Make the or citizens stand up and fight against this as well!
Good, and STAY lifted. 

4 years of Trump yoyo-ing about crap is going to destroy any goodwill towards the US and making deals with them for a generation. 

America wants to stop ""footing the bill"" for the world? Fine, stop pushing 80 years of aggressive US expansionism then. Don't stop with the Mexican border, wall yourselves completely in, fuck off, stop traveling abroad and keep to yourselves. The entire planet will be better off without you anyway if you're just going to be assholes and threaten places with annexation just because you feel like it.
I honestly hope Canada doesn't lift any of the tariffs to teach Donald tRump a lesson. tRump is in dying need of a hard lesson learned.
It's pretty fucking simple. Honor the trade agreement that trump fucking signed the last time he was in office.
Canadians are not yo-yo’s that Trump can play with. Glad to see Canada has an adult refusing to play Trumps dangerous childish games. Stay the course JT, we have your back on this.
Good.  Do not bow to donold
This is the right way to deal with a bully. There is no way to deescalate, unfortunately. Bullies are not rational and cannot be deal with as rational individuals who want to solve problems. Solving problems is not their goal. 
stick to it. it won't make up for all His mistakes but it will make His legacy even worse if he caves.
Keep ours in place eve if the American ones are dropped.

We're not your buddies, guys."
Chrystia Freeland says Canada should target Elon Musk's Tesla in a tariff fight,https://www.reddit.com/r/canada/comments/1iehmle/chrystia_freeland_says_canada_should_target_elon/,https://www.bnnbloomberg.ca/business/politics/2025/01/31/chrystia-freeland-says-canada-should-target-elon-musks-tesla-in-a-tariff-fight/,"Teslas are not made in canada....so fuck it make them so expensive that it kills their market here...other companies have caught up and have better or just as good electrics
&gt; In an interview with The Canadian Press, Freeland says there should be a 100 per cent tariff on all U.S. wine, beer and spirits, and on all Teslas — and make sure Wisconsin dairy farmers feel the pinch as well.

&gt; Freeland says Canada needs to give Trump’s closest supporters a wake-up call with the message that if you hit Canada, it will hit back — and it will hurt.

100%! I like the sound of that. 

Fuck Edolf.
I hate Freeland but she is 100% right on this. Broad tariffs bring inflation to ourselves. Isolated attacks are way more effective and EU can get on board especially with threats to Denmark. 
The correct way to target Tesla in this trade war is to take the absurd tariffs off the Chinese cars from makers like BYD and open the market to them as an affordable alternate.
We should either tariff the shit out of Tesla 100% tarrifs like we do Chinese cad companies or as an ultimate fuck you to the US allow Chinese car companies to build plants here or build our own made in Canada car industry. The US has no friends they only have interests and currently their interest involves fucking our great country up the backdoor. We aren’t their friends and if our allies will turn on us at any point every 4 years they’re a bad ally and they need to be seen as such.
The model 3 and model y imported to Canada are made in China.

Food for thought.

Byd cars also made in China cost much less. Safer than the car I own according to the testing agency in Australia. 

For thought.


&gt;Tesla does not disclose its Chinese exports to Canada. However, vehicle-identification codes showed that the Model 3 compact sedan and Model Y crossover models were being exported from Shanghai to Canada

https://www.cbc.ca/news/canada/tesla-canada-china-tariffs-1.7307635

August 2024
Tesla is the obvious target for me. And I would remove tariffs on Chinese EV’s and flood our market. Price Tesla right out of it. 

And I would look at what every single red state and target tariffs against their products.
As someone who owns a Tesla (2nd one)... I agree. I won't purchase another. There are other compelling EV's out there now.

It's a shame because I used to really like Tesla. The company and board of directors clearly support Elon Musk and his ideals, which I don't support. If they were opposed they would oust him as CEO.

I'm kind of ashamed to own a Tesla now. Almost need to drive around with a paper bag on my head these days
Boycott Musk.
I'm american and I would consider this a personal favor that I will repay. Do it, Canada. Do it, Europe. Sink this fascist.
Absolutely. Tesla, Amazon, Meta. Trump's allies should bleed first.
I don't get why people are bankrolling Elon Musk by either investing or buying his cars. The MAGAs hate EVs. They aren't buying Teslas. It's mostly liberals buying cars and also Tesla stock. People should start a massive campaign against Elon companies.
We should be threatening to upcharge them some insane amount of money for things like electricity or we'll shut it off while it's winter. Threatening tarriffs back isn't good enough when we have control over millions of people's power and heating.
As an American, Canada should do it. Put a 500% or even 1000% tariff on Teslas, StarLink dishes, etc.
I almost bought a Tesla in the last year.

Now? NEVER

Not a chance in hell.
Absolutely Canada should hit Tesla, cars and charging stations. Ontario should cancel their deal with StarLink, in fact, Canada should treat StarLink as they did Huawei and ZTE. StarLink as a threat to Canadian telecom security.
Yes Tesla is an easy target to hit back. Absolutely should be done.
Maybe we should be letting BYD enter Canada. 
Vinfast is already here! 

Time to steer clear and away from America and their policies.
Target all the oligarchs. Bezos, zuckerberg, ellison etc.

Bezos should be target #1 for the firing of the quebec workers
UNLEASH THE CHINESE EVs ALREADY. I NEED A SU7
Do it that’s awesome
289% tarifs on everything connected to trump and Elon! remember what they did to the bombardier c-series jet last time. Also fuck Boeing, they can eat Tarif too!
And yet when we were BFFs with our southern neighbors we followed suit promoting big daddy Musk by slapping 100% tariffs on Chinese EV's. Govt played us then got played and now the average citizen is left with less options at higher prices.
If Canada doesn't matter to the US, we can slap whatever tariffs we want on their products and they won't even notice.
We should place a 80% tariff on Tesla, drop the tariffs on Chinese EVs contingent on their building factories in Canada that hires Canadians. Fuck Musk and Trump.
We should also cancel the stupid F-35 deal. Saab was prepared to build factories in Canada and share the software with us. Now we are buying F-35s from Lockheed Martin and we won't even have access to the source code. We need sovereignty over our own jets. Plus, Saab was willing to train Canadian mechanics. We could do our own maintenance and reprogram the jets to do whatever we want. F-35 is like a Tesla. The user is locked out.
Grippens can also take off more easily on the short Northern runways, and they are faster and have longer range. F-35 is a pigfat jet meant for bombing brown people and burning money. Grippens are fast, utilitarian interceptors, good for Canadian self-defense.
Yes absolutely Starlink as well
so we're just letting elon destroy progressive projects on behalf of the US over and over without saying anything.  
he ruined online banking, trains, electric cars, twitter, etc., please we have to stop him NOT help him.
We’re foolish not to tariff the fuck out of Teslas. The people that buy them now are in the cult so they’ll buy no matter what
Canada needs to stop being scared to be independent of America
We should also seize all the assets of the Trump Organization in Canada.
Ban x-twitter while you're at it. Let's make him an x-billionaire.
Remove tarrifs in Chinese electric vehicles.
Stop/revert tesla supercharger developments
Remove the 100% tariff on Chinese EVs and then people can get a affordable EV if they want one. An EV which is fine for commuting is $13k CAD. The BYD SeaGull has a range of 305km or 405km 

[https://en.wikipedia.org/wiki/BYD\_Seagull](https://en.wikipedia.org/wiki/BYD_Seagull)
The main concern is Alberta and their MAGA Premier Danielle Smith. She obstinately refuses to join with the rest of Canada in our resistance against this unfounded attack upon on our country and our people. She is what others have called collaborators in the past. Trudeau needs to grow a set and declare Trump's attack on Canada a National emergency and override her desire to continue business as usual with the US. He's the Prime Minister of Canada and international trade is the responsibility of the Federal government.
Remove the ban on Chinese EV.
Target all of their endeavors.  Make it impossible to sign a contract with starlink while we're at it ($100M in Ontario).  Find a better solution while we're at it; that seems a little ridiculous at just under $7K per connection.  Make sure we're also restricting exports of lithium.  We can supply the EU or other (actual) friendly nations.  

Lumber can start going elsewhere too; even if we take care of California and their needs first.  Start restricting which states will get the resources that are in the highest demand. 

I'm babbling; but this needs to be a fight fire with fire to a reasonable extent.
have to remove all tariffs from BYD at same time if you want to hurt Elon's ego
Hit the nazi where it hurts... right in the Teslacles.
100% tariff sounds good to me. JUST DO IT!!
They should embargo all American products
Just ban them
Just seize his assets
Yes target them especially as they're luxury cars that are of poor build quality
I agree, though I wouldn't stop there. I say we tariff Starlink and X (Twitter) Premium and Advertising,
American here! Please DO NOT buy Tesla. Please do us a favor and kill the Canadian market for Teslas. Musk needs to be stopped at all costs
""*Mrs Freeland, an inside source on Reddit has informed us that Canadians don't like Elon Musk*""
We should stop posting on reddit!! Using our phones, watching all sports except curling, eating fast food including Tim Hortons which is now owned by a us company. Buy Canadian is a misnomer at this point. If only our government could get off their asses and go to work.
Tariff the crap out of Tesla and remove the tariff on the Chinese EV. Also, ban Twitter."
Kentucky governor says Trump’s tariffs on Canada are not what Americans voted for,https://www.reddit.com/r/canada/comments/1j3wajd/kentucky_governor_says_trumps_tariffs_on_canada/,https://www.ctvnews.ca/politics/article/kentucky-governor-says-trumps-tariffs-on-canada-are-not-what-americans-voted-for/,"Kentucky already had an overstock of bourbon and now they have to stock an added 35% of their production due to the Canadian US alcohol Boycott.

But Kentucky senator Mitch McConnell is the reason Trump was able to run for office in the first place.
He's pissed that Ontario removed $1 billion worth of USA liquor from shelves today, much of it from Kentucky, which voted HEAVILY for trump

trump said REPEATEDLY at rallies that he would add tariffs on usa imports. REPEATEDLY. And maga idiots cheered him every time he did. NO ONE should be surprised that Canada and Mexico retaliated the way we did

They got EXACTLY what they voted for

Claiming they didn't elect him to do this is complete nonsense
His biggest economic platform during his campaign was putting tariffs on Canada and Mexico lol. They did vote for it
Those tariffs are exactly what Kentuckians voted for. Trump said he was going to impose them. 

Kentuckians are also disproportionately on Medicaid. They voted to cut that social program too. 
He’s a democrat. Donald doesn’t care.
YES IT WAS! HE SAID IT! THIS IS THE SECOND TIME HE HAS DONE THIS! Your country chose fascism. Fucking own up to it and do something about it.
Pretty sure that **complete decimation of Kentucky automotive plant's supply chains** was one of Trumpfs promises. (It was in the fine print amongst the *Project 2025* stuff that all his followers fell for hook, line and stinker!)


Watch Trump spin Canada's tariff retaliation into a story of how Canada started the trade war to deliberately harm the US.
Well, Canadians didn’t get a vote. So fuck that excuse.
He's a democrat so his opinion is unfortunately moot to the current administration. Too bad none of the Republicans will have the balls to speak up
Bull. It’s exactly what they voted for.
77 million Americans voted for this.
Yeah turns out your economy can't be only based around bourbon and corvettes.
Oh, but they did. Trump was vocal on it.

This is how democracy works. Suck it up.
It's a real shame.  I like bourbon.   A lot.   Probably a bit more than I should.    It has a lot more value to me than Scotch ever has.   A $100 bourbon is MUCH better than a $100 scotch.   But now I'll take my $100 and spend it domestically instead because quite honestly I hate all things American including the people who come in here and apologize for their hellscape that their countrymen voted for.
Okay  but watching trump’s “speech” last night suggested that people like him would clap like a fucking clown while he pisses right into his mouth. Yeah these morons keeping complaining about the taste but when trump is face to face with them they just drop on their knees and praise little Donny as he drops pants again.
Sounds like Canada is “subsidizing” the Kentucky economy! By $3 billion! Well that won’t stand.
Kentucky bourbon is boycotted in Canada.
Do something about it, then.
They literally did vote for it.
then maybe he should talk to the republican senators from his state and have them remove Mango Mussolini.
They thought they were punching down. Big mistake.
Tell that to your boss, you dink.
I actually didn't realize Andy Beshear was from Kentucky. Readers, this is a red State with a blue governor. This isn't a leopards eating face scenario. Andy Besheaer was one of the front runners for vp choice. He's been a good Democrat.
Right… Americans only voted for the racist and misogynist and anti-establishment rhetoric. They only voted for the vibes but didn’t think about the consequences.
Well it’s working 

That was fast
That's exactly what they voted for you absolute moron.he was talking about how tariff is the most beautiful word for a year.
Except they totally were! Get fucked!
Beshear's always seemed like a decent man, and what to do about states like Kentucky (which is _deep_ red for President and Senate, even while electing a Democratic governor) is always going to be a little tricky to get right - but come on. How many rallies did Trump do when he called tariffs 'the most beautiful word in the dictionary', and talked about tariffs on day 1? How much time did he spent in his first term talking about &amp; implementing tariffs on China?

_Everyone_ knew that if Trump got elected in 2024, tariffs were back big time - the only question was how total they'd be. In particular, he emphasized how he wanted punitive tariffs on the auto sector, which is closely tied to Canada, and couldn't have been done without tariffs on Canada. 

_Months_ before the election, he was touting himself as “Tariff Man,”, and explicitly proposed a global 20% tariff as a starting point.

Tariffs are exactly what his voters voted for, and everyone knew it.

New stories all from before the election covering just some of his tariff talk:

https://www.theguardian.com/us-news/2024/oct/15/trump-tariffs-price-hikes-warnings

https://www.reuters.com/world/us/trump-threatens-200-tariff-vehicles-imported-mexico-2024-10-06/

https://www.pbs.org/newshour/economy/trump-favors-huge-new-tariffs-how-do-they-work
If only people actually listened to what their politicians said and looked at what their politicians did...  So much stupid could be avoided.
Yet, here we are. 

Elbows up!
Well... sucks to be you... 

You may not have voted for it, but you got it."
Tariffs on Canada delayed to March 1 after talk between Trudeau and Trump. Live updates here.,https://www.reddit.com/r/canada/comments/1ih0tmw/tariffs_on_canada_delayed_to_march_1_after_talk/,https://www.ctvnews.ca/business/article/live-updates-good-talk-with-trudeau-but-trump-still-thinks-americans-not-treated-well-by-canada/,"I don't want us to be held hostage month after month. This is ridiculous.
Trump will just use the threat of tariffs to extract new concessions from Canada month after month

Canada will need to start divesting our export markets regardless of these tariffs
Of course. Then it gets delayed to April 1st. Then May 1st.

Fuck all this.
Do not breath a sigh of relief and go back to life as normal because of this brief reprieve. Canada has done this too many times.

Continue to hold the premiers accountable to reduce or eliminate inter-provincial trade barriers. Continue to buy local options. Demand port, rail, and pipeline infrastructure is built to increase trade with other markets.

I worry most of the anger and energy will vanish and nothing will be accomplished *again*.
The tariffs may be delayed but my shopping habits won't be. Vive le Canada Libre!
Changes nothing about my plans to spend 0$ on American goods. Fuck em.
Yank the booze anyway. He's just gonna threaten us again in a few weeks.
[deleted]
From [PM Justin Trudeau on X](https://x.com/JustinTrudeau/status/1886529228193022429):

&gt;I just had a good call with President Trump. Canada is implementing our $1.3 billion border plan — reinforcing the border with new choppers, technology and personnel, enhanced coordination with our American partners, and increased resources to stop the flow of fentanyl. Nearly 10,000 frontline personnel are and will be working on protecting the border.  
   
In addition, Canada is making new commitments to appoint a Fentanyl Czar, we will list cartels as terrorists, ensure 24/7 eyes on the border, launch a Canada- U.S. Joint Strike Force to combat organized crime, fentanyl and money laundering. I have also signed a new intelligence directive on organized crime and fentanyl and we will be backing it with $200 million.  
   
Proposed tariffs will be paused for at least 30 days while we work together.
[deleted]
Okay ladies and gentlemen. Let’s hold strong and not buy any of Americas shitty products. He gave us 1 month.
Once it keeps getting delayed, it will have a huge impact on our Economy even if the tariffs are never enacted. Companies doing capital expenditure decisions will have to consider the ramifications of these potential tariffs in their decisions, regardless if he goes ahead or not.
Here comes my Canadian spite in full force. Family and I already have our ""buy Canadian"" food list.
Trump is a pussy. Boycott American.
we live in such a ridiculously stupid timeline
Despite the deal, we must reduce our reliance on the US which has shown itself to be an unreliable ally.
Straight up market manipulation.
Fuck off, now he’s gonna hold this over our head for the next month?
We win a month to diversify our trade.
Trump: ""You better do something or else.""  
Trudeau: ""Boy, you've really got me over a barrel! I guess I could make the very difficult concession to agree to do the thing I already said we were doing last December?""  
Trump: ""DEAL! I WIN!""

That's basically what happened.
Called it. He doesn't have the balls to do it
lol what a waste of time
Won't forgive or forget. He has made Canada more united than ever. And I will still not be purchasing american items.
This is good news. That said, outside of counter-tariffs nothing should change for how we respond. The man is **holding a gun to our head** demanding like we dance like a dog, so we need to do everything we can to establish better trade with other countries and lose our reliance on this country.
Uh huh.

Folks, keep up the effort.  Keep buying Canada first - global second - America last wherever you can.

Let's make them aware of us regardless, and show them how we feel about this fraction of a man they've put their trust in.
So now we have to play this game every 30 days?
Don't care, I will not return to buying American products. I really hope that the deal stands on not selling US booze
Weak president. The weakest, some people say.
Americans are dead to me
I genuinely do not understand how you go from Trump calling for Canada to become the 51st state just a couple hours ago, to a 1 month pause for _mostly_ the same measures that the government has already announced.
Wonder why the term “border czar” appealed so much to Trump
Damage is done. Fuck ‘em.
Your ""life partner"" says they are going to punch you in the face.

Right before they do it, they say they changed their mind and will not punch you in the face.

Do you go to bed with them that night or ever again?

NEVER FORGET the last few weeks and what our, so called, life partner threatened us with.
[removed]
This timeline is cursed
Canada stay strong. What he has started should continue. Buy Canadian where possible. Make those informed decisions. Do what you can. 

America (not just Trump) has shown our friendship is meaningless and disposable.
All I know is this buys us time to start sending exports everywhere else but the USA
I dgaf, a pause is nothing more than indefinite bullying. Until he stops all his BS about tariffs and us as a 51st state, the booze and procurement bans better stay in place.
still not buying american
Trump saw the market this morning and shit his pants. I’m still booing their shitty anthem
[deleted]
This is fine but Trump is just buying time so we need to use that time to change all of our trading and buying habits. This changes nothing BUY CANADIAN! and get new powerful trading alliances so we aren't strung along by this piece of garbage.
Where have I heard that before 
Absolutely ridiculous. But you know what, I’m buying more Canadian products regardless and still canceling my travel plans and Amazon account.
what a fucking joke
Good. Now let’s use this month to talk to our allies, figure out how to diversify, and make sure we’re never in this position again.

Also, I have to admit, this guy is doing something incredible. He’s somehow uniting Canadians, which felt impossible just a few weeks ago. Let’s not keep feeding into this left vs. right nonsense. Let’s support Canadian businesses and give this clown the response he truly deserves.
[removed]
Keep the boycott, alcohol, cancel US contracts, shipments of ore to US. We did not have tariffs but decided we can't trust you....
30 days for our government to start finding new markets.

Buy Canadian!
Time to build refineries and pipelines. Time for more trade agreements with Europe."
Trump tariff 'made something snap in us' - many Canadians see US rift beyond repair,https://www.reddit.com/r/canada/comments/1iirvji/trump_tariff_made_something_snap_in_us_many/,https://www.bbc.com/news/articles/c0qw9y94w2vo,"I think what has been done politically is one the thing, tariffs and all; but the real turning point is how it has been done. The disrespect, calling the prime minister governor, the continuous threat of the 51st state, the complete disregard by stating he doesn’t need anything Canadian…. That’s a slap in the face we will never never never come back from. 

It’s a direct insult to Canadian pride
The Art of the Deal. Make sure your largest trading partner wants anything but you.
It's because they were imposed with the stated goal of annexation. 

Trump directly threatened our sovereignty as a nation. There is no repairing that rift. The USA is a hostile nation and must be considered as such.
[deleted]
It’s not what Trump said, it’s the deafening silence from the rest of the US political apparatus. Like atleast make a token protest Democrats. You handed over the future of your country to a lawless felon by hiring Merrick Garland and now you just don’t even care lol.
One thing that disturbs me is that Trump talks about taking us over and the responses from most Americans were jokes, and from the rest of the world were crickets. 

We need to be ready for a fight, because if he ever makes good on his threats, we might be on our own.
I (Canadian) know the tariffs have been postponed, but I'm done. I enjoyed grocery shopping today and making sure I didn't buy anything from the USA. Small impact. I know, but I don't think I'm the only one.
I mean sure, after 4 years Trump may be gone and new administration might come in to restore relationship with us. However, what if another Trump like president comes to power after? All the agreements that was made, all promises that were made, history and alliances that was forged can be taken down just as Trump did.

They took down NAFTA, they took down USMCA, and they basically threatened us and told us that “there won’t be any tariff if you become 51st state.” If any agreements that were made can be taken down by next president, why should we even trust them?
Probably decades upon decades of not being respected but rather tolerated due to the relative usefulness and utter harmlessness, and treated as serfs as a result.
This past week, I've never cursed, sworn, or chirped so much in my entire life. I feel like a friend just stabbed me in the back and kicked my puppy. I'm a small middle-aged woman, and I'm ready to rip some throats out. It's been a visceral, mama-bear protective instinct ever since the r@pist started flapping his gums about Canada. He needs a puck to the face.
It doesn't matter.  What used to be America is disintegrating right before us as we speak.
To me the gloves were off the second Trump started the 51st state shit and they’re staying off for a while. I was willing to ignore the US shitshow this time around until he made it impossible. 
America voting for Trump again shows Canadian and American don't have similar values. They don't see us as equal partners in life and always be a threat to our way of life.
[deleted]
One of my best friends is a dentist. He bailed on a $30K contract to buy dental chairs from the US yesterday. Gonna get them from Germany instead.

Can't wait for the data to trickle in. Went to the LCBO yesterday to get beer. All of the Ace Hill was sold out. Fridge full of Michelob. Girlfriend was like ""That's okay I'd rather not, thank you.""
I love my American family, but every time I talk with my cousins in Ohio, it’s always about how messed up things are down there and how they wish they could move up here.

I want the American people to be okay, but as far as I can tell, the American ruling class have lost their minds beyond all repair.   They’re actively looking to melt the country down so they can loot it and they don’t care about the consequences.
We know we can’t trust them. We just buy Canadian. Anything that is Canadian just not American. We do the best we can. 
And we stay as strong as we’ve always been and we reach out to better allies.
It wasn’t the tariff, it’s the “51st state” bullshit.
My company had 2 trade shows planned for the USA later this year.   We canceled them and are looking at japan, Korea and China.
The Wizard of Oz from Wicked knew what he was talking about when he said:

# ""The best way to bring folks together is to give them a really good enemy""
It would take at least 20 years of good faith to rebuild goodwill and I’m sure this goodwill between US and CAN will eventually be as strong as ever but 20 years is also plenty of time for Canada to diversify.
[deleted]
It most certainly is. I have never felt more angry about international politics as I have been over the past 2 weeks. Mocking our country, exaggerating and making up issues, threatening our sovereignty through what is effectively economic terrorism - absolutely unforgivable. Will take a lot to trust Americans again if that’s even possible. Buy ABA (anything but American).
The tariff threats are one thing. The threat of invasion is another…
I'm pissed off that they voted in  a convicted fraud, thief, liar, and rapist TWICE. An impeached leader, a traitor to his OWN COUNTRY. Such poor judgment. Terrible ignorance. A racist. The antithesis of what one would model a decent human being on. Now I'm just bringing out the popcorn while the leopards eat their faces.
I'm glad Canadians are beginning to see the light ... only a couple of years ago, too many were drinking the US kool-aid, especially during the Meng Wanzhou / Hauwei saga ... which was the first time Trump screwed Canada.
My Peruvian blueberries were delicious. I think I’ll just keep buying those
It is betrayal, it signals Americans cannot be trusted. I hope the entire world learns, but probably not. It is the decision of the people to screw all the allies and themselves; lets take that lesson.
Simply look for 'Made in Canada'. And barring that, look for 'Made in anywhere but the US'.

Americans actually do look at this when buying products. And because it is not an 'official' government policy, there are no 'tariff' type penalties when society considerers where products are purchases. 

If you want warm climate fruits, look for made in Mexico. Not only are they a better friend, they are not nearly as wealthy as the US and they could use revenue from non drug related sources.
We've tolerated a lot of disrespect from them over the years because the relationship was peaceful. 
It's not peaceful anymore so all that pent up frustration is going to come out and yeah, I think we're done for, the break and betrayal is too deep and too painful.
I look at Americans like Tommy Lee Jones said  about people in Men in Black. 

There are some awesome Americans out there. I'm friends with a few of them. 

But as a group right now they are dumb, panicky and frankly dangerous with the lack of critical thinking. 

and that's not to say we're better, as we're going (or at least were going) down that same path.  
  
  
I'm just tired of all the ""I didn't think the leopard would eat MY face"" posts these days. He literally showed you the playbook, none of this is off script!
Ya once bitten twice shy. I’m not buying anything American again unless I see it as worthwhile for Canada not just me.
It’s really been annoying me. Trump and his people going on TV saying Canada is treating the U.S. unfairly is total nonsense. We’re probably one of the best neighbors they could ask for, we’re stable, buy a ton of their products, vacation there, and pretty much align with them on most policies. He renegotiated NAFTA and called it a great deal, but now he’s saying it’s bad?

I never used to pay much attention to whether a brand was Canadian, but I have been lately, and I think I’ll keep doing it even after this tariff mess is over, if for no other reason than to support Canadian companies and workers.
Not beyond repair, but Canada would be insane if it didn't diversify fast, with or without tariffs.

Can't put all your reasonably priced eggs in one basket, especially when the person holding the basket is utterly unreliable and if hell bent on undermining your sovereignty.
Yep. Zero trust anymore. Wait 5 years when the US has zero trading partners because no one trusts them. They are in for some serious rough times ahead.
I know I'm just... Over the US. You want my vote, have a damn solid game plan for just ditching them. A fair weather friend is no friend at all.
Dear Canada, I've sent you a friend request
We aren't friends anymore.  We can be arms-length allies.
US cesspool
We can never trust them again.
We’ve been coasting for too long. Canada has relied on exporting raw resources instead of investing in manufacturing and transforming our economy. It’s easy money in the short term, but if we want real growth and prosperity, we need to create more jobs by turning our own resources into finished products.

Having the U.S. next door has been both a blessing and a curse. It’s given us economic stability but also made us complacent—like a baby dependent on its mother’s milk. We’ve outsourced too much of our economic and even strategic well-being, assuming our southern neighbor will always have our back.

But what happens when they don’t? Our ability to defend our land and sovereignty is limited. We’re a resource-rich nation with immense potential, yet we’re failing to leverage it for our own long-term security and prosperity.

It’s time for a shift. We need to build, innovate, and invest in ourselves—so that Canada isn’t just a supplier of raw materials but a leader in industry, technology, and self-reliance.
Canadians have always felt a tension with the USA.

We are incredibly tolerant to their ignorance and dismissal.  We happily celebrate and support their culture while some cannot be bothered to have even a slight interest in what is happening with us.  Rick Mercer’s “Talking to Americans comes to mind”.  

This tension has been quietly brewing for decades.  Now, instead of a few cruel jokes from a bully, our sovereignty is in question.  

The USA tested our limits and we all know where we stand.  I can tell you from my interactions with American Republicans, this was always the case.  I have been encouraged to get out of Canada for almost a decade.  It took them time to get organized, but, now, here we are.  
I wish Canada would pass a law requiring large retailers to display clear signage for Canadian-made products. It could even be expanded to highlight items manufactured in Canadian factories, making it easier for consumers to support local industries.
If I hear one more joke from our American clients about becoming the 51st state I will lose it. That is where the rift is because they think it's funny and could be great and we want absolutely nothing to do with it, especially given the way they've been going the past decade.
Every time I see a Tesla I think of Elon Fascist Musk's Nazi salute and his support of fascists worldwide.
Never the same.
Never forget and never forgive, Canada can never trust negotiations with Americans. Every time they want to take advantage of us they do and we also forgive and help them in times of need. MAGA are not our friends, ever. They are the enemy.
The saying goes, “Fool me once, shame on you. Fool me twice, shame on me.” I see it like the Japanese art of Kintsugi. The cracks are definitely there and forever will be, but it’s repairable provided they get everything back in order. That being said, that’s a very tall order that probably won’t happen. For the US to get back to normal, they would need to eliminate all MAGA. Label them as terrorists, freeze all their assets, hunt them down and put every last one of them in Guantanamo or the El Salvador jail. I just don’t see that happening.

The US is Jekyll and Hyde and we don’t know which we’re getting every 4 years. We need to reduce our reliance on them and limit their access to Canadian markets. Reduce them down to below 25% of trade.
I'll eat beets, turnips and potatoes for the rest of my life if it means not buying American produce.
For the first time in my life I went to the grocery store and actively checked products to see if they were made in the US. The ones that were, I found Canadian, or other country alternatives."
Trump Press Sec Accidentally Blurts Out Real Goal of His Tariff Scam,https://www.reddit.com/r/canada/comments/1j4vggq/trump_press_sec_accidentally_blurts_out_real_goal/,https://newrepublic.com/article/192391/trump-press-sec-accidentally-reveals-ugly-scam-behind-tariffs?utm_source=fark&amp;utm_medium=website&amp;utm_content=link&amp;ICID=ref_fark,"Canadians know this.. for some reason Americans are just overlooking the times Trump has said it himself.. and continued to pretend this has anything to do with fentanyl.
What is this article - it doesn’t ever share the actual quote that the headline references. It’s :

“He feels strongly that it would be very beneficial for the Canadian people to be the 51st state of the United States.”

It’s not accidental. She didn’t blurt it out. They keep saying this over and over because they’re trying to normalize it in conversation and to “flood the zone” with outsized attention on things like this. The Trump government is busily deconstructing the social structure in America by repurposing government functions up and down the ladder. They’re gutting veterans affairs, social security, the IRS, education, scientific departments, food and drug safety departments, environmental departments, pretty much everything aside from the military. They’re also busily trying to pass a tax proposal as their first legislation which gives the richest Americans the equivalent of Canadas GDP doubled in tax breaks. They’re creating a civic investment pool with tax dollars so they can invest hundreds of billions of public money in private businesses and are using government funds to buttress crypto investing while getting rid of all rules and regulations around it. They’re trying to speed run AI development to replace jobs, everything in service of the rich. 

This is a tactic that they’ve admitted to using, see steve bannons comments on “flooding the zone”. With how important it is for this administration to funnel every available nickel to the rich im not taking these comments seriously until they start spending money on logistics.
This woman is more abrasive than 24 grit sandpaper as TP
We know it. Too bad his idiot voters/supporters don’t care! Fuck them. Canada 🇨🇦 is not for sale. We will die on this hill before we bend the knee to their flag! 🖕
It's concerning that the propaganda is starting on Fox news that the Mexican cartel is in Canadian government.

Similar to Putins claims (propaganda) before he rolled into Ukraine to ""save them""
America is speed racing to terror state. 
Canada needs to cut off all silver exports to the US. Then Team USA will leave every hockey tournament with no medal....
There is no scenario where Canada would join the US to become the 51st state (or any other political component thereof), unless it was after a full scale  invasion and complete subjugation of Canada over millions of dead, and even then, the resistance would never end.  I served Canada proudly for 38 years and have repeatedly witnessed first hand that we are an exceptional nation that aspires to noble and noteworthy ideals in the service of freedom and democracy.

The US police state is run by a cabal of odious, corrupt and feckless fascists and oligarchs.  The US wants to annex Canada for purely economic and geopolitical reasons and that threat is very much real and omnipresent.  The US wants to, for its own economic and geo-strategic reasons:

-strip mine Canada of its natural resources (despite Trump claiming that the US does not need Canada’s natural resources, they very much do, as this is the only way that the US can maintain its global position as hyper-power competition expands);

-economic exploitation of the Arctic, the northern ring of fire and the polar shelf; and 

-control of the North West Passage.

If we think that this is a “trade” war, we are naive and lying to ourselves.  This is a war, plain and simple.  The mechanics of the conflict, at least at present, are economic but the US represents an existential threat to the existence AND sovereignty of Canada as an independent nation.

Whether we like it or not, whether we whine and bemoan our fate or not, Canada as a country and a populace needs to understand the above and accept that we are at war.  We need to pay the price economically, socially, and politically to place ourselves on a wartime footing now.  This means that everything we do as a country and a populace needs to be seen through a wartime lens.  Conscription?  Maybe?  Mobilizing our economy to prepare and protect ourselves from our now fascist neighbour?  Definitely.

And for all of the apologists and “what-about-ers” saying that we are overreacting, over-emotional and that this will all be back to normal in less than four years … you are either willfully ignorant , appeasers or acting as foreign agents and provocateurs.  Seriously.  Look around the world and convince me that the world is just going through a little blip of fascism and that liberal democratic ideals are not anything but under existential siege and threat.  I will wait ….

Let’s just review the vitriol and insanity spewing from Trump’s mouth on a daily basis:  

-the US won’t need an election in four years (his words);  

-annex Greenland;  

-annex Canada;

-annex the Panama Canal.  

“We don’t need anything from Canada.”

“Build the Keystone XL pipeline.”

Wake.  Up.

There is no negotiation with fascists and oligarchs and dictators.  We tried that in the 1930s with Hitler at Munich, with the sacrifices being Austria via the constructed Anschluss, the Sudetenland and then the rest of Czechoslovakia.  That led to World War Two and tens of millions of dead.  Their entire world view is anathema to the liberal democratic construct.
We the north. Elbows up

I'd rather die fighting the Americans rather than becoming one.
We know. Our PM has straight out told us. Trump’s sycophants admitting it isn’t news to us. 

Guess what? The US will annex us over our cold dead bodies - and theirs. They may achieve surrender in conventional warfare, but far more than 5% of Canadians will be willing to fight back asymmetrically and even more will indirectly help those that will. 

As the guy who wrote the “Next Civil War” pointed out, you can’t wage war without a unified country to support it. They don’t have that. Also, their country is not designed to face threats domestically. Canada will become that if need be. 

If they try to eat us we will choke them to death.
[deleted]
We should endure the hardship of severing economic ties entirely. Nothing else would make the American public and Congress blink. If we draw it out, we give them time to convince people that maybe Trump is right. Every instance of tit-for-tat gives Trump more talking points to confuse his base. If we make the pain immediate, he has no time to muddy the waters; it's all clearly his fault.
People like her make me want to never trust Americans again. When all the dust settles, this hostility will not be forgotten.
her husband is 60 years old
The joy this brings her is sickening
This isn't news. Trump has said it himself. 
🚩Start taking this seriously. 🚩Every time I mention to family/friends that this is his end goal and it’s just a matter of time before military action/annexation starts, I’m being told I’m overreacting.
Ilsa, Shewolf of the SS, says the stupid part out loud: If Canada just becomes the 51st state, the tariffs will end. Close your eyes and think of bald eagles
It's all COVER. Trump and the Republicans are intentionally crashing the stock market so they can profit.  The people in the know have already sold and are waiting to buy low once it hits bottom. Need proof? Check W. Buffet's recent trades.
Just in case anyone is wondering what it is:

""Then at the White House media briefing on Wednesday, press secretary Karoline Leavitt said very directly that if Canada wants to avoid tariffs in the future, they can merely become the 51st U.S. state. She came right out and said it: Trump’s tariffs are actually about getting Canada to submit to Trump’s will. None of this is OK. It’s not OK for the American president to lie relentlessly about our allies and threaten them with economic Armageddon to force them to submit to his deranged, passing whims.""
It still baffles me that Trump is blaming Canada for drugs coming into the US.  Isn't that HIS fucking problem with HIS OWN BORDER SECURITY??  

If drugs are making it into the US, then THEY are the ones letting it come in.  Maybe train your border security to do a better job and stop blaming others for their shortcomings?
This was on my bingo card!
How is this news for the readers of the New Republic?
I'd rather give myself a handjob with a cheese grater than listen to this c\*nt drone on.
Guess we'll just put up with the tariffs until our resources find a new trade deal elsewhere. 

Not a chance we give up our country.
This is just sad, id personally love for NATO to send Trump a clear message.  The day you illegally invade your northern neighbors, you will be met with DEADLY response from the rest of us.  He needs a good bitch slap from the rest of the world.
Over my dead body! No way did several generations of my family serve in the military for us to lose our sovereignty to a fascist.
At this point I'm getting more pissed off with the supposed 2/3 of Americans that disagree with Trump. Yes, there have been some protests from Americans that don't think their country should be removing all of their rights, and destroying the three branches of the US government, and threatening other sovereign Nations, but it pitfully small. The amount of protests at the very crumbling of their Democratic Republic is dwarfed in comparison to civil rights protests in the '50s and '60s. This affects so many, more Americans, yet 80% of the people that did not vote for Trump won't get off their couch (I'm conceding that about 10% are actively fighting back, but the other 10% are just pointing fingers like a disapproving guidance counselor). They are now complicit. We all know Trump's a dick, but the apathy from 80% of the left is what's going to destroy their country.
They keep saying that, even to their own people, and then act surprised when Canada fails to 'negotiate"".

Their supporters will be offended that we boo their anthem, while not batting an eye at the thought of annexing a democratic nation.

If any nation threatened to erase America off the map we'd be in WW3.
We know it, the world knows it, anyone with half a brain knows it.   Republicans and MAGA? Well, they don't even have half a brain between them all...so they don't.

Basically, everyone knows he's lying
We already knew that it was never about drugs.
At what point to we start expelling US diplomats from our country? You can’t keep threatening annexation and expect normal diplomatic relations.
Trump has turned America into a predatory nation. The USA is now viewed as a country that cannot be trusted.
They’ll have their own civil war to worry about before they come north.
This girl is the epitome of dumb blonde. They picked a real winner here.
This woman amuses me. She has the *balls* to talk tough, but fails to realize she was hired on her ability to be Trump's baglicker and look good in front of a camera to his hillbilly constituents. Not for her brains or charm. 

That's why Trump whining about DEI ""hiring"" had me lauging out loud. Here's a geriatric liver spotted old goof whining about American employment being based on ""merit"" again, meanwhile he fills his administration with people based on their ability to kiss his ass.
Let’s reciprocate and offer their blue states to join and become provinces. Pretty sure many people would love affordable healthcare and good old maple syrup and poutine!
Jesus Christ. In America, apparently all you have to do is just say the things you want, act like you are joking about them and attack anyone for taking you seriously and then do them.
Hi Canada,  
Californian here.  Please let California join Canada!     
And if not all of California, how about just my niece and nephew who need to get out of the new Reich.  
  
Ok so here's MY theory on Trump vs Canada.

Trump, even though he claims to not know what climate change is--calls it just weather--gets briefings on the truth from DOD and oligarchs who have a pretty good handle on how bad the climate stuff really is.

The Truth is that in short order--30 to 50 years?--it's very likely that much of the USA will increasingly not be habitable.

If strong warming conditions continue:  
The USA won't be the bread basket to the world...Canada will be.  
The summer temps in the lower 48 will be hard for humans to sustain without significant energy usage for AC cooling. Night temps will be higher as well, especially in cities where heat is retained.

Melting of northern ice will bring its own issues but sea passages not possible now will open up, so will previously covered resources.

World wide there is a race to the north.

This also explains Trumps obsession with Greenland which is barely habitable now, but will become quite habitable as the climate warms. (it too will have massive metals deposits oligarchs wan to get their grubby paws on).

Refer to:

[https://projects.propublica.org/climate-migration/](https://projects.propublica.org/climate-migration/)

Trump isn't looking to benefit Canada, he wants a safety valve for the USA. And if Canada became part of the USA, that's the safety valve.
Let’s just cut all the shit, shall we? Forget what Trump “believes” about tariffs, forget what economists perceive “may be” his plan. It’s simple. 


Trump’s only goal is to skim government money for his own pockets. Tariffs increase the pot of skimmable money. That’s it. He doesn’t care where it comes from, if it hurts American’s or other countries. It increases the amount he can steal, that’s all.
Where is the mystery? It is the same cheap, bullying tactic he used during his last term to renegotiate NAFTA. Gawd, I hope Trudeau has the balls to keep the tariffs in place until this bully backs down and apologizes to all Canadians, especially our veterans! Personally I am removing as many American products from my carts as I can. My personal boycott will remain in pace until that trash is removed from the White House.
[removed]"
"Trump Says He’ll Hit Canada, Mexico With 25% Tariffs on Saturday",https://www.reddit.com/r/canada/comments/1idxfgg/trump_says_hell_hit_canada_mexico_with_25_tariffs/,https://www.bloomberg.com/news/articles/2025-01-30/trump-says-he-ll-hit-canada-mexico-with-25-tariffs-on-saturday?sref=1VjHMKkW,"Does not matter what Canada or Mexico do, he is going thru with it.  Basically, he is advertising to the world that US agreement mean nothing.  US is closed for international business.

Time for retaliation.  He might go down as the president that creates world wide recession.
He’s an idiot. The US doesn’t have domestic capacity for most of what they import from Canada and Mexico. It’s lose lose for everyone. Can’t see this going down well in the US.
Amazing what an NBC apprentice actor can do to flip 8 billion people on their heads. Humans are clearly defective.
[deleted]
This is why we’re in trouble and these tariffs may last longer than we think, this guy doesn’t give a fuck even if his own citizens suffer. He’s not for the people, he’s only for himself. Also, we could’ve done anything possible and he still would have hit us with the tariffs. His goal is to dismantle the economy and destroy the government from the inside out. He’s back with anger and resentment from losing the 2020 election and is out for blood.
He will hit Americans with a 25% tariff. Fixed it
Even if he doesn’t go ahead with the tariffs a lot of damage has already been done. I can’t speak for every Canadian but I know personally I feel betrayed and angry at the US as a whole, not just Trump. Not many voices of reason are even saying a peep against his plan, aside from a few like Michigans Governor. She’s the only one with any balls.
Fuck Trump. I just want to focus on my life and not an insane trade war that will harm both Canadians and Americans.
Ok. Hope Americans enjoy the price of their goods increasing
Trump says he will hit Americans with higher taxes on Saturday. Are eggs cheaper yet?
Might not mean much, but I love my country. I am canceling what would have been my first ever trip to America if this goes through.
Canadians need to stop being snow birds in the USA. Hurt them in the travel industry. Make some great trade deals with China, Europe and Mexico. People thought that Europe would freeze to death without cheap Russian oil. Instead they went green and got oil and gas from other countries. Canada needs to adapt to new markets.
This is my personal opinion. Let me know if you think this could be effective or not?

As a Canadian, I don’t get a say in American elections. But I *can* vote with my money.

Canadians are huge consumers of American services—Netflix, Amazon Prime, Disney+, Apple subscriptions, and more. If the US government imposes tariffs on Canada, why should we continue sending billions to American corporations without question?

Here’s my plan if tariffs go into effect:

1.	**Cancel Netflix** ($18.99/month, and rising). With ~9 million Canadian subscribers, that’s roughly $170 million per month. That’s serious “voting power.” Netflix is one of the biggest, so it’s my first target.
2.	**Two weeks later: Cancel Apple News+** ($16.99/month).
3.	**Two weeks later: Cancel Amazon Prime** (annual fee + $9.99/month for Music &amp; Video).
4.	**And more after that…** Others may prefer to cut Disney+ or other US-based services.

I’ll put my money elsewhere—maybe towards a Canadian streaming service (CBC Gem?), a gym membership, or just savings. My discretionary spending is mine to control, and I’ll use it to contest these tariffs.

Most importantly, I’ll make sure these companies know *why* I’m leaving. When Netflix asks for a cancellation reason, I’ll say:

	*In response to US tariffs on Canada and Mexico. I vote with my money.*

I strongly encourage others to do the same. If enough of us act, it sends a powerful message.

**Let’s stay strong.**

Cheers,
*A Canadian who votes with their wallet*
With friends like these…
Do it pussy
Time to start buying Canadian made products. Someone in my local FB group posted this link that some here may find helpful: [https://madeinca.ca/](https://madeinca.ca/)
He's not hitting Canada or Mexico with tariffs. He's hitting American citizens.
Canada and Mexico should shut down their border to the US tonight.  See what he says on Saturday
Boycott all American companies and products as much as you can afford to do.
I just cancelled Amazon Prime and Disney Plus, and deleted my Twitter account.  Fuck them.
It's amazing he has put Mexico and Canada in the same category.

As a Canadian I view this as a betrayal by the American population.
Time for Canada to do everything to move away from America. Fuck this shit head.
Fuck Trump as a person, as a president, and his motherfuckin' crew 

And if you want to be down with MAGA, then fuck you too

JD Vance, fuck you too
Do it pussy, touch the fucking stove. 

We need to remember - individual Canadians will suffer more than individual Americans. But for every one of us suffering, *there will be nine of them suffering.*
Sadly here we go...

&gt;President Donald Trump said he would follow through on his threat to impose 25% tariffs on imports from Canada and Mexico on Feb. 1, citing the flow of fentanyl and large trade deficits as reasons for his decision.

&gt;Trump reiterated the pledge while speaking with reporters Thursday in the Oval Office as he signed executive actions in response to a deadly airplane collision.

&gt;Trump had threatened to levy those tariffs if the nations did not do more to help secure US borders from the inflow of undocumented migrants and illegal drugs. Markets, business and political leaders had been watching closely to see if Trump would follow through on a tariff threat.

If it's any solace, his idiotic freezing of government funds was reversed within days so here's to hoping this will be the same.
It's what the majority of American swing state voters wanted. Go binge on more ketchup chips to fight back.
The point of this is to create conflict and hard feelings and harder economic times for the American people. It sets up for the next phase of world domination.  People don’t pay attention when they are in survival mode and fighting amongst themselves.
Brilliant. Burn an entire state down that's going to require a heck of a lot of lumber and other materials to rebuild, and then implement a 25% tariff on the product to combat the what...less than 1% of fentanyl that crosses the northern border into the US? What a balloon knot.
Might end up being a net positive in the long term. Canada will (hopefully) finally free ourselves from the US “little brother” mentality and expand trade globally. But yes short term this is gona suck for everyone. Trump is single handedly ending the American empire lol. If he bullies everyone, everyone will turn on him. Let’s see how far he takes this
Tariffs were always coming. His whole economic plan is acting like Tariffs are a tax that other countries need to pay to get access to the US market.


The trade deficit is the biggest issue. He sees that as money lost to another country and nothing more.
So his plan is to turn America into Brazil.
Fuck this guy.
This topic is turning into a daily click bait. No rational argument is going to change Trumps mind on tariff. As a Canadian all we can do is be united and be prepared for if/when tariffs hits.
This is the dumbest timeline. The Mayas were right: we're probably in an alternate reality since 2012 \^\^
He said maybe we will, maybe we won't, haven't decided yet. 


He's a blithering idiot, and no actual policy is formed until after he spews some bullshit.
[removed]
I had a hard time envisioning the impact of these tariffs. A quick Google search and surprisingly the BoC has a very good writeup. Here's the link to learn more for those interested. 
 https://www.bankofcanada.ca/publications/mpr/mpr-2025-01-29/in-focus-1/
We’ll see, he says a lot of wild shit
It has nothing to with tarrifs because the numbers for illegals crossing to US from Canada and amount of fentanyl going there is so small that it doesnt make sense to ask about border security and drugs. He is after something else and he is using lies to get. What has been Trumps tactic from the moment he announced he will run for the president first time around... divide and conquer. This approach got him elected, twice.

I also think that a lot of Canadians have been divided ever since he started runing for president because our stupid politicians actually saw his tactics as useful. for gods sake we had pm of alberta and mr. wonderfull having private meeting with Trump. so there is our unity. Seems like he now just has to conquer. So talk of 51st state is not just a joke.
Plays to his base.    He will blame someone else once prices rise in the USA on goods produced kn Canada and Mexico.    All about optics and hearing himself talk.
I have an Amazon Alexa, and whenever I ask it anamerican political question, it turns off. Fascinating.
Some 80%+ of US fertilizer components is imported from Canada. MAGA pickachu face when grocery and egg prices rise.
We need to increase and diversify our trade with the EU and China. The US has shown that they’re an unreliable “Ally” and are more than willing to fuck us over, so we need to look elsewhere and can’t be so reliant of them.
It's going to be a rough 4 years.
Just do it already and shut the fuck up about it we  should stop begging  like bitches and show the middle finger. I am boycotting all US goods and services. USA fucking suck anyway and they are speeding up their downfall.  we have the capacity to stand on our feet and find alternative for our trade. Cut the oil and hydro the first day. And we should increase the fee on all ship using the st lawrence going to usa port in great lakes.
Honestly? I can’t fucking wait. It’s time for him to do what he says he’ll do, instead of this bullshit infantile posturing. Man up and hit us with this tariff already! Then we’ll see their true colours and we’ll see that yeah, them colours sure as shit run.

Will this hurts us? Sure. Will we recover and thrive through other, better relationships? Absolutely! Will their reputation and trust ever bounce back? Not likely. They’ll always be known as an untrustworthy when making treaties and pacts. So yeah, bring that shit on already so we can get on with our lives
I'm ok with eating eggs and potatoes, drinking milk and walking instead of using a car. If it means don't import anything from US and export our goods to other countries.
I’m tired of his threats. I hope this only encourages us to come together as Canadians and support Canadian businesses.
The more I read about these tariffs, the less sense it makes. Trump goes on and on about how unfair it is that the US spends more on Canadian goods than we do on theirs, resulting in a ""subsidy."" Dude, your country has 10 times as many people, what do you expect?

Not to mention the inevitable price increases that are going to hit American consumers. Did nobody look up effects of tariffs before voting for this clown?
He went bankrupt 6 times. No reason he can’t bankrupt the US. We’re dealing with a very stupid, low IQ, bully. He hates Freeland because she’s a woman who bent him over during the last free trade deal. He’s not the genius he claims he is."
"Trump imposes new Canada tariffs, renews ""51st state"" demands",https://www.reddit.com/r/canada/comments/1j8tnuv/trump_imposes_new_canada_tariffs_renews_51st/,https://www.axios.com/2025/03/11/trump-tariffs-canada-steel-aluminum,"It's so rich to see him call the raise in electricity prices illegal, when he started a trade war illegally under a false claim of a drug emergency. How are the courts in the USA just letting that slide?
This was never about fentanyl;  this was always about Trump and his cabal securing Canada’s natural resources, the Arctic and polar shelf, our water, and control of the NorthWest Passage.

The US is now ruled by an odious and feckless cabal of fascists and oligarchs.

What a sad state of affairs when Canada starts to consider Communist China being a more predictable and reliable trade partner.
Am I the only one who's skin nearly crawls all the way off when Trump says the word ""cherished""? There is nothing more horrifying than the idea of being ""cherished"" by that thing.
There are still Canadians that believe that this is about fentanyl...
I’ll straight up eat beans for 30 years before I even consider joining the United States
[removed]
so it's NOT about fentanyl - and after he had all his toadies go on as much Fox as possible to say it was entirely drug related...it's drug related alright! ketamine
[removed]
Trump still thinks he can escalate this and Canada will back down. He is not an intelligent man. We will sever all trade before we cave. We can work with new trading partners to fill the gap created by the US pissing all of them off too.
I wonder if he is capable of understanding how weak this makes him look to Canadians?

This bluster doesn’t demonstrate strength, it gives pathetic loser who can’t follow through with his own threats and has his entire evil plan thrown off-kilter by even our initial small pushback 🤣
The more he does this the more I dig in. I have always laughed at anything he says or posts, but more so now. I never have taken anything he says seriously, he is such an incredible loser. I am more than willing to take whatever pain he inflicts on us as long as I’m on the right side of history. My Canadian pride has always been important to me, but now it has become extremely personal to me and part of my identity more than ever.
Elbows up. I will never concede against America. Clown country.
Man, are we witnessing the collapse of the US economy right now? This is just absolutely wild what kind of damage this guy is doing to his own country. It's almost as if he's doing it to benefit another certain country......
&gt; ""The only thing that makes sense is for Canada to become our cherished Fifty First State. This would make all Tariffs, and everything else, totally disappear,"" he wrote.

Never. 👏  Gonna. 👏  Happen. 👏 

Every time he says this, Canada needs to slap him with something. Make sure everyone knows it's a Trump Penalty or Trump Bump. If the stock market falls, that's a Trump Fall. If prices go up,  that's Trump’s fault. All on him. This is all Trumpflation.
We need nuclear protection
At this point, I think it's time for Canada to do a FULL economic boycott of all non-medical, non-food related goods flowing in/out of the United States. Including air/land travel.   
  
What Trump is doing is a direct attack on Canadian Sovereignty.
Come on, cholesterol, do your job. 🙏
We will burn this whole fucking country down before we fly a star spangled banner over it.
Our Canadian leaders need to tell him to Fuck Off. Any continued references to the ""51st State"" or ""Governor of Canada"" bullshit need to be shut down or it will be considered an attack on our sovereignty and a declaration of war against Canada. #ElbowsUp
What a surprise, a convicted rapist doesn't understand the meaning of ""no"".

This will forever be a stain on America, the fact that people were stupid enough to elect him back in over the price of groceries. 

 Sucks that sane America will have to suffer because of our stupids.

Elbows up, Canada.
Anyone else see the US market tank immediately again?
For all Americans who are parroting the idea that Canadas response is disproportionate, remember that Canadas response is not solely based on Trumps Tariffs. 

It's based on the direct threats to Canadas sovereignty that Teump and the American government is continually making. They said they would use economic force to annex our country, the Tariffs are that force. So of course Canada will react and not back down. If a country was doing this to the states, America would be bombing them already.
this guy is unhinged
As our elbows go up, so does his blood pressure. He wants Canadians to be afraid. We will not be.
How is it an electrical ""national emergency"" if he doesn't want or need our electricity? 

I just want to understand.
Trump and his magatards can fuck off. Canadians will hold a national holiday when his bloated corpse finally gives up.
[removed]
We have to hit they where it hurts the most - their financial bottom lines. Keep Boycotting US goods. And DEFINITELY not buying anything Tesla.

Let's go Canada! 🇨🇦
I hope everyone is prepared for pain and war. His tariff and annexation threats are acts of war, FYI
And I'm renewing my call for Donald Trump to suck my fucking johnson
He retaliated against the electricity increase.  Ford said he'll bump it to 50% if he did, so I guess Ford will be making an announcement soon. 

He said they don't need our electricity.  Then stop buying it.  Otherwise,you still need it.
I think the most important thing to note here is Trump admitting nothing can be done to remove the tariffs short of Canada agreeing to the 51st state thing.  The fentanyl, border security, trade imbalance, banks, etc. were all just flimsy excuses.
[removed]
Hi! Just want to say Gooo CANADA!! 🇨🇦
Please stay strong 💪 against that orange 💩 .
A lot of people in Scandinavia surpport you. Greetings from Norway. 🇧🇻
I hope our response to this is silence. Do nothing. Do not remove our tariffs. Just let them stew in them. Let the USA shut down the auto sector. Let them ruin their own country. 

Hold the line.
Time to turn the power off. Enough of this nonsense already
This could play right into the Liberal's hands with Carney, being trusted more to stand up to Trump.
Fuck this guy. I am sick of this. Canada needs to just cut ties completely. Recall ambassadors, and close the border.
His tirade today was the most insane yet and is the first time I feel legitimate fear that he will actually try to take a piece of Canada.
Why are we waiting until April 2 Donald? Let's fucking dance right now!
Could it be as simple as Trump just doing Russia's bidding? He's nuking the US economy without cause. We know he's a Russian asset, I think it might just be that simple.
I believe I speak for all Canadians when I say that Trump can fuck off and die already.
Fuck Trump, Elon and anyone who supports them. We stand with you, Canada.

-your neighbor in northern Ohio who has family in Montreal, Vancouver and Toronto
They'll definitely be talking about these days for a long, long, long time.  And if liberal democracy manages to survive Trumpism it will definitely not be in a good way towards Trump.  He's going to get lumped in with a select few notorious leaders in history, and certainly as the dumbest.

Saved video clips and messages will be very accessible parts of history and future generations will be dumbfounded at how someone so clearly a conman and an idiot managed to attain and wield so much power.
Attack on soverignty needs to go to the UN and NATO
Meanwhile, Poilièvre is attacking the Liberals. Because well. Thats what he been doing for years.

Vote smart Canada.
Fuck America and especially anyone who voted for trump.
The UN is wholly silent on those threats.

What a useless organization.
For someone who keeps insisting America needs nothing from Canada, he sure mentions 51st state alot.
I want Canada to cancel tariffs on China and put 100% on Tesla. Not a huge fan of China, but they're the lesser evil.
Has the Turmeric Turnip ever met any actual Canadians?"
Trudeau announces 25 per cent retaliatory tariffs on U.S. goods starting Tuesday,https://www.reddit.com/r/canada/comments/1ifn4at/trudeau_announces_25_per_cent_retaliatory_tariffs/,https://toronto.citynews.ca/2025/02/01/trudeau-announces-25-per-cent-retailiatory-tariffs-on-u-s-goods-starting-tuesday/,"We should be removing ALL inter-provincial trade barriers to start.
We’re an apple juice family now
To be honest, I feel like Canada needed this to reevaluate who we are as a country and what we want to do. I didn't like the Americanization of everything especially after social media made everything into simulacra. I felt like nothing was owned by Canadians anymore, none of the media was Canadian, the Arts commerce everything felt like we weren't involved in our own direction anymore. People weren't watching Canadian news anymore they were only quoting American Media.
FUCK florida oranges
I wish grocery stores would segregate the US goods so we know what not to buy
Good. Never let a bully punch you and get away with it. Always punch back, even if you get your ass kicked. If you let a bully punch you and get away with it, you will continue to get punched.

Also not a fan of Trudeau but credit where credit is due, that was a fantastic speech today.
What I am seeing is Canadians deeply hurt and insulted by a nation we closely partnered, supported, and helped through many many years betray us. 

We have sent countless young men and women for their wars, many of them died because we believe that this is the most neighborly thing to do. 

We have opened doors to them during 9/11. Fed and gave them shelter when they needed a safe place. 

We sent firefighters, we sent experts, we sent money, and we sent our kindness. And this is how we get repaid, a big slap in the face. 

Most Americans backed the decision of one lunatic. What was the saying again? When they show you who they are, believe it. 

It’s time for them to fuck around and find out
I reminder that on 9/11, Canada took in about 250 flights and 45,000 Americans when U.S. airspace closed. Yet, Trump treats Canada like an enemy. This bond deserves respect, not this absurd hostility
&gt;A senior U.S. government official did not provide specific benchmarks that could be met to lift the new tariffs, saying only that the best measure would be fewer Americans dying from fentanyl addiction
 

Not my problem
Glad Trudeau announced a proper retaliation. Shame though, no one wins in this.
That was a surprisingly good and impactful speech by Trudeau, his inner drama teacher shined lol. He really had nothing left to lose and finally said eat sh*t, articulately and with poise. I wonder if this will give the Liberals a leg up in the polls.

I’m glad party leaders are all on the same page. I hope to see us become more united, even though the US is becoming increasingly divided. I also hope Mexico and China and the rest of the world follow suit and stand up. 

Though nobody really wins in a trade war, we need to work on domestic manufacturing and innovation, our geopolitics, and our depreciating dollar now. We also need to become stronger allies and trading partners with Mexico, the EU, and others. 

I’m happy we’re growing a spine, **Canada needs to learn when to say, “you’ll be sorry” instead of “I’m sorry.”**
This is what it took to unite Canadians. 

And it's refreshing to see a thread thats not shitting on JT every 2nd comment.
I wonder if Mexico has more firepower than us on this. They build most of their vehicles over there because it WAS cheaper right?
Now. Mexico has joined the party as well. 

Let’s hope China is ready to tango too. 

America’s 3 largest trading partners right there
Honestly guys I'm just happy we're united on this one. I wish we could all go grab an ice cold LOCAL beer together because fuck American piss water.
Everyone has seen the classic bullying story, stand up for yourself or forever get bullied. 

Happy to see that we are not bending the knee
Omg I never thought Justin could deliver this kind of speech. Kudos who wrote it and kudos to Justin on the way he delivered it.

Fucking Good Speech Justin Trudeau.
Did anyone else catch that Trudeau has tried to reach out to Trump directly but has had no success? 

As far as I'm concerned, our relationship is over. We might as well force Visa requirements on Americans now. Tariffs are one thing. Directly impacting your average wealthy travelling American is another, and IMO would push for actual change.
Trudeau represented Canada in the most Canadian way possible. I liked it. Time to band together. 🇨🇦❤️
Fuck you Heinz ketchup, French’s is my new best friend

Edit: it has come to my attention that French’s is actually American. Guess I’ll grow my own tomatoes then
Canada we must unite for good now. From Newfoundland to British Columbia, we’re all equally Canadians. Lift the interprovincial tariffs and stop the interprovincial quarrels. 

As a Quebecer I’m tired of being called a frog and it’s been holding me back to truly bond with the RoC. This is a very rare and historical opportunity to solidify Canada as one strong nation and we must seize it.
I'd also love to hear about immediate work on diversifying trade partners, but I guess that will have to wait until after the election. All borders should also be tolling the hell out of US trucks and making their lives a total PITA like Nova Scotia announced. 

Oh, you have US goods? Pull over. Oh, the guy just went on break. Guess your truck will have to sit there until tomorrow. Or maybe next week. 

We are canceling a planned week long trip to the US in April and making sure the vendors know it's because of this BS.
I don't like Trudeau and am glad he resigned but F DT and America. Avoiding all US companies and brands. They want to be petty, the rest of the Western world can be petty too.


Let's see how apple, Tesla and Netflix do when the Western world hates America. They have no allies left.
If nothing else, Trump has managed to unite Canadians pretty nicely. Honestly better than our next election would have.
The part of his speech when he referenced the wars we fought together as allies and our support for the aftermath of 9/11 choked me up a bit ngl. 

Sad we are in this situation but you eventually have to stand up to a bully. We have to find strength in unity as a country.
I really really don't like trudeau, but this was a great speech. Made me feel a bit more confident that we're gonna be okay.
The idiots with the Trump and F*ck Trudeau flags must feel very confused right about now.
This is going to be one of those historical moments where some of us will be sitting on the front porch with the grand kids 50 yrs from now and looking back telling them about the time when the entire country once again pulled together United and stood up to the tyrant fake president that tried to pin us against the wall and succumb to their demands. One good thing aBout this … we gots a lot more space on the shelves for Lambs Rum and Alpine

This is going to be a challenging time for us, but I feel that we are going to be healing a lot of self inflicted wounds caused by divisive in-fighting amongst ourselves politically. Our fight is now a United effort against a common monster …
Credit where its due, nice speech JT. Lets hit the fuckers where it hurts.
Lets fucking GO
Once again, love him or hate him, Justin Trudeau shows up to be the adult in the room.
We also need to tariff Teslas
Hell of a speech. I know people hate him but he's good at this shit.
Been a bourbon drinker my entire life. Give me your favourite recommendations for best ryes. 
Its only been 11 days and im so damn tired, man. Future looks bleak
Vive le Canada!
Its time for Canadians to buy Canadian products. If the US wants to throw a wrench in trade relations then Canada will look for a better trade partner. From everyone living in Canada, we hope Trump has a massive stroke leaving him even more impaired then he is now.
NS Just doubled highway tolls for American plates… nice!
Is there a link to the speech?
close or hike prices for airspace. Let them fly via pacific ocean to London
As an American, I am glad to see Canada not backing down to the orange idiot. This is the only way to fight him. What’s crazy is I know MAGA Americans don’t even want this either, but they will blindly follow and support Trump in anything he does. It’s literally a cult.
One of the best Justin speeches
I never liked Truedeau but damn was that not the speach of his career
Awesome speech by Trudeau. If this is a fight for our sovereignty, which it is, as a Canadian, tariffs is the price I'll happily pay. Vive le Canada.
JT is killing it. The US needs to feel the heat.
Canada must ban Twitter.
Lol imagine how Poilievre's speech would have been. Trudeau isn't perfect but that was legitimate patriotism
Did Trudeau say whether crude oil is included in this? If so, we really are cooked (I am American, excellent speech by Trudeau). Fuck Trump.
no idea if its true but I am seeing people on twitter claiming that trump was planning on increasing then to 50 percent if our government did this
Time to buy local y’all!"
"Canada shouldn’t remove retaliatory tariffs until all U.S. tariffs gone, Poilievre says",https://www.reddit.com/r/canada/comments/1j5xgcp/canada_shouldnt_remove_retaliatory_tariffs_until/,https://www.cbc.ca/player/play/video/9.6675911,"no shit. But I guess for once siding with Trudeau's stance
Oh I guess the focus group results finally came in.
""Just like Trudeau""
Pierre’s now stealing liberal ideas…

/s
Poilievre is the fucking internet explorer of politicians
Did he manage to say it without calling Canada weak?
That's what everyone was saying a week ago. Dude cannot come up with an independent thought
All Poilievre does nowadays is say exactly what Trudeau says…just one day later…
That kinda is the plan already?..
Wow, good idea Captain Obvious. Come up with on your own Pierre?
How brave of him to take this stance after Trudeau said it and received support for it.  Fuck this piece of jello.
Captain obvious late to the party as usual
A day late and a dollar short. Everyone sees right through him now.
tHaNkS pIeRrE!
Dude shows up a week late with ""keep doing what you're doing guys""

This must be that strong leadership and vision I keep hearing about /s

What a fuckin loser.
So, exactly what Trudeau already did while PP was crying in private that his lord and master doesn't love him back?
No fucking shit, is this man always this late to every party? 
Good Lord... I just agreed with Poilievre agreeing with Trudeau.


THAT was NOT on today's bingo card!
I know everyone is shitting on him for doing what everyone else already said, but having multi partisan stance on this is a positive sign of solidarity in Canada.
Who’s the copy cat now …
Already been said. Great work being last to the party. Seems PP is always first in line when it comes to kissing GOP ass but last to support Canadians. We'll second as Danielle Smith is always fist.
Wait, this is too hard for me to understand. Can he break it down into a verb the noun policy.
I was going to vote for PP, but his slow ass response to Trump and getting approval from Elon Musk turned me sour. 
Pierre is very good at saying what people are thinking....1 days later.
That is the existing policy, nice to see him catch up
Mean while the orange asshat tariffs our dairy products that we don't really sell to the states..
Yep, join the club.
This is one of those times that the title is the entire article.
Oh hey he finally said the right thing after exhausting all other possible options.
Dude comes in months later with the same view everyone else already said. Guess he wanted to make sure it was a popular opinion first.
I'm glad he agrees with the already existing consensus, I guess?
Donald and Elon want Poilievre in charge. Wonder why?
Yeah, thanks bud, that's the plan.
🤡
Bit late to this party bud!!!!
Only after eveyfuckingbody else already had said it
He always waits to see if his idea is already heavily favoured lol
Too little too late perhaps?
Far too late to the party, Pierre.
Nice to see PP join the conversation...to say...check notes what we've been all saying for months now.
To state the obvious…
That must have been hard for him to do without criticizing the woke agenda lol.
I guess since donald folded like the cheap suits he always wears pp needs a new tough guy to parrot.
Poilievre had to wait for the opinion polls to come in before he could make a statement.
So instead of parroting trump now he's parroting Trudeau?

  
Bold strategy Cotton, let's see how that works out for him.
Where does the CPC find these people... their recent leaders have had the charisma of a pile of tabloid magazines stuffed into a skin suit.

For real - if you're going to mock people for voting for Trudeau because he had nice hair, I'd recommend not running someone who has no ability to lead, AND doesn't even have nice hair.
Yes thats what the prime minister did already. SIT THE FUCK DOWN MILHOUSE
[deleted]
Did he come to that conclusion after everyone else has already said it and it is safe to do so? I guess that’s what he consider as leadership.

Can you imagine fighting a war of any kind under him?
Nice of him to show up after the feds and the provinces have already stated their views on just that. 

Always a day late and a dollar short."
Trump vows more Canada tariffs even as stock market continues sinking,https://www.reddit.com/r/canada/comments/1j3h6ly/trump_vows_more_canada_tariffs_even_as_stock/,https://www.rawstory.com/trump-tariffs-canada-2671264993/,"How can a person fuelled by so much hate and anger still be alive?  Surely his body would quit by now.  His mind certainly has.
Honestly, this would be a disaster for America. Increasing prices on American consumers to 50% or more in such a short time would be devastating. They haven’t even had time to start sourcing American products internally. It’s a disaster for Canada too, but we’re already in the darkest timeline.
Where are the Canadians that support this American bully? I am shocked they exist.
It should be expected that Trump is going to kick and scream for a few months before he starts looking for a way out. He expects the world to kneel before America but its not happening.
He's gonna blame Biden and Trudeau for his economy tanking now too, watch.
Trump on TSocial:

&gt;Please explain to Governor Trudeau, of Canada, that when he puts on a Retaliatory Tariff on the U.S., our Reciprocal Tariff will immediately increase by a like amount!
I can't shake the feeling that Trump might be a Russian agent. What he's doing to all of the U.S. allies is the biggest betrayal in history. He wants to weaken the West—that's the only explanation.
Canadians right now:

""I can do this all day""

Bring it.  We don't kneel to dictators.
Could trump put sanctions on canada? Well since it's trump I can't rule it out.
Putin is having his best few days ever! Wooooo
Folks, let's call this what it is.  It's a pump and dump.  

Trump has immunity from the courts and SEC.  Who else but this orange bag of shit and his grifter family launch and rug pull meme coins and profit from the election?

  
This is 100% about manipulating markets and making money.  The tariffs will be rescinded and will start up all again.  

Expect 4 years of this.
'Don't interrupt your enemy when he is making a mistake'
# FUCK YOU, TRUMP! FUCK YOU, AMERUSSIA! 🖕🏾🖕🏾🖕🏾
Starting to think it might be more fun to add administrative red tape for exporting some of these things rather than tariffs. Want to export American wine to Canada, we now need to know the lineage of each grape that was used in production. We also will need soil sample tests taken weekly, and irrigation records for the crops that were used.
Trump may has well set the tariffs to infinity because Canada is going to match him ever step of the way.
Unfuckingbelivable. The friendliest, longest, unarmed border in history destroyed in less than a month. Just so a few people can hoard even more wealth. I just can’t believe it.
The tariffs are needed because of all the fentanyl Canada is allowing into the US. Even though only about 0.2% of the total fentanyl in the US comes from Canada not to mention there's plenty of illegal drugs (and guns) coming from the US into Canada. But also ignoring the fact that it's the job of the US border guard to stop the fentanyl from coming into their country, not the other way around. But since when does Trump care about facts?
Time to move on, Trump is a crazy fool, anyone  that supports him is a crazy fool, there's only one way this is ending, and that's probably exactly what the crazy fools want.  I'm against their hatred
We should just go strait to “other measures” cut 100% of the energy exports to the US (electricity, oil, LNG, uranium) and metals and say in if tariffs are not lifted within 30 days we wont be sending any potash for the remainder of 2025 irrespective of future tariff actions.  Every week that tariffs remain in place we will cap and progressively lower the cap of all other 2025 resource exports. Sure, this would hurt us for a while. But when the bully is bigger than you it means you have to go all in and swing for the fence at 200% steam. The US would fucking implode.
Keep it up baby just like your rented GF’s said, it just won’t hurt much.
The literal dumbest person possibly alive in the world right now is the president. What a world.
Oh no... how dare we fight back after being attacked.  The absolute gall of us canadians for not taking your shit lying down.
www.forces.ca

The more we are, the stronger we are.
Hey Canada, American here, I think you should just just place 100% tariffs on critical American goods especially in Republican controlled states, cut the power, stop oil transfer. It’s time to show Republicans and Trump can’t force their nonsense and not be hit with realities
He is completely out of control.
FUCK KRASNOV!
Canada needs to not televise its moves so much. I liked how the Fed was handling Trump last month. Trump is actively looking to provoke violence and desperation and then he will whip around and say its the ""evil Canadians fault, they're not even a real country we need to invade.""  

Best thing to do is just quietly and efficiently broker new deals, jack up prices and bleed the American economy. When we have our ducks in a row (defense operations included), then we pull the rug and say fuck you.
Bring it on at this point
I have a nuclear economic option. Would probably need UK to back us military tho if shiet hits the fan. The US economy isn’t as strong it appears. Mostly it holds reserve currency status. Most countries do international trades in USD that’s why it’s dollar is valuable and they can print money from scratch. 
Canada can do is no longer trade our natural resources and Oil in USD but in Canadian dollars or other currencies. This may set a precedent that other countries will stop trading Oil in USD
Tell Fat “Cheeto” Nixon his diet cokes are going to get more expensive with the aluminum tariff!
Turn off all energy, sell it to Europe. Gonna be a shit show regardless, might as well take them down with us
I am just wondering how much longer until we start getting fundraising infomercials at 1AM on CBC showing us starving American children, pockmarked with measles, distended bellies from a diet of carbonated beverages and corn sugar…


/Pamela Anderson wanders into frame

“A Beaver head nickel would feed this hillbilly’s incest reminder a nourishing meal once a week to supplement the Government cheese ration he would have received if it wasn’t garnished by the child’s future education debt/clawback.”

🖕
Americans have no idea what's about to happen to their economy 🤦‍♂️
What people need to realize is that this isn’t just Trump spouting off about tariffs. It’s Peter Navarro who’s putting the ideas in his head. Navarro believes tariffs are this magic bullet that will make your economy great again while punishing the other guy. Navarro has a real bug up his ass about Canada because we made him look bad when we shut their bullshit down when they tried this in the last Trump administration - he’s even gone so far as to call Canada dangerous (lol).

So the issue here is that you have a tariff hawk with a person grudge against Canada feeding bullshit into someone with a narcissistic personality disorder who won’t back down easily because of his ego. Oh, and he’s deep into Trump’s good favor because he went to prison rather than turning on Trump. Not a great situation for us…

News articles need to be shining the light harder on the cockroach named Navarro so we can make his life hell and send him scurrying away.
Ok.  100% tariffs.  Let's get this over with.  It's obnoxious, dragging it out.

edit: Canada can survive internal unrest a heck of a lot longer than the US can.
Canadians do not even need the reciprocal tariffs. Just boycott everything American. Cars, booze, wine, any US brand you can. Find a Canadian alternative, or one from an allied country which doesn't have a shithead as president. Sell US stocks, avoid travelling south of the border. Just don't give Trump's regime a single cent if you can avoid it.
It’s also why he personally bought millions worth of bitcoin and etherium, then signed in a way to pump that using US Gov money, so his personal wealth isn’t in the stock market while he tanks it.
Trump won't finish his term he keeps on doing that. 

Mark my words.
Do it, Donnie. We'll just trade less with America and more with other nations. We don't need America.
Crashing the stock market to own the libs
This is going to be painful for us but we cannot give in to his bullying bullshit. Fuck him.
The markets have very little correlation with economic growth and GDP growth. Many Academic papers showing this over the past 70 years. We are seeing dips right now due to market and consumer sentiment, but there is a very real world where the stock market climbs while GDP shrinks and the middle class gets crushed by inflation.

What matters in this trade war is MAGA voters turning against their rotten Orange as they lose their jobs and are hurt just like we are. Markets aren't the barometer. The working class is the barometer. 

Same reason why Canada is only putting response tariffs on republican voting states. The Govenor of the Bank of Canada said that Canada putting in retaliatory tariffs does not make sense economically. And while he is right, we are trying to win a war of wills. In war, the attacking nation takes huge Political penalties and civil unrest if the government cannot convince their citizens it is justified. Doubly so if the citizens can feel the impact.

The defender in an unjustified war gets massive political unity buffs that strengthen their citizens' resolve in the face of an attack. Again, this goes doubly so if everyday people can feel it.

TL;DR, The markets are largely irrelevant and just used by news outlets when it is convenient. This fight will be fought by the solidarity in the hearts and minds of Canadians. We must be resolute and direct our anger not to every day Americans, but to Cheeto Musolini and his fascist/Russian loyalists. We will win this war on culture and resolve. While I may not be a betting person, it's the safest bet of my life to bet on Canadians rising to protect our Sovereignty. Be there for your neighbours. Show your love to your community and everyone in it. Together, we are Strong. Long Live Canada 🇨🇦
Because his goal is annexation. He's committed now. He's aligned himself entirely with Putin. We're caught in between two enemies.
Just so the stock market can go even lower so he and his friends and short it.
More? Canada is GOING to cut power to a few states. Why is this even happening? There is no good reason for tariffs levied upon Canada. The supposed “illegal” immigrants and “drugs” flowing into the US? That’s ludicrous. This is the dumbest trade war on in history. People are going to suffer for no reason whatsoever.
Hello Canadian friends. An American here. Please let me apologize again for our President. I didn’t vote for the orange idiot. I cannot say I’m sorry enough. Every day I pray a meteor will hit him and Musk.

That said, I’d like to ask a favor. Trump people are hinting that he may walk back the tariffs tomorrow. We really need your help to teach the Cheeto in Chief a lesson about strength. Please, call your representatives and tell them not to remove Canadian tariffs on America if he does. Continue to boycott and buy Canadian. Continue to target our red states. Canada is in a position of power, and Trump needs to lose. He needs a big loss, and a public loss. It will absolutely suck for my country and myself, but it’s necessary to make this moment hurt, so the people who voted for him get a hard lesson on why this stuff matters, and why these policies don’t work. Help Canada get guarantees that this won’t happen again, and that all the disrespectful rhetoric stops. 

Thank you all again for being great neighbors and great friends. I’m really sorry my country has lost its way, and taken it out on you."
"Trump promises a 25 per cent tariff on products from Mexico, Canada",https://www.reddit.com/r/canada/comments/1gzxz2n/trump_promises_a_25_per_cent_tariff_on_products/,https://www.theglobeandmail.com/world/article-trump-promises-a-25-per-cent-tariff-on-products-from-mexico-canada/,"&gt;“On January 20th, as one of my many first Executive Orders, I will sign all necessary documents to charge Mexico and Canada a 25% Tariff on ALL products coming into the United States, and its ridiculous Open Borders,” Trump said in a post on Truth Social.

&gt;Trump said the tariffs would remain in place until the two countries clamp down on drugs, particularly fentanyl, and migrants crossing the border illegally.

The USD/CAD exchange rate just spiked on this basically a tweet
Energy is a product, right?
Very well. Cease the transfer of hydroelectric power from Quebec to New York State and New England.
I wonder if Canadian lumber will be cheaper in Canada if they have excess supply as a result of reduced shipments to the US
It’s going to end as soon as the last tariff spat began under his last administration.  Canada put tariffs on things in the districts of prominent republican senators and poof, tariffs went away.  Just slap a tariff on teslas and watch Elon pop his head out from under trumps desk for a minute and ask the orange Mussolini to back down.
So 25% on Canada and Mexico where they have free trade agreements in place and 10% on China where there is no such agreement.

Also, sounds like 0% on Russia....lol
Pretty sure this is a violation of the treaty terms he negotiated during his first term in office.
Get ready for Inflation 2! Prices are going up!
So he’s promising that U.S. companies will have to pay a tariff themselves on everything they import from Canada and Mexico, right. I think someone needs to tell Trump for the umpteenth time how tariffs work.
The American voter deserves him. The rest of the world does not.
25% tariff on Canadian oil it is then!  A knee cap for a knee cap, that seems fair, right?
This guy is truly going to tank all of North America's economy. Let's just take one example: Automakers. They have their manufacturing spread out between Canada, USA and Mexico to keep all countries happy. They would be destroyed by this kind of nonsense and can't just move all manufacturing back to the USA on a moment's notice.
Stop selling them our water
Everytime in history that the USD has been very strong compared to CAD has resulted in everything from manufacturing sector booms, film and television, etc etc.. Canada becomes a cheaper america that is literally closer to the states than some states. 

what a horribly stupid idea by trump
Well past time for CANZUK and closer ties to the EU.
Way to... cripple your economy?
That's not good....for the U.S.

EDIT: MEANT to say ""for the U.S., too""
Obviously bad for Canada and Mexico
How is it open borders if Trump was the one to setup USMCA. Does he not remember what he did? Not to mention the stupidity of a 25% tariff. At this point I'd swear a room full of monkeys on his truth social account would be more rational.
It’s going to be a very long 4 years 😩
&gt;Petroleum imports from Canada have increased significantly since the 1990s, and Canada is now the largest single source of U.S. total petroleum and crude oil imports. In 2022, Canada was the source of 52% of U.S. gross total petroleum imports and 60% of gross crude oil imports. did you know?

Good luck
This will be brutal on Canada.  Our manufacturing sector is already unproductive.  Adding a tariff on top will be devastating
You have to wonder how long Trump’s leash is with moderate/establishment Republicans and red state governors in states that rely on Canadian products.
This will be a fun recession...at least I can laugh at all the morons who celebrated on FB when Trump won. Its the small joys in life
Does Trump think a tarrif is like a tax for countries? Like does his think that’s a 25% surplus that Canada and Mexico will pay on any trade goods?
Going to be amazing when Trump voters finally realise it's Americans that pay the tariffs on goods not the country selling them and the price for building materials like wood and steel shoot up to covid prices.
There's going to a great depression... Tariffs helped make the last one. This is gonna get fucking ugly.
The only thing dumber than a trump supporter is a Canadian trump supporter
This is completely stupid.
GG everyone.  We had a good run.
Time to put an export tax on raw materials They need our raw materials and we should not ship raw materials. If you need lumber it’s going to have to go through our mills. If you need nickel you have to buy it in a form that’s processed here. Our government has been letting this go on to long.
Put tariffs on the US until they stop the smuggling of firearms into Canada.

/s, kind of. Play his stupid game.
Anybody know a good master list for Canada-made products? Time to start supporting local/national
Welp, there goes NAFTA.  🤷‍♂️
ELI5 - how can he do this when we recently signed a new trade deal? you’d think there would be a provision about tariffs and restrictions on their imposition 

does this end up in the courts?
Former trucker here (well I might go back to it, waiting to find out if I need another surgery) I saw some pretty interesting ways companies were getting around tarrifs. The biggest one i saw was ""inventory transfers"". Basically companies were transferring inventory from Canadian warehouses to American warehouses and selling that way instead of direct to customers. I saw this a lot with lumber and steel. Not sure how this is legal but i just deliver the stuff. If the paperwork clears I don't ask questions.

I am curious to see how this plays out. I think if I get back in a truck I'm probably not going to run the US anymore. I remember having a lot of issues with food coming back up. It kinda sucks because I really liked bouncing between Canada and the US.

Just throwing this out there but there are a lot of good people in the US just trying to survive, just like here. These tarrifs don't help anyone and if anything we all will have to touch the shit stick.
Galen Weston currently wondering how much he can raise prices on January 20 without the masses rioting.
Canadian trump lovers. This is what you get cheering for this felony loonie toon.
Can we now slap every boneheaded Canadian who wanted a Trump win? Said he'd be a great choice?

Idiots...
Not good for anyone at all. Trump has to look tough for his dictator buddies I guess.
 Fully expect this reality TV showman/imbecile to crash the US economy from about 4 different angles, chasing made up problems with made up solutions."
"White House says Trump plans to follow through on vow to slap tariffs on Canada, Mexico on Feb. 1",https://www.reddit.com/r/canada/comments/1ic9rna/white_house_says_trump_plans_to_follow_through_on/,https://www.cbc.ca/news/world/canada-mexico-tariffs-trump-white-house-1.7443771,"[deleted]
Why are tariffs always ""slapped""?
Can anyone explain what the point of ANY country signing a treaty with the US?
Someone better call Saskatchewan and ask them if they'd be so kind as to cut off all potash shipments.

+93% of all US use of potash comes from Canada.

Things will get very uncomfortable for Trump when the farmers can't fertilise their crops this spring and summer.
So it's the 28th, few days away from Feb 1st, do we know yet what the tariffs will apply on? Since some are saying so and so is exempt etc 

We have companies and industries still unsure if they will be affected or not because the idiot across the border is just yelling tariffs without any specific details
Last year we spent about 10k travelling in the US, we will spend $0 for the next few years. Might mean nothing, but I'm sure I'm not the only one.
Cut off their power
If he's dead set on trying to get Canadians to grovel to him, he's going to be disappointed. 

In which case, hopefully our government will deliver a heartfelt message from Canadians advising him to please go and commit an act of self-fornification.
That or he'll keep threatening to impose it ""next month"" for the next four years. Just dangling it over our heads like the sword of Damocles.
Honda builds cars in Canada, civic, CR V, CSX and MDX, I refuse to buy a US built car and 62% of cars sold in Canada are from the US. We need to rethink our position - fuck the USA they do not respect our alliance.
I had a guy at work who is a Trump voter and always complained about inflation say that he’s glad prices are going up because “it proves that Trump’s plans are working.”
You really can’t make this shit up man we’re in the twilight zone.
I work in a plywood plant and we are still in the green right now but we will see what happens with this shit storm. We have about 55% of our product that goes to the US so this should be interesting :/
Trump fans are about to find out why he went bankrupt so many dam times. Grocery’s are going to become another mortgage payment 😂
Donald Trump is shooting America in the foot, maybe in the head. He is basically treating friends and enemies the same way (not only slapping tariffs on China, but also on Taiwan and Canada). What an idiot this guy really is. Tariffs raise the price of anything imported from those places to America, which means inflation and higher interest rates. That contradicts his assertion that he will demand interest rates be lowered.
So China continues to build alliances and gain friends w countries all over the planet and Trump is shitting on two of the few still hanging w the US? It’s almost like he’s intentionally fucking things up.
i hope we go all out on them with any retaliatory actions
No more heading across the border for shopping for me or trips to the States.
Really hard to say to what extent Trump is incredibly stupid or if this is all turning into some sort of crazy plan to crash the US economy and reshape American/world order through capitalizing on the crisis.

His new promise to tariff semiconductors from Taiwan is just pure insantiy for the American tech/AI industry and geopolitically vis a vis backing away from US protection of Taiwan and what China might do.

The tech/AI industry utterly depends on TSMC chips, technology, their production skill, and their capacity to manufacture at scale. And they cannot onshore the processes needed at scale in America on the timeline required by Trumps tariff threats.

The Canadian tariffs make no sense but the Taiwan tariffs are suicidal for American industry. I don't know what to make of this. To what degree stupid to what degree a bluff to what degree an insane plan to crash the economy and reshape the world?
He's dead set on any 'deal' reached being BECAUSE of the tariffs, so he can brag about how powerful they are. Which means he has to hit us before we talk.


The Minister of Foreign Affairs meets the Secretary of State tomorrow. I'd love to be a fly on that wall.
The real issue is business confidence.  Predictability is one of the most important things to a busines.  Even dealing with a dictator you just factor in the bribes and carry on with business.  This guy is unhinged.  Unpredictable.  You can’t do business when a deal isn’t a deal.  Economists say “well defined property rights are needed for an economy to exist” and a desire to continously re-negotiate means property rights don’t exist.  

The message to the entire world is clear:  be prepared to walk away at any time from any and all deals made with the US.
Why did the average American want this shit?

Was the black lady so fucking bad?
This is the dumbest timeline.

Half the shit Canada exports, oil, cars, etc is owned by US companies.

It's a tax on US citizens, making them pay 25% more to put revenue into Trumps budget so he can afford tax cuts for the rich.
This is going to be a disaster of epic proportions for our economy.
It's going to be absolutely crazy when all the companies in Canada and Mexico actively seek out and find other markets, and global investments flees America, and they get shut out of the party. Isolationism is so 1880's. There is a reason why everyone abandoned in in the 20th century. 
He's going to do it regardless of what we do just to bring us to heel at the negotiating table - the only thing he'll understand is push back or we'll be doing this again and again until he gets complete capitulation.
  
We need to fight fire with fire or he'll see it as weakness and keep taking more.
Is there a way to impose a 1,000,000% cost increase on face bronzer?
Congratulations on fixing this Danielle Smith
Trudeau is preparing a pandemic level response to save jobs. 

Guess we are expecting the right to response with the same level of hatred they had for CERB.
Brace yourself.
We just cancelled a business trip to the US.
I think Trump is dead serious on tariffs and he doesn’t care about its ramifications.  It’s certainly a tax that will be passed on to US consumers and will hurt the exporting country(s).  
Try to follow the money.  This is 25% revenue going into the US coffers with no oversight.  He has not said what will happen to these funds.  I suspect a very small amount will go to paying down the debt and minimize the impact of the 1%’er tax breaks.  However the majority will be money funnelled to the techbros and other billionaire buddies.  Of course he’ll take a cut of this too.  This is very much how Putin gets his money.
It's gonna suck.  Once they destroy their economy and the rest of the world along with it, maybe the orange felon and his orange peel followers will learn.  Or maybe not.
Oh,I hope if this joker tariffs Canada every Canadian cancel there US company subscription that you have.Cancel all visits to the US.If the world stops travelling to the US there tourism industry will take a massive hit.If our car companies here are affected tariff only US car companies.
We sell so much electricity to the US - time to turn off their lights and see how long it takes before their citizens are complaining about the sharp increase in their power bills
Assuming the Yanks actually manage to have a free and fair election in '28, and assuming they elect a real leader, their international standing will still be wrecked for a generation due to Cheeto Benito's bullshit.
All of you Trump supporting Canadians on the right.....PISS OFF.
Can somebody explain this to me?

Originally, as I understood, Trump was threatening CANADA with tariffs  if we didn’t tighten up our border in the way he wants.  That at least seems like something the USA and CANADA could bargain about.

But ever since then I’ve only seen Trump talking about tariffs to force us to become part of the USA!   And that if we just joined the USA, then we won’t face the economic pressure.

So WTF?   

We are clearly not going to be joining the USA, therefore… what exactly is Trump’s motivation?  What realistically is he shooting for?  

If he kept to  “ make your borders more secure” at least there is some sort of endgame possible result.  But if he’s making tariffs contingent on whether we join the USA or not…. What the hell is he doing?
This is sure going to make the 4 Nations games against the U.S. a bit more interesting.
It feels like his comments about border security and military spending were just an excuse to create economic hardship for Canadians. Still not sure if his endgame is a better trade deal or actual absorption of the whole country?
Don’t bother with counter tariffs, stop the flow of electricity, oil, potash and lumber. It’s time to decrease trade with the us and look for replacement markets for our products
It'll be time to cut off all potash, water, and electricity exports.
I think it's time that all countries unite against this fascist regime, it will help fuel what is truly needed in America right now, full blown revolution.
CAN'T WAIT TO BOYCOTT AMERICAN PRODUCTS r/BuyCanadian
I wish my childhood friends who support Trump would feel shame at their stupidity for supporting him but I know they never will. Fucking dummies.
Why would anyone become allies with America after this ever again?
What about all the drugs and illegal guns that come into Canada from the USA!
American here. 

He’s killing us. 

Enjoy your freedoms. Hold onto them dearly. I hate everything."
Trudeau not willing to lift Canada’s retaliatory tariffs if Trump leaves some tariffs on Canada,https://www.reddit.com/r/canada/comments/1j4kyip/trudeau_not_willing_to_lift_canadas_retaliatory/,https://www.mychamplainvalley.com/news/world-news/ap-international/ap-trudeau-not-willing-to-lift-canadas-retaliatory-tariffs-if-trump-leaves-some-tariffs-on-canada/,"100%. There is already a trade agreement—which Trump signed himself. If you want to renegotiate it, there's a process for that. We should not lift a single tariff until they comply with legal trade obligations and drop theirs entirely—enough with the lies on border security to justify this nonsense.
If Trump tries to escalate, around 18 million Americans use online Canadian pharmacies. Hit every registered Republican with an export tariff and see which hill they die on.
As far as I’m concerned, we don’t remove tariffs until Trump pays for the damage
The  overgrown gold fish finding out you don’t declare WAR while only having concepts of plans.
Fuck you, Donald. 

Sincerely, Canada 🇨🇦
Fuck yeah,   no half measures,  or the orange bastard will just do it again as soon as the mood strikes.
Elbows up folks. Elbows up.
We will only accept to end tariffs when Trump gives us 50% of all mineral rights in the US
and ditch starlink, its a security threat
[removed]
This is good!
Burn it all to the ground if we need to. 

Canada is the reason for the Geneva Conventions.
Every time they remove a tariff we need to put an export tax on it to bring it back to 25%.

Ya’ll don’t get to pick and choose which ones to tax based on what benefits YOU. Nope. All or nothing; we didn’t start this, but we’ll damn well finish it.
Honestly what the fuck. Some dude comes along and punches you in the nose, the gut and the crotch and he says he won’t punch you in the gut anymore? Fuck off I’m still going to try to connect wherever on every god damn swing.
Trudeau has done well lately!
Quick way to piss off the corps backing trump would be for the Canadian government should no longer enforce copyright protection on American products.
Me and my family are ready to do without. We are ready to pitch in where we can. All we want is to see those arrogant gangsters to fall.
How about we /r/buycanadian forever?
At this rate, Trudeau could almost have won a confidence vote.
NAFTA or nothing. There is no middle ground.
Great!
One strategy to beat a bully is to be a bully back. Full leverage applied, twist that arm and don't let up.
all or nada!
Good for him. I wouldn't either. He obviously needs to learn the hard way — Don't start none, won't be none.
Nothing should be lifted untill Asshole Trump fully backs off. If he's whining about the deal, he should blame himself. He's the idiot who signed it the last time he was in office.
Only if they drop ALL the tariffs and publicly commit to ending this farce once and for all. No more one  month delays, no more games. 

Of course even if he promises we all know Trump’s word means shit, but it’ll embarrass him a bit
 👏 👏  elbows up!
Remember everyone, even if the governments call truce, it doesn't mean we have to. 

As consumers, we can choose with our wallets. Even if American booze return to the shelves, it doesn't mean that we as consumers have to purchase them. Just like how the Gretzky booze is owned by a Canadian, it doesn't mean we have to support it either.
Take em all off or leave em all on, and let's get this over with. No bullshit Donald, just make up your damn mind. It's your trade war, own the pain that you're inflicting on your own citizens (not that you care).
 A friend who double crosses you makes you the worst type of enemy. Canada will fight till the end.
Even if tRump lifted all tariffs, I can’t see us buying US products again. Also, we’re definitely not traveling to the US while tRump is president.
While emotionally satisfying, this is also the only way to deal with Trump: we can't have him tweaking his tariffs to try and find a combo that minimises his issues, as he expects Canada to ramp things down in return.

This game can go on forever, and it can hurt Canada more than the US in the long run, so we need to find a definitive exit, and not just ramp things down to a low simmer.

He needs to simply respect the Free trade agreement and stop trying to bully us around.
Good for Trudeau..don’t back down
Can we legally block American ships from using the St. Lawrence Seaway?

What about fining the US $100,000,000 for every illegal firearm that comes from the US confiscated by police in Canada?
What ever Trump is trying to make concessions on are the pain points for them. Exploit it.

So far:

10% on Energy, 
1 month pause on auto and
according to CNBC (tonight) agriculture.

He can’t afford another 1000 pts drop in the Dow or people will start to turn on him. Also since Ford is committed to the export tax, start raising it by 5% weekly.

Also; why would we ever sign another trade deal anyways. Americans don’t respect them.
We have an expression in Australia for this situation, ""Yeah nah"".
Alpha Trudeau
Turn the screws. 

Sassy Trudeau is the best Trudeau.
I have made it a point to never use hate to describe a feeling I have towards another human being. I have disliked many people for many reasons. I can honestly say I hate Trump for the hateful, narcissistic, sociopath, ignorant, disgusting, piece of garbage he is. The day I no longer hear his voice or see his disgusting face can’t come too soon.
Puts on the USA!
We’re doing the democrats work for them up here lol
Elbows up
Been awhile since I agreed with Trudeau's position.
Keep boycotting. Fuck Donald Trump.
Good, make him eat it, call his bluff. He's a bully and he needs to feel the consequences of that 
Americans believing that Canada put Tariff’s on America first and spreading missinformation. 

https://www.instagram.com/reel/DGzJnZFvkFq/?igsh=MWE1NWhyNDF2djk3dw==
Don't you *dare* let up. Not one *inch*.


The only language these bastards understand is money. They're already screwing the ones who don't deserve it - take them down with us. And you can't tell us apart easy, so don't get squeamish. That means *all* of us. These fuckers exploit loopholes like Cirque du Soleil, so any quarter given is perverted mercy.


No one has ever held us accountable before.


We're past-due.


... y'all ever wanna make like your ancestors and burn the White House down...? Asking for a friend. One with marshmallows.
Good. From america. It has to fucking hurt for the magats before shit gets better. I’m sorry you guys are caught up in this.
We play hardball here too Donnie
🪿🪿🪿🪿"
Canadians drop their politeness in the wake of Trump’s tariffs,https://www.reddit.com/r/canada/comments/1j6hbdq/canadians_drop_their_politeness_in_the_wake_of/,https://www.nbcnews.com/politics/trump-administration/canadians-drop-politeness-after-trump-tariffs-rcna195420,"[removed]
Once again for you morons, it's not about the tarrifs!
It's about the threats to sovereignty.
It is infuriating that the media continues to make this strictly about the tariffs. It’s not about the tariffs, it’s the **motive** behind them. 

There is a cancer in that country that has spread far beyond Trump and his band of ghouls.
""Canadians aren't matching our Canadian stereotypes anymore, and therefore we get to be upset with them 🥺""

Canadians aren't pushovers. We never have been. We're passive-*aggressive*. We communicate through tone and action. We're just being direct for once to try and clear up the message to Americans.
Once again, politeness gets mistaken for weakness. Americans are finding out Canadians are anything but weak.
You fuck with my water, you fuck with my minerals, you fuck with my oil. But the minute you threaten my land and my flag its gloves off. I dont want to be American. None of us actually do. You think usa can just come annex us. We will resist, we will fight. You wont win.
You may be surprised by how politely I can tell someone  to ""get fucked bud""
As I saw someone comment a few days ago

""We'll be the first to say sorry and the first to make you sorry""

And I'm all for this
“ Others interviewed at Toronto City Hall had nothing nice to say about Trump or his tariffs. But ever well-mannered, they stopped short of directing their scorn directly at the American people — even as they warned costs for them will increase too because of Canada’s retaliatory moves.


This is going to screw us, and it’s going to screw you guys,” said Chris Peterson, a carpenter from St. Catharines, a city in Ontario province on the U.S.-Canada border across from western New York. “Pardon my words, but yeah, you guys are all your prices are going to go up, and all our prices go up. ”
Another American news source with their head up their ass.
That’s a very American perspective. Canadians are still polite to their friends.
Their president wants to put you out of work and take your land. How polite would you act towards such a person and their supporters?
Anytime your actions have lead to Quebec and Ontario being in absolute agreement, you have messed up badly.
I didn’t drop my politeness, I just stopped giving it to a nation of imbeciles that elected a compete madman…twice.
By Garrett Haake and Olympia Sonnier:

*TORONTO — President Donald Trump’s tariffs on Canadian goods, coming on the heels of his taunting threats to make the country the 51st U.S. state, are eroding the inherent politeness of Americans’ northern neighbors and rallying them around their own flag.*

*Canadians are removing American liquor and California wines from their store shelves. They’re pulling back on future visits to the U.S.*

*[...] The Canadian government on Friday launched a $5 billion program to help businesses in the country navigate the tariffs and find new markets for their exports.*

*Provincial governments are taking forceful steps on their own to encourage consumers to “Buy Canadian.” Ontario’s government-run liquor stores sell nearly a billion dollars in American products every year, but they were ordered this week to stop selling American wines and liquor.*

*[...] “We’re still being too nice,” said Peterson [the carpenter from St. Catharines]. “I think we should cut everything up. No electricity for you guys, no wood for you guys, no nothing, till he takes every one of those tariffs away.”*

*As for Trump’s ambitions to make Canada America’s 51st state, “Not a chance,” Peterson said. “We’re not going anywhere. We’re Canada.”*
 The yanks have been handled battlefield defeat after battlefield defeat since WW2. This time, however, the battlefield defeat and death will be on their shores, on their infrastructure, on their streets.

 The world has seen the proud, brave and unbreakable Urkaine resolve. Wait till they get a load of Canada.

 Slava UKRAINI.
 The Maple Leaf FORVER.
 Elbows up/Gloves Off

   'It is victory, victory at all costs, victory in spite of all terror, victory, however long and hard the road may be' - Winston Churchill
In recently arguing with Americans online, it’s actually kind of shocking how they are incapable of seeing anything from anyone else’s perspective, but that of an American
Yep, under our nice exterior lies a lot of the reasons for the Geneva Convention 

FAFO
Is this supposed to be some sort of surprise? After months of constant threats and disrespect. What did the USA think Canada was going to do? 

Kick rocks and eff off ya hosers.
Outsiders don’t seem to understand that our reflexive politeness is social lubricant. We bump, both sides say sorry, everyone moves on and doesn’t make things a big deal accidentally. We give people the benefit of the doubt, live and let live.

None of that is actually accepting fault, and it’s based on reciprocity. Canadians are used to dealing with other Canadians, so others being impolite, and worse still acting like our politeness gives them license to run over us — that’s so obviously offensive.
If you think France can be mean, wait and see how we french Canadians kept that heritage
6 months of the year our country descends into a deep, persistent, biting cold from which there is no escape. We're hearty as fuck. 

If you're born here you take that heartiness for granted, but when you're an immigrant, surviving your first couple of winters mentally intact is one of the hardest things.  

We're tough as fucking nails.
Trump has done what no other Canadian PM has probably achieved. United both Alberta and Quebec to side with rest of Canada

https://centralalbertaonline.com/articles/alberta-moving-forward-with-tariff-response
Canadians are polite but we’re also pissy and have long memories. My boss is the perfect example of America’s misconception of Canadians; he comes off as an overly polite, corporate speak, soft spoken, typical corporate leader with a stick up his ass. I think he sleeps in a suit. He also gets up at 4:30am 2-3 times a week to play hockey before work. I’ve seen him play and I’m pretty sure he only keeps doing it so he can hit people. He comes into the office with a fat lip, limp or visible cuts at least once a month. On the ice, he literally turns into Lisa Simpson from the hockey episode shouting, “HACK THE BONE!”. That’s the side America hasn’t seen, they think we’re elitist dandies and we can be, but a lot of us are a couple of beers and a lip full of dip away from being ready to throw down any day of the week just for the pride of it.
Proving once again that America can’t win any war they can’t nuke their way out of.
Subtlety is lost on these cousin-fucking mouthbreather MAGAs. Unfortunately we have to spell it out for these troglodites that we aren't for sale, and we don't need to be rescued from our democracy.

And I swear to Christ if I hear ""Im sorry, Im American and I didn't vote for him"" one more time from some neutered American, I'm gonna lose my shit. It's time to fight for your democracy or passively elect a dictatorship.
In 2018, Trump himself signed an agreement on trade to replace the older one. Now, he ripped it, threatening us, back off and created confusion. Now, he is calling this negotiation, there are mechanisms for negotiation of the existing agreement and he didn't use any of them. This isn't negotiation.

As long as Trump or any of his goons is in power in the USA, Canada is better considered the USA as an enemy.

It's time to wake up and develop commercial relationships with other trustworthy partners. It's time to grab a chunk of the USA market in foreign countries Trump pissed them off.
I’m saddened that we had to cancel our Disney land/ Universal trip this summer, we planned this trip for 3 years. Where I had to explain to my three boys (12,10,7) that due to their disrespectful new president. I informed them that respect is very important in life. Bragging to take over our country Canada is very disrespectful to us Canadians. In principle, no American products and no US vacations. Trump and his cronies need to respect Canada 🇨🇦.
Here's a European. I find the NBC headline totally disrespectful to Canadians. It caricatures you and plays on easy stereotypes... And we're talking about an anti-Republican media outlet!!! Once again it's clear that the US media mouthpieces, regardless of their editorial line on the domestic political level, will always flaunt US imperialist arrogance and supremacy.
Fuck donald and his facist ways. 
Someone needs to do something about him befor its too late. America is already ruined, dont let him ruin Canada too
“There are three things all wise men fear: the sea in storm, a night with no moon, and the anger of a gentle man.”
*\*Looks at my comment history*

Yeah....Something may have awoken in me, and I may have accidentally snapped and not held back this time.
Canadians are petty AF. Elbows up!
Americans, left or right, ARE RESPONSIBLE for their government. Trump was elected as much by the left of centre who did not vote as the right that did vote. 
Apathy, or self delusion, but Americans are ALL responsible.
Canadians have two moods... Sorry and you will be fucking sorry.
It's not **only** the tariffs, dammit.

The threats of annexation are an even bigger factor.

.

And so far, very few US news organizations seem to have got that clue: https://www.nytimes.com/2025/03/07/world/canada/trump-trudeau-canada-51st-state.html
Canadians are good to have as friends. Canadians are freaking terrible to have as enemies. We helped invent the Geneva Checklist.
The Americans have so much more to worry about than whether or not Canadians are polite to them. Trump and  Musk are dismantling their government system one piece at a time and reassembling it in a way that allows for the maximum scamming of money for themselves and their billionaire friends. But news organizations like NBC are not going to report that anymore, ever again. Which is another big problem that Americans should be paying attention too.
Fuck you Donald.

\- Canadian From Vancouver
Sorry, not sorry, eh. 
Fuck Trump, and Fuck the US
1. Canadians aren’t as polite as our reputation suggests. It is all PR.

2. The issue here isn’t tariffs, it’s betrayal by our closest ally. We stepped up when America needed us. Now we get bullied?
When a fat, boorish oligarch peers over the border and declares that he'd like our land because ""Canada isn't a real country,"" you're going to see seething anger.
I hope that the utter disrespectful and arrogance that is being shown to us will get through to all Canadians. I know a lot of us are still heavily influenced by right wing (and largely American) voices. I want this to get through to every one of us. 

And we need to HOLD OUR POLITICIANS’ FEET TO THE FIRE!!! 

Doug Ford is doing well but he’s a weak point. Let’s stay on top of them every minute of the day. No caving. No weakness. 

FUCK TRUMP and FUCK American imperialism. Let’s go team Canada 🇨🇦 we will hold strong
I've always thought the ""Canadians are all nice"" stereotype was pretty hilarious. We are nice to people doing the same in kind, but the second you step out of line..

And that's not including passive-aggressiveness; good lord, if Canada could export it, we would be the richest nation on the planet, by far.
Politeness dropped and ELBOWS UP
#fuckTrump
America's biggest mistake was only looking at the surface of Canadians and not asking the ""why.""

Canadians live in cold, sunless environments for 5 months out of the year. We all acknowledge its SUCKS so we are polite to try to make the world not seam so bleak.

You just gave us an outlet for that pent-up anger.

Now, we want to make Americans suffer. Your egg prices, your energy, your potash, and your oligarchy can stay south of the border because crossing north will only make you a pariah.
Canadians are still extremely polite with their friends. America is just not a friend anymore. Fuck them!

I'll make sure even my grandkids remember this.

Also, what a shit piece of american-owned media!
&gt;At a LCBO - a state-run liquor store in Toronto, on March 6, 2025, from left, empty shelves where American wines would normally be on display; A sign explaining why the shelves are empty; From right, empty shelves where American whisky would normally be on display next to stocked Canadian whisky.


The audacity of NBC news calling LCBO a “state-run” liquor store. We have PROVINCES here and NOT STATES you FUCKERS!

Edit: Pardon my ignorance of the meaning for “state-run” but… FUCK them still!"
Nearly 70% of Canadians think less of U.S. due to Trump tariffs: Ipsos - National,https://www.reddit.com/r/canada/comments/1ik78kk/nearly_70_of_canadians_think_less_of_us_due_to/,https://globalnews.ca/news/11006887/donald-trump-tariffs-canadians-us-opinion-poll/,"Honestly surprised it's not over 70. Just crazy to me that not everyone feels disrespected by this.
Their president threatened to annex us, that’s all that needs to be said.
Trump probably could have gotten everything he wanted if he used diplomacy and wasn’t a completely abrasive and disrespectful ass.

Now he’s firmly galvanized Canada against him and made any plans he may have exponentially more difficult
THIS ISN'T A JOKE. FACTS! Just imagine Canada threatening America's sovereignty, making jokes about them being our 11th province and referring to them only as ""11""?  (Yes, Maga is now calling Canada ""51"")

That is the issue with the American institution. America thinks everyone wants to be them and that it would be such a privilege to live there and that the entire world revolves around them.  It's not the 90s anymore. Canadians DON'T want to be Americans... AT ALL!
I actually think LESS of Americans because they re-elected a fascist pig despite him telling them what he had planned.  Next stop....canceling mid-term elections, declaring a national emergency and refusing to call an election.....ever.
Only 70%???
Honestly. They’ve lost any last respect I had. It was slim after 2016. I’m sorry to the voters who didn’t vote for him but the fact you’re all doing nothing now that he’s prepping the country for a takeover means you’re complicit too. 

You get what you deserve. Fight for your country like the constitution allows. You can decide whether you’re allowed to use your guns for more than school shootings. 
[27% of CPC voters think Trump won](https://x.com/angusreidorg/status/1479182300243902465?ref_src=twsrc%5Etfw) the election against Biden. So there's always going to be a baseline of people you can't reach with this stuff.
Even the sentiment around US conservatives with regards to these tariffs is disgusting. Their cavalier attitude to the potential suffering of millions of Canadians was a big shock to me. These people do not care about Canadians, they don't care if people suffer or die. As long as the US can add a few more dollars to their country.

These MAGA cult followers really are truly fucken disgusting people.
I thought less of the US when they elected a criminal..
It’s not even the tariffs for me as much as the 51st state shit.

I would make 3x more at my job if I worked in America but I specifically do not want to live in America.
Besides my family members thereI have a deep disdain for Americans.
Yes about 32% voted for Trump and a staggering amount didn’t even bother voting meaning they were fine about the outcome.
The other 30% already had the lowest possible opinion of the US so voila! National unity.
What’s with other 30% exactly?
I mean tariffs and the whole fascist hell hole. 

Our neighbor is building concentration camps.  We should think very less of them.
For those of us who knew he was a trash human being  &amp; awful politician for about a decade now, it’s crazy to see how long and how much it’s taken for some people to finally realize.
The other 30% _couldn't possibly think **any less** of Trump._
It’s not his tariffs, it’s his attitude
Trumps approval rating is at its lowest point, and most of what he's doing wasn't even mentioned on the campaign trail, lots of Republicans feel betrayed right now, the territorial ambitions came out of left field.
Also the part where he’s threatening our sovereignty.
The Liberals thank Trump for his contribution.
How do they even come up with these estimates?!  Not everyone is polled?  Do we know what assumptions are made?
Americans always bragged about being the great defender of democracy,  want them there guns in order to fight a tyrannical government.  

Vote for a pedo/rapist and known conman,  even after admitting to being a dictator for a day (or two). 

Allow Must &amp; others to dismantle, shut down reputable sections of the government, including having access to the payment system. 

None of there other branches do anything to counter the abuse of the presidency.  

There was more action done on Jan 6th supporting the overthrow of the democratic process than there is now. 

I hope my countryman do not ever get so apathetic towards our freedoms and become less and less free as I see Americans are becoming.  

I think their whole political system, the two party state has destroyed the idea of for the people.  The USA is a flawed democracy that is rapidly turning into an oligarchy,  and the indifference from the public is deafening.
And the other 30% already had the lowest opinion possible, explaining why it wasn’t 100% lol
Tey 70 percent of the world, who back stabs their best friend to strong arm them?
The other 30% had already hit rock bottom.
TIL 30% Canadian are traitors.
Well that’s what happens when your neighbours turn out to be Nazis
1. Threatened annex on multiple occasions. 2.  Levied tariffs with an executive order to their biggest trading partner for doing day-to-day business. I’m non-Canadian living in Canada and even I’m offended.
The first time Trump got in could be excused as naïveté. The second time was a conscious choice. This is now who you are, America, and it is ugly and mean and dumb. Get lost!
Guessing that other 30% live in Alberta lol
We have a serious misinformation / education / mental illness problem if people in this country support Trump.

People like Pierre and Trump need to stop being sane-washed by the media, on both sides of the border.
Wtf is wrong with the other 30%
It's not just the tariffs.....
The other 30% already hated them
The other 30 percent prob couldn't think lower of Americans or simply don't care at all they exist.
30% of Canadians need to do some serious self reflection.
deport those 30% to the states then
What the frig are the other 30% smoking
How the heck is this not 100%?
Good. 


Look to Gaza as to what Trump might want to do in Canada. 
I can tell you, it ain't just the tariffs in my house. The fact 70 million Americans WANT to be racist shitbags and never be held accountable for their actions, has put me off ever even entertaining the idea of visiting.
I already thought less of them. Now I'm just validated.
Okay, but how does the other 30% breakdown? Maybe 29% already had a negative perception of the U.S. and the Trump tariffs are just confirmation.
Americans were willing to throw away everything that their country stood for away for cheaper eggs during the 2024 election, only for them to get more expensive.
Not just cos of tariffs. Cos Trump! How anyone doesn't despise him is beyond me.
Only 70% ?!  Every person I speak with has daggers for the USA right now, so there's got to be pretty large margin of error or a lot of respondents who simply chose not to offer an opinion out loud.
The 30% is Alberta. Fuck you 30%.
Good as an American look down on us. Learn from us and don't do the same shit please! Also just remember there's hundreds of millions of us that don't like any of this either. Keep putting good people in positions of power up there. 
Can’t blame you. I do. And I live here. So stupid."
Trump tariff turmoil drives travel cancellations: ‘We can’t support what’s going on down there’,https://www.reddit.com/r/canada/comments/1iif2it/trump_tariff_turmoil_drives_travel_cancellations/,https://www.thestar.com/business/trump-tariff-turmoil-drives-travel-cancellations-we-cant-support-what-s-going-on-down-there/article_ac003158-e25f-11ef-bb5e-c36b3da2512d.html,"[deleted]
Had two trips planned Vegas and Tampa. Canceled both. It’s a drop in the bucket but enough drops it may make a difference.
Cancelled a trip and put Fla condo up for sale. No interest in travelling there.
We normally visit Portland at least once if not twice a year for a week, and we try to go down to Seattle for baseball. Not this year. Going to Toronto instead 🇨🇦
I cancelled my trip to Seattle and sold my concert tickets to a show I was planning on going to...
Was planning a weekend in Vermont with my wife. Looks like we'll be spending that weekend in QC, somewhere new and exciting.
Yup. We usually travel to the Carolinas every summer with the whole family. 

This year we’re going to Nova Scotia.
Good, because ultimately the only thing that’s going to stay Trump’s hand on doing the stupidest most harmful things he will otherwise be inclined to do is pressure from state Governors, Congressmen, Senators and voters that they are unhappy with the hit they are taking as as a result of his policies. There are a lot of red states who depend on a lot of Canadian tourism money, and if that goes away it can’t easily be replaced.
Yup. Pulled the plug on a trip we were planning to NYC and likely going to Mexico City or MTL instead. 

Also was planning to visit friends in Arizona and Miami and will be putting the pause on those as well. 

My mom is flying home early from Florida because the complex she’s in is all MAGA supporters.
[deleted]
&gt; Catherine Ann Marshall and husband Mike Manning were booked to fly to the U.S. next Sunday for a week of skiing with friends from New Hampshire.
&gt; 
&gt; Plans, however, changed in an instant Saturday as the couple watched Prime Minister Justin Trudeau urge Canadians to “choose Canada” and reconsider vacation plans south of the border, just hours after U.S. President Donald Trump announced a 25 per cent tariff on imported Canadian goods.
&gt; 
&gt; “We looked at each other and went, ‘We can’t go. We can’t support what’s going on down there and spend money,’” Marshall said. By Sunday, the couple had cancelled their Air Canada flight and booked an Airbnb at Mont-Tremblant, Que. for next week — and their American friends are coming north to join them.
&gt; 
&gt; Canadians spent some $20.5 billion in travel to the U.S. last year, and between April and June last year alone 6.5 million Canadians spent $6.5 billion on trips to the U.S., according to Statistics Canada.
&gt; 
&gt; Flight Centre, a global travel agency with offices in Canada, has been getting droves of calls and in-person visits since Saturday’s announcements from Canadians wanting to cancel and rebook their vacations to the States, Amra Durakovic, head of communications, told the Star.
&gt; 
&gt; Some of the trip cancellations with the Flight Centre include a $10,000 trip to Arizona and a $20,000 family cruise that was porting in Miami.
&gt; 
&gt; And emotions are so strong that people aren’t even “blinking an eye” at any of the cancellation or rebooking fees, Durakovic said.

I don't blame them, and I know for my own vacations I will be looking for spots closer to home to visit.   I've never been to PEI for instance, and maybe its time to go Kiss the Cod, eh?
Canceled a road trip to Chicago, going to the maritimes instead.
canceled trip to NYC and sold off all tickets - screw these arseholes
Cancelled our Vermont and new Hampshire trip, switched to Europe.
Yep, cancelled our trip to Dallas, and we do spend quite a bit when we travel, so instead of spending in the U.S, we're going to spend it in Canada.  Wife told her Trump voting friend in Dallas that she can come visit us instead.  Talked to my wife and we decided to do the maritimes instead this summer.  Love, love exploring our national parks, Cape Breton Highlands National Park, here we come.
All my friends who had travel planned to the usa are cancelling. I was pulling together an extended motorcycle trip over the spring and summer. But I think I'm going north in the spring ahead of the bugs, and then into bc.

Editing for clarity. I have no complaints with a lot of Americans. A lot of Americans, esp. in the northern states understand us Canadians are sort of cousins. But the majority of those who bothered to vote like in my home province made a very very bad choice. I sincerely hope the MAGA morons on both sides of the border aren't able to drive a deep wedge between us real people.
We were going to do an Alaskan cruise this summer, and take a 4 day getaway to New Orleans. Not anymore.
I usually visit the USA once a year or so from the UK.

This year I'll be heading to Canada instead.
We cancelled a camping trip to Alaska.
Keeping our money in Canada helps Canadians. I applaud all your efforts. I am doing the same for sure.
Yup. My wife and daughter and I used to drive down to Montana every Spring to camp. Not this summer. We also have a couple Grand saved up for Disneyland. Guess we're not going there either. We also cancelled Netflix and Disney+, and Got Crave and CBC Gem. It's nice to have so much new content to watch.

Also, next time we're in Costco, we'll be sure to check where everything is made before buying. Luckily they stock lots of Canadian-made stuff.

Sorry America, you've become a violent leper. We don't want to touch you or come near you.
Cancelled our trip to Whitefish, MT because of this. Will do some home renovations instead and keep our money in Canada.
Cancelled a concert in Nashville to go to the concert in Montreal!
Cancelled a 10 day long trip for 4 to NYC in March. Going skiing to Revelstoke instead.
Well… Americans don’t realize that although Canadians are known for being very Loyal and respectful, they can also be even more petty when wronged.
Canceled Vegas trip in March doing Vancouver instead.
Heading to Quebec, are you guys OK with that?
We had already planned a trip to Australia this year.  I do like visiting parts of the USA for sure, but our money will be spent domestically in Canada or to other international destinations in the coming years.
Wife and I were planning a trip down to the states for our anniversary later this year. Now we are planning to go to Vancouver instead
I was invited to Florida to visit a friend for a month. Cancelled the trip.
Trip to Utah tossed aside, we are going to Ottawa-Montreal-Quebec City instead!
You remember flyover states? Now it is flyover United States
Switched our trip to Disney for the UK.
RIP Vegas trip for my friend's 50th. Not sure what we're going to do instead but it won't be in the US.
I booked a trip to Peru a couple weeks ago and had to pick transfer airports

The options were Washington DC, Houston, and Bogata Columbia. Without thinking much I picked Bogota because I didn't the hassle of potential cancellations due to shake ups with the FAA

Planes crashed at both of the American airports last week. I would have been in Houston at the time of that incident too.

Absolutely mind boggling, I made the decision subconsciously and it took a day or two to realize what I'd done
It's almost like lashing out at the world doesn't work.
We canceled two family trips to the states and opted for Canadian destinations. 

We were also planning on going to the Olympics in LA in 2028... not anymore (unless MAGA self-implodes by then, which is looking like a possibility).
Cancelled 2 trips to Moab and Yellowstone.. my friends from Colorado are coming to Canada instead to do a northern Ontario camping canoeing trip.

Pretty awesome to have supportive American friends joining the fight too
Yep, my parents wanted to take the kids to Disneyland. Looks to be off the table now.
I have spent a lot of money traveling in the US the last few years. I was slated to go to Hawaii at the end of this month. It's cancelled and I'm not going back any time soon.
Me and my wife really wanted to take a cruise, and we almost booked one either going around Hawaii, or leaving from Miami. After all this shit, both were eliminated outright from our shortlist. We're now flying to Europe instead and taking a cruise over there.
Keep cancelling them.
In Vegas when this shit came down. Back home Saturday and will not come back. Paris in April.
We cancelled our trip to Vegas and booked for Mexico now
I rode the Tail of the Dragon and Blue Ridge Parkway in 2023, and both were so fun to ride and amazingly beautiful. My buddy recently got a Miata, and we were talking about a road trip this year to drive both in his car.

We both decided that we're not going to the US anytime soon as a result of this. If I go anywhere this summer, it'll probably be Scandanavia, which is what I wanted to do last summer, but couldn't afford to. Granted, not looking so great on that front this year either.

Maybe I'll see about going to visit friends in Calgary, though it's not like airfare for that is particularly cheap.
Canceled Oregon trip
My friend and I were thinking Vermont, but now we are going to Quebec City and heading just outside of it to visit Canyon Sainte-Anne. 
When Trudeau said in his speech, 'Some of you may change your summer plans,' the first thing my wife and I did was hit the internet and book a summer cottage.
I love these articles.

Anecdotally: My dad was skiing this year with several usual snowbirds who sold their properties in Florida and won't go back south now.
🇮🇸 Iceland welcomes Canadian tourists ❤️🇨🇦"
"Ontario to place 25% export tariff on electricity, threatens total cutoff",https://www.reddit.com/r/canada/comments/1j3e0m3/ontario_to_place_25_export_tariff_on_electricity/,https://www.forexlive.com/news/ontario-to-place-25-export-tariff-on-electricity-threatens-total-cutoff-20250304/,"&gt;Ontario supplies electricity for 1.5 million American homes

&gt;The Premier of the Canadian province of Ontario has been talking a big game on retaliatory tariffs. He won a third consecutive election last week and there was some thought that his tough talk was electioneering.

&gt;That doesn't appear to be the case as he's now placing a 25% export tax on electricity that leaves Ontario for the United States, he told the WSJ. Quebec, Manitoba and British Columbia also have large electricity exports to the US.

&gt;Ford added that he will direct the province’s energy producers to shut down the exports entirely if Trump moves ahead with even more tariffs on April 2. He's also threatened to cut off nickel exports.
Not sure if this was Ford being strategic or if the feds told him to dial it back, but either way, it's smart. 25% now gives us room to escalate. It's a taste of things to come if Trump doesn't back down. Never go all-in at the start, or you have no threats left to play.
So 25% import tariff on the American side and another 25% export tariff on our side....damn electricity just got expensive in the US. 
""Never waste a crisis""

Ford is absolutely catapulting his personal brand through all of this. Kudos.

Like him or hate him he has the bravado to go tit for tat with Trump.
Quebec exports waaaaay more electricity to America.  They need to nut up and act too
I wouldn’t cut it off. Just tariff it. 
Give ‘er.
A good poker player doesn't go all-in on the flop.  Hold back supply, but don't threaten to leave the game.
As much as it would be satisfying to turn it off, aren't we much better off taking their money? I wish their response to a 25% tariff was 26%. Feels just petty enough to make a point.
Cut it off now, and leave them in the dark.

Hold back the potash while you’re at it.

Elbows up, fuck them all.

*Edit* - elbow statement for continuity.
Trump kinda showed his hand when he said only 10% on energy and 25% on everything. Okay, so you need that badly, that's where we strike.
Here I am in Alberta hoping that Smith gets off her fat precious ass and does *anything at all*.

We should be putting a *minimum* 25% tariff on our oil exports.  Since Donald pussied out and only put 10%, we should consider ramping that export tariff up to 40%, so that the same percentage of tariffs are applied to it.

Albertans stand with Canada.  Even if Smith, the useless twat that she is, can't see that.
No other news outlets are reporting this yet. Big if true.
Electrical engineer here.

Tariffs or export taxes are one thing. Shutting down exports completely is a stupendously bad idea and I hope some fellow EEs are urgently placing calls to Queens Park.

The NA electrical grid is fantastically interconnected and supply/demand balancing is a real-time thing. Try to 'switch off' a major player like Ontario and you'll create severe imbalances, almost certainly leading to blackouts on **both** sides of the border. 

Remember the blackout of 2003? That started in Ohio. 

Want a repeat of that? Go ahead, Doug, flick the switch, and watch your own lights go out a moment later.

**Think**, people, **think**.
He better actually cut it off, Ford has a habit of saying anything to make voters happy, then not following through.
American here. Cut us out entirely. Make us scream.

I’m not kidding, it’s the only way of dealing with this idiot we chose to elect in our infinite wisdom.
Cutting it off is dangerous and extreme. It's an act of war, in essence. Tariffs? Well nobody can argue with the decision to do that after Trump initiated this ridiculousness. Make them pay through the fucking teeth for it, but don't leave them in the (literal) dark.

Turning it off means Canada no longer has the moral high ground. Charging excess amounts for it is a very fair tit-for-tat policy which nobody can criticise (legally).

We need to show our allies we are keeping calm over here.

What's more, US residents will blame TRUMP for higher fees. They will blame FORD for a total lack of power. We need to keep them angry internally.
It’s just sad that this might affect NE states that already aligned against Trump like Vermont!
I have my gripes about Ford, but despite his past support for Trump, he's been doing great standing up for Canada 
Not generally a Ford fan, but this is the way.
Good for Canada.    The USA is getting a free ride off our power!!!
Just shut it off.   Don't negotiate with fascists.
Canada is showing especially EU how to respond to Trump.

Canada and Ukraine is somewhat similar now. They both have an unreliable neighbor threatening with war.
All the export tariffs collected should be going to Ukraine
Well my electric co in Connecticut gets about 5% via Canada. Somehow that will add 20% percent to my bill. 
But just know your tariffs will work. I'm pissed and not at Canada.
Elbows the fuck up Canada!
Dear Canada,    
CUT IT OFF!      
Signed, Americans who didn't vote for this shit
Yeah, that's a good move given everything going on right now.
Well, like I've said before, you can't just ""shut off power"" without taking down the entire grid. This would need to be carefully planned, loads balanced, etc and would take a while.
All for this but I would be worried about Line 5 which cuts through the U.S. to get back to the east coast... this isn't a good thing.

Quebec needs to go next.
I can’t find confirmation of this in any other news outlet
I hope Legault does the same.
Take the money from the export tariffs and reinvest it back into Canada. Every $ should go into protecting our sovereignty and increasing our foreign ministry department especially related to trade.
Cut it off now.
I lived in the US from 2011 to 2020. It’s a country that says it believes in free enterprise but will go into a frenzy when prices go up. 

During my time there, gasoline prices jumped and there was widespread anger that Obama let that happen and wasn’t doing anything about it. 

It will be really painful for Canada but even a little pain in the US will have a profound effect.
Lets go Legault! Follow suit!
Hell yeah Dougie!
thank you .. for once i agree with Doug Ford which means it truly is the end of days
Elbows Up!
Cut off all minerals, uranium, nickel, aluminum, every god damn thing.
Honestly I’m not fond of Ford BUT he’s ballsy and he’s ready to fuck shit up against Trump and his neo nazi party.
The average American r conservative redditor is absolutely cooked out of their mind.


They think that America for some magic reason chooses to buy our energy out of what I can imagine in their minds is a deranged forced charity and they can easily get it cheaper elsewhere. The mental gymnastics is absolutely Olympian.


Even if our great country falls to America it brings me such immense pride we're going to eviscerate the US economically on our way down.


The amount of Americans about to lose their jobs while having zero clue how reliant they are on Canada is in the hundreds of thousands, if not millions.


I think Trudeau really said it best that their leader has chosen to do this to them. I have decreased my American spending by hundreds of dollars a month and with all of us, this will make a difference in crippling their economy.
I've said it before and I'll say it again, Ford is the obnoxious hockey uncle that annoys everyone at the best of times, but the person you want at your back when the fight breaks out in the parking lot.
Shit Doug. Okay. If you do this I will begin to respect you. Still on thin ice selling all our shit to a foreign corporation to line your pockets."
Trudeau says Canada will not back down as Trump announces tariff delay for Mexico,https://www.reddit.com/r/canada/comments/1j50ums/trudeau_says_canada_will_not_back_down_as_trump/,https://nationalpost.com/news/canada/justin-trudeau-canada-trump-war-trump,"Mexico hadn't done retaliatory tariffs yet, so they had to give up nothing for this pause. Of course they would say yes.
Trudeau did not make the decision for counter tariffs unilaterally but the Provinces have been involved in the process. Obvious ploy to divide and conquer Canada by giving Mexico an extension. 
Vance jumped on to bully, but this time he had to deal with someone whose first language was English.
as we should, we cannot live with this constant threat of the U.S. saying one thing then doing the other the next day.
Trump delayed Mexicos tariffs because he isn’t trying to weaken their economy to annex them 

Canadians don’t forget, it’s NOT because he favours Mexico. Trump is trying to take over Canada


EDIT : its disgusting how American media is trying to portray the Mexican president as more “calm headed” than Trudeau 

NO SHIT FOX NEWS, Mexico isn’t facing annexation threats (for now)
Fuck Trump... lets stop the Potash bleed now... let the US farmers shit on their fields for fertilizer.. Donny can run to North Korea for advice on how to best practice this... they are chums...
America and Americans really underestimate just how collectively pissed we are. I haven't seen the country this united in a long time. Any Canadian leader who wants to appease Trump is going to face CRUSHING condemnation from the public. We're standing firm on this.

Maybe they aren't taking Trump's threats and actions and statements seriously. But we are. We literally can't afford not to.
Canadians love Canada more than Americans love the US.
I love that Trudeau is going out in a blaze of glory. 

I’ve not always been a JT fan, but he’s going out swinging for our nation and I respect that.
Maybe new Liberal leadership will announce Trudeau as Tariff ambassador.
There’s something he doesn’t get about Canada. You threaten us we throw hands. It’s that simple. We don’t cower in the corner or offer to suck your stump. You come for us we start swinging. 
Canadians are quick to forgive but we never forget. 

Red, white but never blue. NEVER blue.
Elbows up, fuck Trump
We should start playing their game. Setting a lot of due dates that don’t even make sense
Divide and conquer is his whole playbook. He's probably been waiting to see which province will play ball, too. Don't put Ford on too high a pedestal. Mexico probably hasn't forgotten this from when Trump got re-elected:

Premier Ford pitches kicking Mexico out of North American free trade pact

""If Mexico won't fight transshipment by, at the very least, matching Canadian and American tariffs on Chinese imports,"" he added, ""they shouldn't have a seat at the table or enjoy access to the largest economy in the world.

""Instead, we must prioritize the closest economic partnership on earth by directly negotiating a bilateral U.S.-Canada free trade agreement.""

[https://www.cbc.ca/news/politics/ontario-ford-cusma-agreement-1.7380890](https://www.cbc.ca/news/politics/ontario-ford-cusma-agreement-1.7380890)
I would rather face the reality of what Trump is doing to Canada and have the 125 billion dollar tariffs go into effect that waiting and waiting and waiting for it to happen. That's the only way it gets real for Americans because they only think about themselves, it's going to be hard for us, brutal even but at least we all know and understand what is happening and why, not because we want it but because America is trying to extort us. Americans are so distracted by the daily chaos of stupid that the normal American isn't ready for what will happen in 19 days and that works to our advantage to get them angry and pissed.

It's better we face this right now instead of waiting so they know we are not gonna back down. I think it was a mistake for Mexico to get another reprieve because winter is when their fruits and vegetables are most in demand. This is when it will hurt Americans immediately, I think it weakens their bargaining position a bit by avoiding the pain in winter. It's a short-term reprieve that doesn't change anything. Only pain will change their stupidity. Dangling a reprieve month after month is almost worse because there is no certainty and we have to go through this cycle of stupidity over and over again.

Regardless of whoever is in power by that time, I say bring it. Let's lower trade barriers between provinces and show them we are punching back and punching back hard. Fuck Trump, the stupid and sorry to say fuck America because they elected a moron that wants to take over our home. Elbows up and let's go. We are not and never have been subservient to America and they need to remember that, the hard way.
How many times do we have to do this? This isn't even the first time the States has used tariffs to try an annex Canada. And you know what happened those other times?

They only made Canada stronger and pissed off Canadians for several generations. Canada will not fold, we'll sooner go full scorched earth if it means giving the US a black eye, Canadians may be polite but when the gloves come off we are the definition of, ""no chill.""

Not only that, Canadians come together, congratulations USA, you've managed to not only make Quebec call itself Canadian and stand with Canada, but your making Conservatives and Liberals come together against a common enemy.

The USA.
lol kindergarten bullying tactic, show your belly and he’ll go easy on you while focusing on those who fight back. Whatever price we are paying now pales in comparison to being Trump’s whipping toy when he realize he can’t bully EU and China and all he can extort is you.
I don't want us to back down. Im ready to lose everything to stick it to the felon. Let go canada!
He stepped down from Mexico tariffs because he's trying to weaken our resolve. He wants us thinking that if we just gave in, we could be treated like Mexico.  
  
That's not how we work.  
  
To quote a problematic knight, ""We shall fight on the beaches, we shall fight on the landing grounds, we shall fight in the fields and in the streets, we shall fight in the hills; we shall never surrender""
[deleted]
Just tell them we won’t honour their copyright bs. Canadians will sail the seven seas. Much of their economy is wrapped up in IP. That’ll hurt them.
Trudeau going on one last victory lap before Sunday.  As long as our next pm (hopefully carney) builds upon what hes doing and actually fixes our domestic economy ill be happy. If conservatives win im moving to europe.

Hope Trudeau does well in whatever he decides to do next, he might have lost his popularity during his time as pm, (mostly because of issues domestically that were honestly glorified and some of them weren’t even federal issues),

he always stepped up during times of crisis arguably had one of the toughest terms as Prime minister because of things like covid etc but he got us through it.

Because of his resignation some of the things hes doing domestically now are being praised especially because conservatives cant talk shit about him anymore. His decisions with trump will make him a memorable Pm for a long time.
My question is what did mexico give? What did they do to get that delay (and still, not a cancellation, Trump will be back next month asking for more concessions)

And really, thats why Trump can get fucked. He showed his hand. Even if you concede, and give in, the threat is back on the table next month, if not next week, for some other concession.
Mexican here. Doesn’t matter. I’ll keep boycotting American companies as much as possible and buying as many Canadian products as I encounter and my wallet allows.

Edit: for my Mexican homies, check this out https://www.liverpool.com.mx/tienda/pdp/galletas-de-sabor-maple-dare-sandwich-creme/1142749811
Good. Trump is hoping to damage us while maintaining the markets. You can't let him dictate the pace.
Dont pussy out now.
Rock on Justin! Stick it to the orange turd!
Find new and diverse trading partners today. You can’t rely on U.S. as a trading partner, let alone have it be such a big proportion of your overall export. 

While you are at it, build tech companies within Canada so the deficit that Canada has (on services side) can be reduced. Why can’t Canada have their own data centers, streaming services and basic Uber app?
So Mexico is worse for drugs, guns, and illegal immigrants into the USA but Old Man Trump gives them another 30 day delay.  Goes to show it has nothing to do with fentanyl or illegal immigrants crossing the border and Old Man Trump's false emergency order.  As Canadians we hold our ground until Old Man Trump's tariffs come off for good and he honours the CUSMA he signed.
Glad to see that Mexico has stopped the flow of fentanyl into the US.
I’d rather we fight this than do rolling tariffs. Anyone that’s worked short term contracts would understand. I once had a job that was a 3 month contract. I didn’t know if the contract would be renewed or not afterwards, but it would….for another 3 months. It put such a toll mentally. When I found a permanent gig, it put so much relief on my mind.

Mexico is doing that rolling contract, until eventually the citizens and businesses either capitulate to Trump’s demands or says “F-it” and fights the tariff like we are. I say we fight until the tariffs are completely off the table, permanently.
I’m honestly just so sick to my stomach. I fucking hate the world.
Mexico managed to stop 100% of immigrants and fentanyl.  Seriously though, Mexico, Canada stands with you.
Twist the knife
Good. Don't give in Canada. He will keep coming at us, it's not the time to cave.
Canada needs to step up the fight and bring it to the US. Make them regret ever starting the fight. I don’t condone starting things but I sure support ending the fight swiftly and efficiently.
I feel for the shelf stockers at the LCBO. Working overtime moving the Jack Daniels back and forth.
Good. I’m am getting more and more angry with America and its people. I have been harassed as well as other Canadians by Americans now because they don’t like the retaliation. I made a comment somewhere about their American history (I have a minor in history and art history) and they reported me for informing them of their own history because they have no come back. America and its people are no longer allies. They are bullies. Stay in your crumbling country.
This is like going to buy a car and the salesman is drunk. Trump is a mess.
This is a conserning turn of events.  They have realized the negative blow back effects and have shifted to destroying one country at a time in serial.


It's going to make I harder to co-ordinate counter tarrifs in such a way as to maximize effect if we are alone.
Called it! I knew Trump would play Canada off of Mexico...buggers trying to interfere in our election too.

The country with vasty more fentynal traffic and 1000% more illegal immigrant entries gets a pat on the back; compliments and a bonus one month pause on tariffs.
Fuck them. Fuck Trump and Fuck the Americans. Elbows up.
Mexico's limp dick response and appeasement getting them a 30 day pause 💀
Seriously, Trudeau is actually working harder than ever before… what happened to him? In a good way
Mexico needs to step up like Canada 

Stop caving in
This is only about russia, mexico is no threat to russia but our support for zelensky is ;).  Fuck off russia!
So I
Guess trade agreements are meaningless and unenforceable
Wasn’t this how the last round of tariffs and CUSMA negotiations happened, where Mexico made an early deal instead of standing strong with Canada?!
Why would we back down. Trump thinks he has the military might which he does but completely underestimates the fighting spirit of Canadians. Bring it, fuck around and find out you absolute orange POS.
Won’t this mess up the “ legal reason “ for trumps tariffs ? Given it’s about “ Fentanyl and migrants “ ?  "
"Trump unable to keep tariffs up, blames alcohol",https://www.reddit.com/r/canada/comments/1j5az3y/trump_unable_to_keep_tariffs_up_blames_alcohol/,https://www.thebeaverton.com/2025/03/trump-unable-to-keep-tariffs-up-blames-alcohol/,"While satire posts are popular we understand that not everyone enjoys them. If you wish not to see them please use the filter on the sidebar or set your own filters to block satire content or websites.

La satire est populaire ici, mais nous comprenons que tout le monde ne l'apprécie pas. Si vous ne souhaitez pas les voir, veuillez utiliser le filtre sur la barre latérale ou définir vos propres filtres pour bloquer le contenu satirique ou les sites Web.

Filter out Satire - Filtrer Satire: https://st.reddit.com/r/canada


*I am a bot, and this action was performed automatically. Please [contact the moderators of this subreddit](/message/compose/?to=/r/canada) if you have any questions or concerns.*
[deleted]
That's the JD whiskey dick.
All that bluster and it was the bourbon that got him.......

It doesn't matter what he does, the damage inflicted globally on ""Brand America"" is irreparable IMO.

We followed you into wars as allies at your request. You betrayed the western world for greed. Simple math.....
""Ah, alcohol...the cause and solution to all of life's problems...""
This is gold.
The Beaverton isnt even parody anymore lol this could absolutely be a real headline lol
I love how he is being addressed as just ""Donald"" now LOL
Canada is something like 1% of JD sales. Mexico is 7%. 


They know Mexico would have matched the tarrifs dollar for dollar. 
Trump, put the bottle down. You can't blame alcohol for all your issues.
&gt;“When it comes to strong lumber, always buy Canadian.”

Jesus, this is good.
Jesus christ this dude is so weak. Pathetic really.

Mistook the politeness of our friends up north for cowardice.

Cannot wait to see how his cult members and sycophants attempt to spin his latest failure.
As an American I feel equally betrayed by this pig, he ruined our reputation forever and I'll never forgive him for this.  I know sorry doesn't cut it and nothing I can say will repair the damage, I never asked for it but I guess we are truly enemies now, from now on, I accept that I'm the bad guy.
I know it's the beaverton, but I legitimately couldn't tell if it was a real headline or not. I can't tell real life from satire anymore
guys the site is thebeaverton a satire site :p
I’m an American. I don’t usually drink whiskey. However, I think I’ll buy a bottle of Canadian whiskey today.
Trump getting old and senile
I did not see this was the Beaverton until the second paragraph 🤦🏼‍♂️
This is from The Beaverton. It's satire.
Mexico should just join in. Time to get on the offensive
He’s a major screw up. Don’t let off the gas Canada. Make him regret the disrespect to Canadians.
That headline is sheer gold.  
Someone deserves a raise.
Performance anxiety?
Everyone knows the Beaverton is a satire site, right?
Elbows fucking up eh
I always blame alcohol when I do stupid shit.
#TRUMPTAX call it what it is
Guys, the Beaverton is a SATIRE news site. This isn't real. Funny as hell.  But not real. Wish it was though!
Perhaps he was hoping to support American distilleries by driving Canadians to drink.
That’s not all he struggles to keep
Up .
Sorry, I don’t hate Americans… I hate that dictator that you call a president.   And Elon the puppet master!
The Beaverton knows all
Damage is already done with the bourbon.
Blame the DUI hire.
How tf is Trump able to graduate and have a Buisness with this IQ. Now I can see why Republicans are so bootlicker to him and his fan base. America needs to solve their education problems to not get people like Donald or MAGAs
Damage is done, Americans will still buy Canadian but Canadians will avoid american, fair enough! I can’t have redneck maple syrup made from corn!

Long Live Canada, narcissist trump made Canada Great Again!
I don't think anybody in this comment section knows that this is The Beaverton. It's not their fault, it's just that real news and the Beaverton and the onionsnews are interchangeable at any time.
I read like two paragraphs before realizing it was a Beaverton article. 

Can’t keep up with what’s real news and satire anymore.
Canada is not backing down. Donald, you vastly underestimated how much we drink to deal with winter.
Tariff dysfunction is pretty funny
Ya a lot old guys can’t keep it up with alcohol 🤷‍♂️
Yeah, I also blame the alcohol when I can't keep it up
Win or lose this ain’t a war lol proud of Canada tho that’s for sure.
Trump is such a little bitch. MAGA worships a whiny weak-ass little bitch.
It's getting so wild that I think this shit is real until I see it's from the Beaverton lol
I am noticing a trend. It’s ALWAYS someone else’s fault.
Again, I can’t differentiate between real, fake and Beaverton news..sigh
He should stop drinking if that’s a problem
It’s just… The jokes are just too easy this time.

Even better that’s he’s a teetotaler, and alcohol bitchslapped him.
What does borrowing musks ketamine mean??"
Trump calls Freeland ‘a whack’ and Poilievre ‘not a MAGA guy’ as tariff threat looms,https://www.reddit.com/r/canada/comments/1j0bh8m/trump_calls_freeland_a_whack_and_poilievre_not_a/,https://www.ctvnews.ca/politics/liberal-leadership/article/trump-calls-freeland-a-whack-and-poilievre-not-a-maga-guy-as-tariff-threat-looms/,"&gt;Poilievre ‘not a MAGA guy’

That's the best endorsement Trump could give PP.
78 years old and still insulting people like he's in elementary school.
Why is this guy constantly commenting about stuff up here, fuck off.
lol the presumption that a Canadian prime minister ought to be a ""make america great again guy"" is so ridiculous that it's hard to take this even a little seriously.
Trump is a corrupt idiot. 
I am so sick of even hearing media coverage on this asshole.
He also called zolensky a dictator then promptly ""forgot"" he said. What a twat
&gt;In an interview with The Spectator, Trump called Liberal leadership candidate Chrystia Freeland terrible and “a whack” — and claimed credit for her resignation as finance minister.

&gt;Trump also remarked on Conservative Leader Pierre Poilievre, saying that “his biggest problem is he’s not a MAGA guy.”

The relevant parts of the article, though it's not particularly long.

Frankly, a foreign head of state weighing in on politics in another country like this is highly inappropriate, but what else do you expect from Trump?
Having a prime minister not be a MAGA guy makes sense since the prime minister is the leader of another country.
This dude thrives on instability and that’s what he’s banking on. My theory? Trump will keep delaying tarrifs so long as Canadian politicians keep talking about him and his looming presence.
PP should get a ""not a MAGA guy"" hat
Just like wayne Grezky is not maga supporter.
Okay bro. Can we stop publishing every single story about him now?
He really does communicate like a bro in High School.
I can't tell if he wants PP or not - but based on my random gut feeling, I'd say this is a ploy to distance PP from Trump
Thanks I guess?  Ffs. It's pretty bad when the comments and actions of another country's leader seem to have more affect on opinion than what our own politicians say.
 He is a complete and utter embarrassment to humanity.
To the rest of the world, MAGA means Make America Go Away,
This will help Poilievre.
Why should any foreign leader be a Maga guy? I hate him
.
So he knows the biggest knock on PP right now is we fear he is a MAGA guy then?
Why does every juvenile thing this man-child says about anyone get to be a news story? Are we that gullible, or that desperate to be endlessly provoked?
""not a MAGA guy"" my own feelings towards Poilievre aside, no shit? He's seeking to become the PM of Canada, not a satrap of a decaying empire.
Why the fuck would poilievre be a maga guy? He's in Canada. Why would a Canadian leader care about making America great again.

I know trump is a fucking moron, but at least make it make sense. Asking a person in another country to be a ""make America great again"" person makes zero fucking sense. He would want to make and keep Canada great, not America lol.
Lol this almost sounds like PP called up Donald for a favour
Foreign interference lite
[deleted]
He’d likely fall sleep if he had a talk on economics with Carney.
I feel like Trump wants Libs out.
Of course he has particular feelings about Freeland. 

Putin has HATED Freeland for years. Especially since she helped Bill Browder break all his corruption stories in the 90s-00s
Just let me know when the Orange one dies.
I think we should stop asking this guy questions about Canada period. Just forget it. Let him harass someone else for a change.
How many foreign leaders and politicians has he rudely insulted?  He just treated Zelensky like garbage too.  He's going for a record.

The US will have zero friends or allies by the time the year ends.
Is Trump stupid? Why would any Canadian want to make America great again? Right now I think a world without this volatile and corrupt America would be a better place.
Yea sure - just like you never heard of project 2025 or any of the people associated with it

Someone shuts the lights off because the last brain has left the usa
[deleted]
I think it’s safe to say, Poilievre is not Trump.
""Not a MAGA guy""

Guess who's realizing their pawn isn't as sure to win the election anymore
That translates to PP = MAGA for anyone who’s not sure.
Why the hell would Trump think that any other country’s political leader would give a rats ass about MAGA?  The word America is right in their name…why should non-Americans be on board with it?   What a deluded imbecile.
But no talk about Carney!
That’s going to help PP.  Just look at the Ontario election yesterday.  Doug Ford made a big deal about Ontario/Canada not for sale even though he actively tries to sell off the green belt.
PP maga guy confirmed.
I'm sure he's calling Poilievre ""not a MAGA guy"" to help promote him. He knows majority of Canadians are now against Trump so his best bet of helping Pierre is to distance himself from him. I don't trust anything from Trump.
If he says ‘not a MAGA guy’, he certainly is a MAGA guy
I'm sorry, Canada. Many, many Americans are hating every second of this fucking rapist tearing our country in half.
Little did he know, saying PP is “not a MAGA guy” is supporting him lol"
Warren Buffett: Tariffs are ‘an act of war’,https://www.reddit.com/r/canada/comments/1j2u3cj/warren_buffett_tariffs_are_an_act_of_war/,https://www.cnn.com/2025/03/03/business/warren-buffett-tariffs-trump/index.html,"This idiot just put a 20% tariff on China.  He expects to do tariffs on us and Mexico tomorrow??  This will be devastating for the states
Trump made sure Europe was busy with Ukraine so he can do what he wants with Canada.
Warren..what can we do? you have a dumb president.
Trump has explicitly and repeated stated that he is using the Tariffs as a means of economic warfare in order to Annex Canada.
It's reality. And calling the Prime Minister a governor, while imposing the theme of the 51st state, is pure and outright violence.
He still might back down at the last minute and claim that he is a genius by making Canada do something already being done.
We need to start having a war-time mentality as a country.
One of the few american billionaires you can hear clearly when he talks. Because he doesn't have Trump's or Putin's dick in his mouth.
As a Mexican, I’m rooting for you. I’ll buy Canadian whenever I can, as well as Mexican and European. As countries, we’ve had our differences (which countries don’t?), and we’ll keep having them. Fortunately we understand that our differences make us stronger as a free trade zone. Let’s give Trump hell.
The tariffs alone, maybe not.

Throw in the constant threat of annihilation and annexation, then it becomes a clear act of war.
In this act of war he’s purposely carpet bombing his own nation at the same time.
www.forces.ca
Born canadian, will die canadian
Oh...how i wish i was in the timeline where Kamala won...because Canada going to war with the US (economic or otherwise) was never gonna happen with her. Shes not insane. I hope you MAGA morons are happy that the West is being destroyed for no reason.
If we retaliated with 100% export tax on energy, lumber, potash and other necessary goods as well as cut the electricity I GUARANTEE American troops would be assembling at the Canadian border with this administration.
time to burn down the white house again?
Russia has won the cold war .

USA doesn't exist anymore
Technically speaking, tariffs are actually a matter of domestic policy as any country is always free to choose whom it wants to trade with.

  
That said, when a country uses threats of tariffs for blackmail, then it could be viewed as an act of war.
I mean Trump saying he will make Canada its 51st state is already an alarm for war between Canada and America and America is going to lose allies in the next 4 years
Canadian here .. Bring it on .. boycott Amazon .. don’t need that convenience really, don’t need lower prices for cheap goods, already learning that there is freedom in learning to break these chains and be independent.

So boycott all you can.. It’s on.. 

(With apologies to the majority of sane decent Americans ..)

Also let’s take Trump up on the suggestion that we learn to defend ourselves by using our very own made in Canada CANDU reactors to build nuclear weapons .. CANDUs worked for India in the 1970s they will work for us. 

What did Ukraine teach us? 

We will defend ourselves and our North from Russia and China, and from you in case you go even crazier
[deleted]
Oh how I wish Canada would force Visa requirements on all non-essential (re: basically truckers or people who are cross border employed) travel from the US.

The travelling or vacationing American needs to understand the consequences of their governments actions. These types are typically more wealthy, and would have more sway than your average American. 

Wanna come for a business trip to Toronto? Visa. 

Wanna come see a Raptors game? Visa. 

Wanna visit Gros Morne? Visa. 

Travel through Canada to another country? Believe it or not, Visa.
&gt;When Buffett was asked by O’Donnell about his thoughts on the general state of the economy, he said it was the “most interesting subject in the world,” though declined further comment.  



lmao
Buffet: *rattling skeleton noises

Me: So it WILL fuck over the stock market.
Im like 90% sure that Trump doesn’t actually know what a tariff is and at this point is too afraid to ask
I remember someone claiming that Donald wasn't serious, and that 'economic annexation' isn't something that we should take as a real threat. Well, we're about to be party to the biggest self-own of the century if these tariffs go through and stick around.
I consider this a war.
Therefore, Trump is a terrorist.
It's all going to come down to the eggs. Just watch.
He is right. Tariff war with Canada and EU will tie up their hands and will have difficulty in financing Ukraine. Act of war to force Ukraine to surrender and Russia wins?
Legally it is not an act of war. That only happens in modern international relations when one state makes an armed attack against another that allows the other state to invoke self defence under UN Charter article 51.

But it is definitely against international law…
He's going to create a depression. 


Even if he goes back on tariffs, he's inspired a US boycott that will change how we do business. We no longer intend to make the US our largest trading partner. That's going to suck. Ontario is out for blood. We're removing US alcohol from our shelves and talking about not selling our energy down south, amongst other things....It's going to hurt. Especially as all the provinces announce what their doing. 


At Canadian gatherings we discuss what we are doing to boycott. Everybody is upset with the US. I saw someone at the grocery store urging someone to put the Romaine lettuce back because it was American lettuce.... And they did!! Paid the extra dollar for the Mexican lettuce. Total stranger urging someone kindly to boycott. I was inspired. 


WWIII has already begun and the Americans have forgotten which side they're supposed to be on.  Unlike the Allies, the Russians won't save them when things get real. 


America First means America Alone. 




 ~Support our allies! Boycott the United States!!
Canadians about two months ago: yup.
One of many from Trump so far
Trump is the antichrist.
Can’t wait to see republicans try to justify the stance of military action against or northern allies. Can’t wait for the Republican congress to bend over and take it. Can’t wait for the Trump administration to look at each other in the White House to try and figure out which one is going to stand up and be the fucking adult. This is playing out like a bad video game simulation.
This is going to set an all time record for crashing a good economy.  Too bad it will drag down many economies with it.  Shits getting real."
Trump says he will hit Canada with 25% tariff next week after month-long pause,https://www.reddit.com/r/canada/comments/1ixd5c2/trump_says_he_will_hit_canada_with_25_tariff_next/,https://www.cbc.ca/news/politics/trump-tariffs-next-week-1.7467202,"/r/BuyCanadian

/r/BoycottUnitedStates 

/r/BuyFromEU
Trump has said in the past that the US doesn’t need anything from Canada… ok, then call his bluff, let’s turn the tap off. No energy, no potash, no lumber. Other nations will gladly buy from us. Nothing moves south… it’ll be a week and they’ll crawl right back when they realize how much damage it would cause. 

Also, ban X, cancel all spacex and starlink contracts, 1000% tariffs on Tesla.

Edit: also remove all provincial trade barriers.
""The president claimed that the U.S. has “been taken advantage of” by foreign nations on “just about everything,”

So why did he pause them a month?  That makes no sense if he beleives in what he is saying.  Fuck you Trump USA
The absolute worst thing Canada can do is offer a single concession.

Ramp up the tariffs in response and we'll proceed. It needs to play out.
Return fire but harder with key things they need from us.

Potash at 1000%
USA voted AGAINST peace in Ukraine today in UN. They sided with countries like Russia, Niger, Belarus, Sudan... even China abstained, ffs 

Fuck them!!!
Hit them with 100% tariffs on everything and never look back, they haven't stabbed just Canada in the back, they proved to be the enemy of the whole free world!
Disgusting!
Canada is more United now then I have ever seen. We will not bow to the criminal and rapist trump.
This is a big mistake Americans. Americans just lost a key ally and they don’t realize how bad that is cuz they don’t read and the level of education in the US is very low…
Want to end this now?

Announce a National Strategic Potash Reserve - and mandate that the Canadian government gets first right to purchase ALL Canadian potash at market rates.  And say you'll be taking the next 47 months' worth of production to build up your reserves. 

Canadian potash producers still get to produce and sell their potash - but the government is the buyer instead of American farmers.

The price of potash *absolutely skyrockets* for Republican farmers.  As does Americans' grocery bill.
after a month long ""pause""? it's not really a pause because they never started in the first place. It's a month long ""postponement."" It's kind of an important distinction because Trump might still be bluffing.
I totally agree with buying Canadian when we can...just sucks it took this fucker to convince us to do so now. So many small businesses have closed down because its more convenient to have Amazon deliver to us versus us walking downtown to a shop.
This is like when in A Feast for Crows they keep trotting Edmure out every day during the seige of Riverrun and threaten to hang him. 
How's tourism, Dick?

Lost $4B already, eh? 

Shame. 

🇨🇦
And he went on about “who signed that deal?”   He signed that deal!!  Ugh the lies!
He's pissy that Trudeau is making headlines in Europe right now.
As an American… Fuck Trump
🍁🇨🇦🍁🇨🇦🍁🇨🇦🍁🇨🇦🍁🇨🇦
start building pipelines to the east coast

100% tariff on all teslas
Send aluminium, steel, and minerals to Europe, let’s get European weapons. Buy Canadian!
Of course he will. Craving for some attention more like! Sad demented freak!
I bet he doesn't go through with it. He's a fucking blowhard.
Canada should fire back with a 25% EXPORT tax on energy to only the US.
D’accord.

The North remembers.
Someone is mad at  the 4 nation Tournament
I bet he caves again last minute
Time always tells what a coward will do.
I like letting the Columbia run free this spring, to hell with holding back the water to do them a solid when they are doing their best to screw us.
Canada needs to stop playing defense and start applying counterpressure. Negotiating with Trump just moves the goalposts—he takes a concession, then demands more. Time to hit back strategically!
Doug Ford wears a Canada jersey but refuses to cancel starlink.  Starlink is now a national security threat.
1,000,000% Potash tariffs.
I'll believe it when I see it. I bet he's going to wimp out again after seeing the markets start crashing.
Oh boy Recession for the world lets gooo
So, is Ford FINALLY going to ditch the Starlink contract?
Ok d'accord.
So what’s he going to ask for this time? I honestly am so tired of hearing about this fat fuck and we’re only one month in.
Let's just outright ban all Musk related businesses.
Gloves off, Canadians.

(We're not sorry)
I will believe it when I see it.  Next week it will be pushed back till April 1st.
Canada better ensure that export tariffs are added to anything critical that America leaves out of their tariff list. Potash, oil, and lumber all should have export tariffs to ensure they match the blanket 25% on all other goods.
Shut power and oil off immediately Canada.  They have no idea how dependent they are.  Make the people suffer for voting that in
Time to jack up the price of anything we sell to the Americans by 50%.

Let them pay more Trump tax on a higher priced good. Sucks to suck. Don't tarrif American things coming this way, it's just us that'll have to pay more.
Go ahead asshole. All you’re doing is showing the world how completely untrustworthy you are.
THROW THE SWITCH DOUG!
Hit him where it hurts: export taxes on adult diapers and fake tan spray
Bring it Ahole. 🖕🏻🫵
He means he's hitting American citizens with a tariff right?
Can he stop talking about us everyday. It’s annoying.
trump was still saying this on Feb 1, right up to when he did it. When Canada and Mexico responded, he delayed it for a month

I suspect he will keep doing this

Just buy Canadian, Mexican, and non American products. Many Canadians are already doing this

Americans need to remember a few things.  

1) Washington, Oregon, and California get much of their power and water from Columbia River Treaty, which expired last Sept and is up for renegotiation  or quick dismissal. It controls power and water supply from BC to the three states. It also controls water flow. If BC shuts down dams on the Columbia river, large parts of USA will be flooded within hours

2) Most of the northeastern USA and mich of the northern midwest gets their power and water from Canada

3) 40% of hydro power imports come from BC

4) 40% of oil imports come from Canada. Almost all oil refineries in USA are geared to process Canadian oil that is different from regular crude. This is already sold at a huge discount (over 20%) below market rates. If Canada shuts off oil and forces USA to buy replacement crude on world markets, costs will go up by at least this much

5) The main internet fiber backbone that almost all USA internet providers (AT&amp;T, TImeWarner, Comcast etc) use is called BigPipe, and is owned by a Canadian company that controls access to it

6) Canada is biggest export market for 37 USA states. All prices of their products will now cost more in Canada than Canadian alternatives when Canada responds
Say it with me... Export controls...
Looks like he needs to divert attention away from Russia-Ukraine.
Nope.  It'll be the end of March.  Oh wait, the end of July."
Trump says tariffs on Canada and Mexico 'will go forward',https://www.reddit.com/r/canada/comments/1ixc7g0/trump_says_tariffs_on_canada_and_mexico_will_go/,https://www.cnbc.com/2025/02/24/trump-says-tariffs-on-canada-and-mexico-will-go-forward.html,"We have to recognize that for Trump, it doesn't matter what the reasons are for these tariffs. He is using the threat and use of tariffs to undermine Canadian sovereignty by weakening the economy, sowing division and spreading disinformation.

Edit: just be wary of how the threat and use of tariffs creates winners and losers in Canada. If Trump slaps 25% on steel, that would be devastating for Ontario and Quebec, but if he exempts or go easy on energy, that’s a tell tale sign of Trump wanting to sow division because even if Canada wants to retaliate by broad tariff, Ottawa would experience powerful pushback from Alberta, causing *internal dispute*. And Trump will exploit this.

And all of that could unfold in a mushpit of disinformation campaign. They can play with Quebec, Alberta and the upcoming elections. If you don’t believe me, just look at the lengths Elon has gone to try to undermine the German election and its effect. Just DON’T lose sight of this. You might not see it now because everything seems very Canadian right now, but it’s coming. It’s a long game they’re playing and it’s gonna get harder with techbros and Russians colluding with Trump. Project 2025 is a looooong term game plan and it only been just over one month.
This fucker can’t stop deepthroating Russia but won’t skip a beat trying to fuck us over lmaoooooo
Fine. The tariffs will go forward, and so will we.

Our PM and Premiers should stop going down to DC and kissing the ring. Enough of playing his game. It's time to play our game.

Keep calm and carry on.
So what we promised last month did nothing....
I think fuckhead has no fucking idea about what he is doing or not doing
Just do it a this point fuck you shut up or put up.
If you listen to him talk, he clearly has no idea which specific tariffs he's talking about. Almost as if he's a confused old man.
Death of an empire any%
So we can get rid of our “fentanyl czar” right? It was all a sham anyways, so let’s not waste the money.
His billionaire friends have some more stocks they want to buy at discount prices, so he needs to threaten this again to get them to drop. Once they've bought them, another 11th-hour deal will be struck.
For someone who really seems to dislike Trudeau, Trump is really not doing any favors to Poilievre and the Conservative Party...
His economy gona crash and he gona cry its our fault
/r/BuyCanadian

/r/BoycottUnitedStates 

/r/BuyFromEU
Snip, Snap, Snip, Snap.

Market will react again, another 'deal' will be made. 

Little Orange who cried wolf at this point is my opinion.
Barely any (to no) reactions from the financial markets. (either on the stock market, or foreign exchange markets). 

Especially compared to late Jan / early Feb.

They no longer believe it's really going to happen, and just see this another empty statement.

Not losing any sleep over it.
I’d rather tariffs than being ruled by a russian agent. 
We are now in the ""Fuck around and find out"" stage.
We should not blink.  Bullies need to be faced down.
Electricity and oil exports should stop the moment Orange Jesus tests us.
When he apologizes and then asks *politely*, we can restore exports and resume discussions on other issues.
🇨🇦
America will end up isolated on the world stage, supported by only dictators, bigots  and despots.  Their word isn’t worth shit, who in their right mind would trade with them at this point.
We need a ""Trump says"" then doesn't do drinking game.


Actually no we don't, I like my liver.
As an American, ignore this windbag, and retaliate with heavy tariffs on US goods while decoupling.

Go your own way, if we all suffer because of this fool, maybe the low information voters will finally learn a valuable lesson about paying attention to what they are voting for. 

I know plenty of sane Americans didn't vote for him, but not enough.  And we are going to pay the price for decades for his stupidity.

Literally, USMCA was a great deal for everybody, we can't be trusted until Trump is gone. Even if you can't fully decouple from us, do so as much as you can until he is gone.
If you're spending any money in America, or on American goods and services, STOP.

(And for smart alecs: Use an ad blocker on reddit)
Enough with this back and forth bs… Trump says the US doesn’t need anything from Canada. So turn the tap off, no energy, no potash, nothing, it’ll be a week before they crawl right back.
Everyone and their uncle knows (except Americans, apparently) all he is doing is shooting himself in the foot...economists are already concerned that it's going to tank the US economy driving prices up, as well as inflation
I will never see the US the same, fuck Trump and all his dumbass voters.
We need to stop expecting this will stop. It will not stop until he gets what he wants, or we make it so painful that he fucks off. Until then, he will keep making up excuses that the media in the states will trot out dutifully, with various talking heads to offer ""balanced coverage"". 

Say it with me. He wants our stuff, and he doesn't want to pay for it. 

We also need to realize that there are smarter people guiding this, and their goal will be the normalization of Canada as an enemy. They will highlight everything. Booking at stadiums. They will find sellout Canadians to talk on their news outlets about how we will all be so grateful to have lower taxes, better defence, somehow, incredulously ""more freedom"". We need to ensure that the message is consistent and clear:

Sorry™, but fuck right the fuck off. 

We have resources the entire world is going to need to survive in the next century. We can either play our cards right and become a global superpower in our own right, or get steamrolled and pillaged. America, Russia and probably China would really prefer the latter.
Bring it on bitch
So the fentanyl stuff was BS all along. 
Colour me surprised. 🥴
I like Trudeau's strategy of targeting red states with counter-tariffs but leaving blue states like California - one of the wealthiest states in the Union - alone.
I mean we all saw this coming from a mile away didn’t we. 
It’s time Mr. Ford, this time you really need to rip that starlink contract to shreds.
Cool. Go fuck yourself America.

You can't have us, we are too good for you.
I, for one, think we should give a new mandate to our Fentanyl Czar: manufacturing and smuggling MORE fentanyl into the US. Seems like the right business move to make some sweet sweet $$$. Americans seem to love their zombie drug
We need to let Trumps tariffs increase the USA inflation rate.  If we, Canada, can help that process along a bit.  All the better.  Hit Americans where it hurts most, their pocket books.  Fair is fair, and all Canadian exports need to be on the table.  Energy, oil, gas, electricity, wood, minerals, aluminum and steel, etc.

In the interim,  we need to bring our products to the EU.  If that means pipelines, then build the pipelines.  Screw those ""oh no, not us"" provinces.  This is a matter of national economic security.  What is best for the majority of Canada needs to be the focus.  The minorities are just that, minorities.  What will the vast majority do?  Clap and vote.  Canada, Conservative, Liberal or NDP, let's get our shit together.  We are at war!!!  Let's truly be independent and broaden our trading base to encompass the world.  77% USA exports just makes us vulnerable and puts us in the situation we are in now.

Canada, we absolutely can win.  It will take capital and political courage.  I pray our political parties don't cave to special interests, but to the majority, where world reality governs.

We are STRONG AND FREE!!!

Please upvote or downvote. Just vote.  Your opinion matters.
$100 says USA will still buy our stuff even with the tariffs. Then that will upset Donny and he will keep cranking them up. By then we will have other buyers
Could Canada slap another 25% export tariff on things the U.S. cannot realistically manufacture in the next few years to make the American cost even worse?  Play the game to hurt America harder in areas that matter?
Time to turn off the electricity...
Good! In all seriousness, I look forward to both consuming less, and dramatically reducing dependence upon the USA.
Well Ford? Going to cancel the starlink contract?
He gave our gov't and industry a huge heads up that it's coming, so he's not so bright. Our leaders have been making more agreements and tightening alliances with our real friends and allies. I've been impressed that Canada and Europe are closer than ever before. I love Europe, been there lots and they are awesome people. 

The USA will lose even more jobs, he's going to kill the North American auto industry among other things. I do feel for our workers who are going to be affected, that is for sure. I hope it doesn't last long until they completely rise up and he's deposed. 

I don't know about anyone else, but I've enjoyed ""buying just Canadian"" the last month and I'm going to keep doing it, regardless of his tariffs. I don't need to be told twice that the US is no longer my friend. I don't really need anything from the US, personally, as far as groceries, utilities, clothing, shelter, or entertainment goes. Screw them.
America betrayed us."
Trump says Canada’s and Mexico’s responses to his tariff threats are ‘not good enough’,https://www.reddit.com/r/canada/comments/1ilt2ri/trump_says_canadas_and_mexicos_responses_to_his/,https://fortune.com/2025/02/09/trump-tariffs-canada-mexico-border-security-illegal-drugs-fentanyl/,"We knew that when he postponed the tarrifs for 30 days.

He'll move the goal post every month.

We should just match his tarrifs until he removes it. You can't negociate with him. If you give a centimeter he'll want a meter.
so put the fucking tariffs in or stfu. nothing will be good enough when you refuse to actually tell them what is good enough.
Trump can fuck all the way off!
No response will ever be good enough for this demented, old man. Even if we give him what he wants, which isn't even clear to himself, he will just threaten tariffs anyway. Typical bully behaviour.

Our response should be the exact same as it was before.

Permanently remove American products from our shelves, where possible, until this trade war *and* any hint of further threats stop. None of this weak re-instating of products because tariffs are simply paused.

And instantly hit them with dollar-for-dollar tariffs back so it impacts them equally at a moment's notice. I also like the idea of targeting tariffs to preferentially affect red states that voted in this clown.

Use any proceeds from tariffs on US products to fund social programs to support industries that are impacted the most, and regardless, continue working to move our reliance away from the USA by forming new trade partnerships, and removing inter-provincial trade barriers.

I would rather we work through the economic fallout of any of the above as a united country, rather than bending over to this guy who will just demand more, more, and more.
The fake fentanyl crisis is not his real concern— he just needed to make-up an emergency so he could break the USCMA.  It’s just a distraction— his real goal is to choke-out the Canadian economy.
Of course, 4 years of this. We need new friends
This isn't surprising really, and it's clear that we aren't naive when it comes to the 30 day lull.  The coercion campaign by Trump and his enablers will just escalate, and the incoming 25% tariff on aluminium and steel on Monday's just a part of it. The tariff retaliation plan's still go, with many provinces having measures at the ready.
Call his bluff. 

Trump can’t risk a weaker economy and tariffs will certainly lead to that in the short term
You can't make a deal with Trump because he always breaks them.  We need to show a strong and unified front when standing up to this bully.
No negotiations,  Pres Chump was happy enough to sign the last agreement. 

I think it's time to look for new markets, Asia would be a good market for oil and Europe for minerals.  And if Trump wipes out the auto market,  I think letting the Chinese EVs in to wipe out Tesla.  

Trump is like herpes, he will come back to cause more discomfort over and over.
Remember to keep boycotting American products and supporting Canadian ones.  He's not going to back down easily
It will never be good enough for this senile old man.

Now it's time to retaliate. Restrict energy and oil exports March 1st.
No response is owed in any way. Allies don't threaten each other.
Extortion is extortion
No honour among thieves.
Go ahead, make America more expensive, let’s see how that goes for ya trump
Trump wants to annex Canada and Mexico. Through financial pressure for the former and claiming the government has been ""taken over"" by cartels for the latter. 

This is just the early negotiation stages, then comes the declaration that they've repeatedly failed to solve the crisis he's made up. He's going to present it like the country having ""no choice"" but to annex them. It's transparent and it's insane, but it's almost guaranteed to happen.
One word. Potash.

Ban export of potash to the US. National security issue. We need our potash here because the tariffs mean that we have to massively increase internal food production, huge hydroponics, vertical farming, all that stuff to grow more in our climate. So, fuck off.

Subsidize SK producers so they don’t lose a cent. 

Let the GOP states that depend on potash go nuts. Like Chuck Grassley from Iowa already did when he begged Trump for a potash exemption last week.

And for those saying this is some sort of casus belli that gives the orange psycho what he wants? Fuck that. If he really wants that, he’ll concoct it. Nothing we do will impact on that. In the meantime, you punch the bully in the fucking mouth. No appeasement. No messing around. Fuck them.
Alright, don’t buy our stuff. I’m tired of feeling like we’re walking on eggshells,and it’s not even the First 100 days. I say “F” him. We are resilient, we’ll find other markets and leave his orange butt in the dust. I do empathize with California however, they are going to need lumber to rebuild.
Spoiler: they were never going to be enough
[deleted]
Shocker!
Moving the goalposts, what a surprise 
Fuck off Trump,and keep our beautiful country out your asshole mouth!🇨🇦
Well that was predictable.
Cut all oil and power off. 

Stop selling minerals and lumber. 

Medications. 

Potash (which is a big deal) 

Enough already.
lets be honest. even if we said we would become the 51st state, he would change his mind again and be like.... not good enough i want you to be the 51st state and name me after a province
It was going to happen no matter what
What a coward; waits until everyone is distracted by the Superbowl 😂
Trump just made it clear: The tariffs were never about border security—they’re a leverage tool for U.S. control over Canada.

This is no longer just trade disputes—this is about Trump laying the groundwork for Canada’s submission to U.S. influence.

If Canada doesn’t push back hard NOW, it risks being economically, politically, and militarily absorbed into a U.S.-dominated system.

His statement that “Canada should become the 51st state” isn’t just an offhand comment. It fits perfectly into Project 2025 and the Dark Enlightenment playbook.
Put the tariffs up Donny.
Saw a comment on here. 

""Best take him seriously, but not literally"" 

Who knows what is ACTUALLY going to happen Monday?
Canada should not conduct any more negotiations with US. They are not s trustable entity at this point. Just prepare for the worst.
Fuck Donald Trump. Fuck all the morons who voted for this orange dickhead. Fuck his cabinet. Fuck Elon Musk.

And honestly, extra fuck you to the ones who continue to defend / cheer on these idiots.
""I'm going to keep using the threat of tariffs to keep getting things I want.""

Fuck this guy. Bring on your tariffs bitch.
The tariff Hokey Pokey… I’m le tired
I actually cannot believe America just straight up voted for a dictatorship and they are all either cheering for it or sitting there doing nothing asking someone else to stop it. Holy hell America has no spine.
I think I speak for all Canadian when I say - Go fuck yourself
His fucking country isn’t good enough to be part of this continent.
Who fucking cares? He can make his industrial sector less competitive, I don’t give a single watery shit. I’m sure Germany or China would love to have preferred access to Canadian steel.

The faster we can diversify from these assholes the better.
Meanwhile Pierre is jumping in line with Trump with his ""stop the drugs"" rally. 

We're a rounding error to the US drug import trade and *way* more migrants and drugs/weapons come from them than go to them from us. 

Fuck Pierre, fuck Smith, fuck Gretzky and fuck O'Leary.
Doug Ford &amp; the provinces better remove the US alcohol off the shelves again.
Just ignore him and see what happens lol. He loves causing hysteria
Canada, Mexico don't give him anything more because if you do he will keep asking for more.
Every grocery store I go to people are looking at labels in produce we are not forgetting
Fuck Trump, and fuck the hillbilly Bible Belt that voted for this man. It hasn’t even been a month and I’m already tired of being held hostage by essentially the flyovers.
Trump is aiming for a larger goal that we haven't seen yet and as I said before, he wants all Non-USA countries to be on a subscription service for the benevolence of the USA. Make no mistake, the powers that control Trump and  now the US do not have any good intentions for the rest of the world. The US government and those that do nothing to try to change it are not and will never be our friends and allies again.
No more talk, we need action, no more online discourse and hoping things work out, FULL BOYCOTT of american goods, travel and services. We should be looking at securing nukes and increasing our military. The only thing a bully understands is a big stick so lets fucking get it.
Surprise surprise
He’s such a fucking joke."
Trump says tariffs will be imposed on Mexico and Canada on February 1,https://www.reddit.com/r/canada/comments/1i66lyo/trump_says_tariffs_will_be_imposed_on_mexico_and/,https://www.cnn.com/politics/live-news/trump-inauguration-01-2025#cm65rbx64001k3b6mzj4j0uqo,"""We have a national emergency energy crisis""   
and also    
""We need oil and gas imports to be more expensive""    
     
Playing 5D chess here, plus some monopoly pieces wandered onto the board
Guy on CBC said it best, ""Take him seriously but not literally"".
So the cost of goods just went up for Americans.
The headlineis wrong. It should say “Trump is imposing a 25% tariff on US citizens from products import from Canada and Mexico.”
I don’t think he’ll put Tarrifs on us, but he will keep threatening them. We should be proactive. Diversify our exports, build oil refineries in Canada. The more we can set ourselves up to not rely on the US the better.
In other words. Americans will be charged an import charge to cover trumps new tax cuts for the rich.
He didn't sign anything, he mentioned it while responding to a reporters question while signing executive orders.
He also just said he's gonna tariff the EU 100% if they don't buy US Oil. He spouts off about whatever he's just been asked about, and forgets about it an hour later. 

Could it happen soon, sure. 6 months, sure. Never, also sure. He's still waiting for Mexico to pay for the wall.
I hope America can survive in isolation, because that’s what it’s going to do to itself.
We need our own version of Melania’s hat.
Time for Canada to start to kick things into high gear tariffs or not we can’t live with the constant fear of some American attacking us when ever they want to boost support in the USA. Time build our own refineries, buy Canadian and find new trade partners. It won’t be easy or quick but steps need to be taken so we can’t be targeted as easily.
He said ""he thinks"" and ""he's thinking of."" 

""President Donald Trump said he thinks he’ll apply new tariffs on Canada and Mexico on February 1.

He told reporters in the Oval Office he was thinking of a 25% tariffs on imports from the United States’ North American neighbors.""

But of course, that wouldn't make as good of a headline.
he just rewrote NAFTA a few years ago, did he not do a good job?
Natural causes needs to pay this fuck a visit
Feels like he's bluffing for the Canada tarrifs.
But I read another article that said Smith is the one who saved us from tariffs lol.
Thanks for nothing Danielle.
I'd be more worried if he was singling out canada, but he  seems to want to fight everyone all at once.
Betcha Trump himself doesn't even know how tariffs actually work..
Slap an export tax on oil and gas exports starting January 29th. Limit export to 25% of current levels.

Gasoline prices will spike in the United States by 400% by Februrary 1st. Tariffs would be lifted before the end of Groundhog Day.
Canada should just pull the oil and electricity and  critical minerals for 7 days. The tarrifs will be done in no time and America will pay fair prices finally.
Feb 1 we drop our IP laws protecting big Pharma.  
Generic drugs for everyone!
I hope Canada gets more Toyotas and avocados from Mexico. 
I think there is an internal struggle from his associates to rein him in on this front (hence the leaked report that he would only study tariffs for Canada), but ultimately Trump is Trump, and his second term will be as unhinged as he wants.
Very interesting that he has a date for tariffs on Canada and Mexico, yet can't give a definitive answer for his proposed tariffs on China.
Here it comes.
Is he saving face now?  By saving face he is going to drive his economy into the ground.  Americans…you asked for Making America Great….now you got it. Enjoy the next 4 years of dysfunction and chaos
The only response to that should be ""That's cool superbowl Sunday the electricity from Quebec and Ontario goes off""
Mexico and Canada will both put tarrifs on the US the same day. Hopefully the EU will follow suit.
What’s the point of having a signed trade agreement .
What a farce, the corruption started on day one. Not one tough question to Trump from journalists all scared.
Canada should put tariffs on Teslas (to start with)
Time for Canada to literally, "" Stand on Guard""
Maybe it wasn’t a great idea to let one country accumulate so much power that they can fuck over the rest of the world while also ruining their own country.
Canadians have already stopped buying American products, thanks for the heads up, Canada will have their tariffs ready.  Americans about to find out they elected a clown
He didn't say what year.
Until he changes his mind in a couple of days or somebody tells him to change it.
I’ve seen very little in the mass media of Trump breaching this agreement which he signed. I like to see in big bold headlines TRUMP BREAKS TRADE AGREEMENT WITH CANADA AND MEXICO.
It’s only been half a day, I can’t do this for four more years
[deleted]
I really wish the media would report it by spelling it out...

Don't have the headline ""Trump says tariffs will be imposed on Mexico and Canada on February 1""...  say ""Trump says he will impose tarrifs on goods coming in from Mexico and Canada and raising prices for American consumers on those goods on Feb 1""

Sure it's a few more words, but it explains much better to the citizens that think imposing tarrifs means Mexico and Canada is somehow paying to import those goods and having them sold for the same price to the American consumer.
Here's the clip when Trump said it. Everyone can decide if Trump is serious or not. 

[https://x.com/stephen\_taylor/status/1881506028833177899](https://x.com/stephen_taylor/status/1881506028833177899)
I’m so confused
Fuck trump
Buy Canadian if you can. Other countries if not. Avoid US products.
Liquor corps are planning on pulling all American liquor off Canadian shelves. That with lumber and power I think we are gunna be ok.
Well another 4 years of the orange guy. He has no idea what he's doing. 

He's not fit to be president. 

Hopefully after his last term, someone will step up and actually run the country the right way.
I would love if Ford cut off hydro power to the US. Unfortunately all the other provinces seem to be just buckling under and it's hard to resist without a united front.
He'll do it. Most people don't realize the level of stupidity he'll stoop to.
Did he not just say he was going to order a study re tariffs on Canada?"
"Trump's long-threatened tariffs against Canada and Mexico are now in effect, kicking off trade war",https://www.reddit.com/r/canada/comments/1j33ir6/trumps_longthreatened_tariffs_against_canada_and/,https://apnews.com/article/trump-tariffs-canada-mexico-china-643086a6dc7ff716d876b3c83e3255b0,"Buy Canadian as much as possible, but this is also a good time to realize how much junk we buy that’s not a necessity- cutting back on a lot of that crap will help too
elbows up!
Just word to the wise, because we can't actually avoid all US products, I've heard experts estimate that we will feel these within a week or 2 on most items. Many things could be instant because corporations are greedy. There will be a lot of things we wouldn't expect that will most likely unpredictably increase as well.

This is going to be rough guys, no sugar coating it, even if we buy Canadian. Just be aware, and I hope you all are in good spirits. Let's stand against this tyrant, no matter how hard it gets we will always be Canadian.

This is a full blown trade war with our old friends. Good luck everyone, - Left, Right, Centre.
Yay, life just got more expensive for everyone, for absolutely no reason.
Its beyond sad how this is happening for literally no legitimate reason other than trump being a power hungry russian asset asswipe
Remember the aim - 51st state. Trump will try to wear down this country over the next weeks, months and years. Be kind to your fellow Canadians. It’s gonna be a rough ride and we need to stick together.
Incredible how of all the jobs requiring psychiatric evaluations, politician is not one of them. Yet probably the most important one.
Well... Crud. Hoped he'd blink.  Things are going to get a lot more expensive on both sides of the border.

One thing I hope that goes ahead is grocery stores putting flags beside Canada made non tariffed goods.  I want to buy Canadian when I can, and to ts just gotten more important.
There will be Canadian companies who will certainly price gouge its own people.  We need to call these traitors out and boycott them immediately.  Showing a hard stance that you're either with us or against us.

I will support Canadian business so long as things remain fair.
Eating my made in Canada vitamins and doing my pushups. Getting ready 
Gonna be an interesting few months here, wonder how Ford is gonna work this in Ontario
This might last a week but then Trump will cave and declare victory. Every lobbyist in Washington will demand it. It will spike inflation and hurt the stock market. The only thing that will surely move strongly against Trump is economic reality and his own ignorant incompetence.
As an American, i just don’t get it. Like he said he would do this, I told people I know he would do this so don’t vote for him, and people said “no”. Bruh

I want the Canadians to cut off the power and fertilizer. Fucking tired of this country voting for the dumbest people alive and learning nothing 
This is going to be really bad if he doesn't back down. As much as I want to post shit like throw a 100% export fee on eggs and potash, turn the power off etc, American manufacturers have little reason to continue buying Canadian auto parts if they're 25% more expensive. That's our largest non oil export to the US, and makes up hundreds of thousands of jobs here. I'm frustrated man. Tons of Canadians are going to lose their jobs because of this idiot, and not a single Democrat outside of Vermont gives a shit either
Hope we don’t have immediate layoffs tomorrow
America is no longer our ally
It’ll be very interesting to see how grocery stores look like over the next few weeks
Once again this proves that Trump’s word is meaningless. His bullshit story was to avoid tariffs Canada and Mexico had to increase border security. Both countries did as he asked and here we are with tariffs that will harm all the countries involved.He is sending a signal to other world leaders that he can’t be trusted and don’t do business with the USA. He’s no different than his puppet master.
www.forces.ca
I've already lost my job because of the ""uncertainty"" caused by this motherfucker.

I have absolutely nothing left to lose here, let's do this. Cut off everything. Let's make it hurt. Let's hurt some Americans economically. You think that $10 dozens of eggs are rough? You can have some $10,000 Canadian Eggs you absolute shit stains.
You are free to make more trade deals with Finland. 


Polar region, united!


Will still lovehate you in national hockey though.
Bring it on Trump...

Pour le counter tariffs en francaise, appuyez sur le 2
[deleted]
You get a trade war! And you get a trade war! And you get a trade war! Like what the hell is he thinking with these Jesus Christ
Don't back down, Canada. The world knows that you are on the right side of this ... whatever it is.
Canadians, let USA drop as a trade partner. And start looking at us, the EU.
It's time we stand together against the USA. They are no longer a trustworthy ally.
There will be lay offs in the auto industry by Friday…. Both sides of the 49th
Awesome! Now everyone gets to suffer more! 

Except rich people who will continue to get rich.

Happy Tarriff Tuesday everyone!
Reading the comments, I've come to a couple of conclusions.

1. Reddit has helped me keep my sanity. Some of you really make me proud to be Canadian, and I'm glad for the most part everyone understands what is going on, have morally sound virtues, and courage to speak up.

2. Some ....really need to brush up on WWI and WWII history. Standing with Ukraine is important. Our government is using Russian assets to fund it. 
Also, I implore you to look at geopolitical news sources. Far right extreme groups have risen across the globe. We are at the beginning of a dangerous time, and the call to action is vital if we hope to nip this in the bud.

3. Yes, this is going to absolutely suck but seeing the momentum everyone has in supporting our Canadian products/companies is the most patriotic thing I've ever seen. Proud of us. That being said, it's time  to change our spending habits and tighten the belt. Short-term will suck but if we stick together, then we will come out of this better than how we went in. 

4. Every single person better vote this election. Spread the word, post about it, tell people how, when, and where to vote. We need every single one of us to exercise our right. 

Finally, my anxiety and insomnia are sky high. Cheers to every single one of you. Elbows Up.
ELBOWS UP CANADA!!!

This is going to have far-reaching consequences if these tariffs stay for a prolonged period of time. On both sides of the border.

This absolute child that is going against the very reasons his country was formed is pathetic. This man is systematically destroying the USA from within with these hairbrained schemes that any high-school civics student could see will not work. 

Their economy will suffer like ours, their inflation will spike, the middle class that barely exists will continue to shrink. I hope Ford goes ahead with cutting off energy supplies or putting a sales tax on all of our exports (looking at you Alberta) we need to HURT this man. 

It's not an eye for an eye, it's two eyes for an eye. Take em out with the Elbow my fellow Canadians. 

We shall get through this. Good luck to you all, I'm sorry if this affects you disproportionately moving forward anybody reading this.
Fuck that orange cocksucker 
Minnesotan here:
 I'll try my best to.keep them out!
Keep up the boycott and r/buycanadian!

Keep a close eye on labels, some brands have been doing sneaky things like saying “designed in Canada” on food labels, or using maple leaf shapes when it’s not a Canadian product.
Honestly, I think Americans are mentally weaker than Canadians. Both Republicans and Democrats. It'll be more damaging to our economy than theirs, but I think we'll endure better than they will and will put pressure on Trump to cancel this.
Keep your heads up and sticks on the ice fellow hosers.
So my family comes from a long line of military and my dad finally broke the chain because war should have been a thing of the past with the world as one. In the early 90s I remember my veteran grandfather just taking us kids for a walk to dairy queen and buying ice cream and he had a serious sit down with us. He told my brother and I that one day the United States will be the one that we need to worry about. My brother and I were thinking what the heck, he was really serious about this and felt like it was a warning. He told us the same quote from Pierre Trudeau about the US being a giant sleeping elephant and that it will roll on us the mouse one day. He explained how we have all the fresh water and other resources that they will want to take from us and that by the time we're older we have to be ready for it. Well here I am now 40 thinking man he was right and I can't believe this is our reality now, who would have thought.
Oh look Russian bots already commenting pro America bs
Cut off the power to Eastern states
Everyone keeps talking about the prices of things… guys… the job losses. This is not an “oh, it’s gonna be tough for a while” moment. This is going to be catastrophic for Canada, even if it lasts just a few weeks or months. This will send Canada into a deep recession with an unemployment rate we’ve never seen before.

75% of our exports go to the U.S., and most of those are in industries that rely on stable cross-border trade—manufacturing, energy, agriculture, and raw materials. When Trump slaps a 25% tariff on Canadian goods, those industries are immediately in crisis. Companies that rely on selling to the U.S. can’t absorb that cost and will be forced to either shut down or lay off workers en masse. This isn’t just a price increase at the store—it’s entire supply chains grinding to a halt. Canadian manufacturing, especially in auto and steel, doesn’t have alternative buyers who can instantly replace the American market. You don’t just flip a switch and start exporting cars or oil to Europe or Asia overnight. The entire Canadian economy is built around the assumption that the U.S.-Canada trade relationship is stable, and when it suddenly isn’t, the shockwaves will be felt everywhere.

And don’t kid yourself that this will be “temporary.” Even if the tariffs only last a few months, the damage will be permanent. Major companies that operate in Canada will restructure, move operations, and make cuts that won’t be undone once this is over. When a factory or refinery shuts down, it’s not like they just fire it back up when the tariffs go away—those jobs disappear forever. This is the kind of move that breaks an economy. It will spike inflation, collapse investments, crush wages, and send unemployment soaring. And because Canada’s economy is so tied to resource extraction and exports, we don’t have the same economic diversity or safety nets to cushion the blow the way the U.S. does.

And let’s be real—this isn’t about “fair trade”. This is about Trump bullying Canada to get political leverage. He wants to create chaos in our economy, hurt Trudeau (or whoever is in charge), and force Canada into a position where we have to beg for a deal. It’s economic warfare, plain and simple. And the worst part? It’s so unnecessary. There’s no real crisis here, no massive trade imbalance—this is just destruction for the sake of it.

The next few weeks and months are going to be brutal for Canada, and anyone thinking this is just another trade dispute needs to wake up. This is an economic crisis in the making.
Well, here we go... One of the most unnecessary events ever.

I do hope that a great amount of good comes out of it, namely that we tighten our relationships with Europe, Mexico and key asian countries. And that we seriously increase our military spending. Things are not the same anymore.

It really saddens me that many Canadians will lose their jobs.
Can we fire the fentanyl czar now?
Great my life got more expensive and my fiancé will be out of a job… who knows when.. bring on another stress rash and maybe an upping in my meds 😅
Alright, hosers, stick on the ice and elbows up!

We're a young nation, but we've proved time and time again that *we are strong* as a people and unstoppable as a unit.

From 1812 to Vimy Ridge, from the muddy fields of Passchendaele to the beaches of Normandy, we've been victorious despite unbeatable odds. We *will* be victorious here. 

We stand on guard.

VIVE LE CANADA! GLOIRE À LA NATION!🇨🇦
**Negotiations were never going to work.**

It amazes me that so much of the media still refers to this as an issue over fentanyl and border control when the overwhelming evidence is this is a Traitor Trump takeover for the Russians. And with it the hope that negotiations could have worked. Negotiations were never going to work.

Everything on the list of tariffs is stuff that can be replaced by removing the sanctions on Russian goods. And the stuff not so easily replaced (car parts) he doesn't care about if it hurts America. It's always been about getting Russian sanctions removed. 

He's not even hiding it anymore, he's so sure of his overwhelming power.
I will not feel the least bit bad if the next assassin has just slightly better aim.
Should have cut off the power on Super Bowl Sunday !!
It's a good time to buy stocks folks, things are about to go on sale.
I am still wondering when Canada will stop selling cheap energy to the USA while charging its own citizens more.
Sending love from New Zealand 🇨🇦🇨🇦🇨🇦🇨🇦🇨🇦.                   Go Canada.
Really starting to think about this saying ""eat the rich""."
"Ottawa planning pandemic-level relief for workers, businesses if Trump imposes tariffs",https://www.reddit.com/r/canada/comments/1ic0epk/ottawa_planning_pandemiclevel_relief_for_workers/,https://www.theglobeandmail.com/politics/article-trump-tariffs-canada-planning-massive-relief-workers-businesses/,"&gt;…the bulk of potential spending on new programs to help laid-off workers and businesses affected by tariffs will require legislative approval, which could not take place until Parliament resumes sitting on March 24.
Wouldn't this jack up inflation ?
It all leads back to housing.they are trying to keep housing from collapsing.
That sounds like money printer going brrrrttt
“The source said the aid package could be ready to roll out once Parliament resumes. But it would require co-operation from the opposition parties in that they would have to delay their declared intention of bringing down the minority Liberal government until the relief legislation is adopted.”
Wouldn't they need to reconvene parliament for that?

They about to make the last few years spending look like the change on my night stand.

Edit: Ah yep the way I read it looks to be an election carrot on a stick to hold on to power till Oct.
Canada ran a $60B deficit last year. This proposed relief needs to be the absolute last resort. In my opinion, this should not really be an option at all. It feels more like a political stunt to boost polls. 

Reality is that subsidies just forestall economic pain, not eliminate. 

Canada is going to have to cut a deal, it’ll probably be unsavoury, but it’s the best way to reduce tariff threat. Could be concessions on security, energy, etc. 

At the same time we should focus on making Canada economically resilient for the next decade. Should have been done the last decade but oh well. Things like lower/remove interprovincial trade barriers (effectively tariffs), expand our ability to ship resources west and east to Europe and Asia, build domestic capability to refine energy and manufacturing supply chains that are more global.
Theyve learned nothing...
We are so fucked. Shame on you who voted for these idiots to destroy our economy. This has been a lost decade under the Trudeau liberals because everyone wanted to vote with their hearts and not their brains.
All this does it nationlize the losses and passes it down to everyone else in the form of inflation. Asset holders think they benefit, but when it comes with the destruction of the canadian dollar, all you have is monopoly money that is worth more. 

And the people that pay for this are the average people. The asset holders benefit because the value of their assets go up by more than the devalution of the dollar, and the average person gets squeezed even more. We already have so many people barely making ends meet. 

We need real laws is place that stop all this dollar printing. Sometimes we need to go through recessions to come out on top. Clearly this capitalism ponzi scheme where as soon as something goes wrong, we drop interest rates to 0 and print money isn't going to keep working. 

The Romans found this out 2000 years ago when they started shaving coins to create more coins and then started diluting them with other materials and thought they unlocked an unlimited money glitch. They ended up with inflation and didn't actually have more wealth. We are on the same path.
Yeah more devaluation of $CAD
REV UP THE MONEY PRINTERS!!!!
This country is such a joke. The only ""solutions"" to any problems are money printing and mass immigration. Not too surprising given the country is run by landlords.
Could we also table legislation to invest in economic infrastructure to help us pivot away from USA as fast as possible?
The Liberal party has learned absolutely nothing...
We need to seriously stop handing out money like it's candy. Businesses either pivot or they go out of business and it's up to them to figure it out. And I say that as a person who lost 1/2 my business when COVID hit. I figured it out after a rough year.

If I was in an industry that might be affected by tariffs as a worker, I'd already be wary of what might happen and be planning accordingly. For workers, I'd say okay maybe help them out with a transition temporarily, but for businesses, forget it.

EDIT: I hadn't read the article, but if this is another blatant vote buying technique, then screw these guys even harder.
Can we not? Can we just for once, not doll out large sums of money like this? It’s ripe for corruption just like the last time.
Classic Liberal move, print more money so that they look as ""generous"" without taking into account all the inflation it will generate.
Stop printing fucking money 🤦🏻‍♂️
Fuck this country’s politicians. I mean at this point in time I have more respect for the crackhead whore doing 5 dollar quickies. They are gonna make this country third world country with no future. Now i support being the 51 st state just to get rid of these stupid federal govt.
Another 60 to 100 billion in debt ⬆️

Reminder: 1.2 TRILLION in federal debt obligations 

Reminder: 2 TRILLION in local, provincial and federal debt obligations.

We have NO MORE money.👈

No working functional parliament

Ceremonial Governor General

No federal election

Soon an unelected Prime Minister

No balanced budget or spending cuts

With tarrifs kicking in soon expect:

Inflation ⬆️

Servicing the debt ⬆️

Cost of living ⬆️

Carbon Tax ⬆️ April 1

Other Taxes⬆️

Value of Canadian Dollar ⬇️

Businesses that rely on international trade to close

It’s all temporary 

The sinking ship

Life is about to get real hard, even ugly, for many folks

The Liberals are making sure the cupboards are completely empty - not even crumbs - before the Conservatives take the helm and have to make the most difficult decisions in Canadian history.

T-man won’t have to negotiate for Canada.

Canadian politicians will destroy Canada from the inside out. 

The rot is deep.

Pray for the once great 🇨🇦
What we have high inflation again, how did that happen
Sounds like this will be miss managed too
Typical Liberal solution to every problem....let's spend more money!! Problem is they've already tanked our economy with their massive deficit spending. Can't get rid of these buffoons quick enough....
So instead of the USA imploding Canada's economy, the Trudeau regime is going to do it instead?

Bold strategy as they say.
People are worried about a Band-Aid instead of considering what got us here. The tariffs did not get us here. You need to think deeper.
Please not another cerb-like fiasco, just a recipe for inflation gone haywire all over again
We have no Government now.  Trudeau has delayed his no-confidence vote by allying with the NDP/Liberal coalition and proroguing parliament.  We are paying hundreds of them as they cower in their blast shelters.  Jagmeet continues his rhetoric.  In my opinion we no longer exist as a Country, we are just a laundering plaything for elites.  Every step taken is to buy votes at the expense of the Country.  The Country is well and thoroughly beaten, and it continues to descend.  Please Daddy give me moar inflation.  The last 9 years have ruined us.
This WILL tank Canada and WILL put us in line for a US bailout, becoming the 51st state! The budget was $ 62B in the red going into this!

Why are the arcitects of our destruction somehow being trusted to save us from doom!?

CALL AN ELECTION NOW. And cut the crap about ""its not the right time, we're in crisis"". No, it IS time! The looney, careless, brain-dead Liberal spend us into oblivion answers to every dilemma is killing this country!
Subsidize wealthy exporters, extractors of natural resources, and shareholders. Grow the economy from the heart out!
Inflation bout to go crazy. This will just make things worse. Honestly feels like intentional sabotage at this point this whole situation
Are we dumb? Do we hate ourselves? Because it seems like it. If there’s going to be pain, go max pain right away instead of screwing future generations
This seems like a terrible idea. It will trigger a debt crisis and force us into American statehood.
The best relief they can give workers is to return our negotiating power by drastically slashing immigration.
We can't afford this.


Why aren't we cutting red tape, building new pipelines, signing new trade deals (incl interprovincial), etc.?


Do things that makes us stronger rather than complacent. 
Yay! More inflation... I love this governments strategy just to throw money at everything and make the citizens pay the price
Man.  We're just getting to a point where inflation isn't killing everyone and these fucknuts want to fire up the printers again.  

Fuck me.
Printing more money we don’t have that will increase inflation and will be abused just like the covid money. But I guess it gives them a wedge issue which the liberals love to use.
Let people have their EI, the government should not be responsible beyond that, Canadians need to be responsible for their own finances.
This government needs to go, before they mess this up to.
Good god this government needs to get the fuck out of there. Already crippled the country with dumb ass policies and now talking about putting the country into more debt than they already created. They have literally fucked any chance the next generation ever had 😡
Yeah, because it worked so great the first time /s.
massive frauds are gonna happen again, being honest doesnt pay in canada
The Liberals being in charge of a free spending program like a COVID relief style support will be a disaster. Because they know no restrictions, they'll just keep spending. We need an election sooner to get the more responsible Conservatives in charge 
Ottawa has lost control of the nation. This isn’t the right approach.
Businesses are suffering because landlords increase their rent to match their profits. The slightest bump and they can't make ends meet. The landlords should pay up and take the L, not the honest business owners. 

I wish we had laws to discourage landlords renting to businesses, and encourage businesses to mortgage instead of rent.
Instead of printing money, I'd rather the federal government make some significant investment in our own industry, our own refinery, infrastructure for new trade routes (ports/railway). 

Unfortunately those projects take longer than an election cycle to complete, let's kick the can to the next person like what we have done for the past 30 years.
We should take actions against their oligarchs. Tax Zuckerfuck, Muskrat, and Benzos out the ass, or just outright ban all their products and services.

Shit doesnt change until it is felt at the top and we should not be feeding their oligarchy.
A pretext to transfer more wealth to insiders and further increase public debt and inflation.

This government is perfectly fine with things getting even worse for the working and lower classes. ""Housing must retain its value"". We are now the 2nd worse country, of the 75 the IMF measures, for consumer debt vs GDP.

If the US has reasonable concerns we should address them. We are a place that, due to lax financial laws, has become attractive to criminals. The TD bank, for example, wasn't allowed to purchase a US bank because of its lax practices. Canada is, according to a CBC contributor, now a base for the Sinaloa's fent manufacturing. Many criminals entered Canada over the years through poorly screened student visas.
Canada needs to: 

1. Increase the size and reach of our military

2. Replace our aging infrastructure

3. Expand our infrastructure so we can actually trade with the rest of the world (pipe lines to the coasts, new ports, expanded rail, etc).

Lets put people to work like the U.S. did during the great depression."
Trump pushes 25 per cent tariffs on Canada and Mexico to April 2,https://www.reddit.com/r/canada/comments/1iytjhr/trump_pushes_25_per_cent_tariffs_on_canada_and/,https://toronto.citynews.ca/2025/02/26/trump-pushes-25-per-cent-tariffs-on-canada-and-mexico-to-april-2/,"I honestly stopped caring. Buy Canadian made when possible and continue living your lives.
This guy is a clown.
April 2 of 20never.
Alright. Time to actually ignore this market manipulating fuck head.

I'm not spending another month in anxiety.
This is a sign that he’s just blustering. He’s killing his own economy so I’m still going to do my best to support our economy.
This fucking guy man, what a waste of oxygen trump is
Fuck him. Boycott the shit out of the US until this fucker is removed
No way!! Really? I cannot believe it. I am simply lost for words. I thought for certain this time he would do it and not just hang it over our heads as an intimidation / destabalization tactic! Surely this won't continue every month for four years???
He just likes the attention.

The pushback from Canada is working. Keep it up everyone.
Should have just put it on April 1st and made the joke official.
OK folks, nothing changes

Keep boycotting American goods, services and locations where possible
Serious question.  Why don't we just ignore him until he actually implements the tariffs?
He must not have wanted to implement them April 1st, because he was worried that would somehow make people think he was a joke...
Are we still fucking doing this?

Treat this like it's currently in place.  Boycott American products at least until Trump STFU about Canada.

The less our country's name is in that man's mouth, the better.
This is just a distraction for the media, they're currently gutting their own social assistance programs to give more tax breaks to the billionaires
Doesn't matter. Boycott the country and Buy Canadian. I'm tired of threats.
r/BuyCanadian and https://proudlybuyingcanadian.ca/
Then it will be May…

MAYbe I will

MAYbe I won’t.

He just gets an adrenaline rush by creating MAYham!
Trump is not a legitimate human.
The boy who cried tariffs
No, this is separate from the March 4th “Fentanyl” related tariffs. Trump’s henchman Howard Lutnick clarified that the March 4th tariffs are contingent on Canada proving that border security has improved.

In all honesty, this administration doesn’t know their head from their ass. Vivre Canada! 🇨🇦
Abusers have two tools:

1. Confusion

2. Exhaustion

They are fundamentally weak and unlikable so they need to use confusion to get close and exhaustion to break their targets down.

Take good care of yourself and stay focused on the truth and clarity.
Just call his bluff and let's all move on
Best thing out of all of this is the action taken to diversity our trades and open inter-provincial trade. 

Second is the Canadian patriotism. Canceling us trips and buying Canadian. Let him destroy their economy. As always Canadians will take care of ourselves 

Ignore him like a petulant child till he's gone
Keep going Canadian brothers he is a pussy and won’t do shit. 

Love from Romania! 

I love hockey and I love that you kicked their asses in Boston! 🍁
He's just jerking Canada around.  Anheiser-Busch alone has enough lobbyists in Washington DC to make any politician miserable.  You think they are just going to sit on their hands when they lose their largest export market.


Trump is a bully and coward,  when Canada fights back he disappears. 


Fuck that guy.


Edit:  Anheiser-Busch,  as of last year had 70 lobbyists on its payroll. 
Colour me (not orange) surprised.
Keep kicking the can down the road until you kick the can donnie
All part of the negotiation, trying to get concessions without having to inflict pain on the US through his own tariffs. I just hope a) our negotiators don't back down, and b) we can keep the pressure of a boycott going, which is tough given our short news cycle and collective attentions spans. That said, he can't help but talk shit, so that will provide some good motivation for us
I am actually just impressed that he knows the months of the year! Gold star little orange buddy 🤣
Weak.
He probably wants to see who we elect in Ontario &amp; a new Liberal leader. Also if he can shore up aluminum from Russia &amp; potash somewhere else.
Did he choose the 2nd so people don't realize its an April fools joke?
What a coward.
What a coward
He's bluffing.  Nothing but bluster.  He's a coward.
Time to teach him FAFO. Continue with our tariff plan until he publicly apologizes and assures that it won’t be brought back up. Fuck him😡🤙🏼🇨🇦
LOLOLOL I had a strong feeling the orange shit bag would continue kicking the can down the road.
In Nevuary we will be hit with the bigglyest tariffs yet
July 10! I promise!!
Mango chickenshit should just bring it, and we'll retaliate accordingly to get it over with.
The Orange Pancake strikes again. Flip....Flop....
Is he the president of US or a clown. This is a just a total clown show now.
I'm assuming this is because of inflation already spiking again and the recent negative economic outlook, which broad tariffs would make even worse.
So Citynews says they're delayed another month, and CTV says they're not. Which is it?
""But it remains unclear what Trump wants as the president continues to complain about trade and call for Canada to become a U.S. state.""

Trump doesn't know what Trump wants. He's going senile and is a puppet for the billionaires controlling him. He just wants. He doesn't care what, as long as he gets what he wants. He's literally a toddler who wants toys based on mood and diaper cycle.

We need to ignore this ranting old man and worry about ourselves. If the tariffs never happen, so be it but we should god damn well be preparing for if they do and be less reliant on the US so when time comes, its a ""meh"".
Too scared to play his own game or something?
If they come they come. I'm already shopping more Canadian.
How could any human being vote for or take this dog shit of a human being seriously or support him. The only people shittier than the people that voted for him are the people that didn't vote at all. Apathy will be what kills democracy.
Drives Canadians to stop using US goods, doesn't implement Tariffs. 4D chess. What a fucking clown.
Do it or shut the fuck up! God he’s insufferable…
Honestly just continue buying Canadian."
"Trump won’t admit it, but Canadian potash fuels American agriculture; More than 80 per cent of the potash used by U.S. farmers comes from Canadian mines, and the costs could skyrocket should tariffs happen",https://www.reddit.com/r/canada/comments/1j12cft/trump_wont_admit_it_but_canadian_potash_fuels/,https://www.theglobeandmail.com/business/economy/article-trump-wont-admit-it-but-canadian-potash-fuels-american-agriculture/,"[deleted]
Good thing there's no way Trump is planning on making deals with Russia for resources or anything.

/s
It’s not that trump won’t admit it… it’s that he’s an imbecile and doesn’t care. Is he a farmer? Will it affect his day to day life? Then he doesn’t care. This isn’t about winning another election, it’s about his ego. He ran on tariffs so he will enact tariffs, no sense trying to apply logic or reason.
[deleted]
Americans need to learn that there are consequences when voting.
Good. Put a 25% export tax on it as well.
Export tarrifs
Let Americans feel the pain. It's just cause and effect.
For a country that appears on the edge of food shortages, this is possibly the dumbest move. Just adds to the assessment: this is the dumbest, and I mean, the fucking dumbest trade war ever.
As an American please punish Trump and his supporters.
We should sell it to europe since he said he dont need it
It would be a real shame if we decided to ban shipments of potash to the US. A real shame.
Guess who the #2 potash producer is; Russia. I don’t think it’s a coincidence Trump is cozying up to Putin before his fight to subdue Canada starts in earnest. He plans on replacing a lot of what we have as bargaining chips with Russian imports. I can almost guarantee a lot of what was discussed in Riyadh was asking the Russians what resources will you commit to sending us for cheap if we flip sides. It’s starting to look more and more like they may be serious about Canada. They’ve thrown Europe into a self absorbing crisis where they have to worry about their own issues and with Russia as an ally, Canada is looking very exposed.
10,000% tariff
I was listening to a Bloomberg discussion about the potash question.  One of the people working in that industry talked about how potash right now was selling at around $300 per tonne.  They said even with 25% ($375) is still low compared to higher prices like $800 during higher demand and low supply.  They said farmers would still pay.
This is a product that is boring and not sexy at all, but if you take away the Americans food growing capabilities then you can control them. That country is obsessed with food. We in Canada, have no idea how much we control the U.S. food supply.
Admit? Does he even know?
Fuck that shit don’t sell em 1g
Increase the cost by 50% and use the money to create jobs in Canada.
US farmers going to get wrecked..All the migrants leaving or deported,China sourcing their soy and corn from Brazil and higher potash cost. Incredible these people keep on voting for GOP.
He won't admit it because he doesn't understand it. He's just looking at the trade deficit and made a decision there.
Do an export tariff!
Could skyrocket? *Could!?!*

Absofuckinglutely it should! And everything else that we have and America *needs.* Or better yet, stop selling to the US and ship elsewhere. Even if it's at a loss, it's better than supporting that pos Trump by bending a knee.

Fuck Trump. Fuck every asshole who supports him.
Screw their tariffs, don’t sell to them! Don’t buy from them.
He. Doesn't. Care. About. US. Citizens.
Keep it and let him get his potash from Russia. Imagine how much that's gonna cost Trump. 

Start giving deals to other nations if they buy potash from us.
Its not that he wont admit its he literally doesn't know because he's that dumb
But they don’t neeeeed Canada!
Trump probably doesn't know what potash is
Let there be a consequence to the ineptitude. A clear consequence to his actions. Clear demonstration that tariffs are born by the consumer of the importing company. 

Canada sells potash at $100 to the US. US vendor sells for $125. 

Tariff hits. Canada sells potash for $100 to the US. US government adds tariff on vendor of $25. Vendor sells to US consumer for $150.
Trump bound to say Canada owes $200 billion USD per year for decades ...for US protection and trade deficit and we can make a payment by signing over our  potash.
To backstab Canada for Russia. All the old American politicians rolling in their graves.

It’s almost as if Putin has something on Trump. Something so big.
&gt; Around 45 per cent of total corn produced in the U.S. is turned into ethanol

Canada should stop forcing ethanol in our gas and that will really hit US

https://www.producer.com/news/u-s-ethanol-exports-to-canada-soar
I wonder what colour of US States use Canadian potash the most...sounds like FAFOland to me...
Canada should put an additional 20% export tariff on potash, let the Trump's voters feel the pain.
It's unfortunate because I think once we cut it off, the US will redraw the border as Navarro has indicated and then Trump will claim we're occupying *their* land. Let's also remember that Trump waving the 1908 boundary treaty which established the official borders that we use today. It sounds crazy because it is but that doesn't mean it's out of the realm of possibility given what we've seen from this administration.

Sitting between the US and Russia (effectively) while controlling the most fresh water, the Northern passages, the largest potash deposits, oil, and so many more resources, is not something I'm overly comfortable with.

I also don't think we should roll over but Trump has clearly shown the inability to be diplomatic and will retaliate to us defending ourselves because he thinks he should always get his way.
No springtime fertilizer for the crops. Watch their grocery prices skyrocket further as they realize they are dependent on other countries.
Jack that shit up.
When I was in college for horticulture they said ""Canada and the US rely on Mexican tomatoes. We can label them all we want. But we're fucked without globalization."" Mainly because it's the way, currently, that food trade works.

Trump is going to starve his citizens. And they voted for it. Time to give them what they wanted.
How about slapping Canadian export tariffs on top of the American import tariffs? If American farmers have to pay 50% more for their  fertilizer, they will give Trump an earful, after they’re a big part of his base
Potash should definitely be a strategic resource to use as a leverage in these negotiations. No more playing nice, Potash is both a key resource and something Canada has a heavy influence over.

A Strategic Potash Reserve formed from US bound supplies can help extort the highest prices out of US customers if they’re not willing to play ball.
&gt; Even for fertilizers that aren’t mined, and which are therefore produced by many nations (nitrogen can be captured from the atmosphere, so the U.S. has domestic production), switching supply chains costs money and time as freight routes are altered. All of this is passed onto the farmer.

I found this statement interesting. Yeah, nitrogen is everywhere, but getting into a form usable for fertilizer requires a lot of energy and hydrogen gas. 

It's very economical in USA thanks to cheap natural gas from fracking.

Spinning up a new nitrogen fertilizer plant is still a multi-billion dollar endeavour.
You guys should jack up the price with or without tariffs.  Americans need to feel the pain of our stupidity.
Good, hopefully his own people will turn on him before he manages to convince his brainwashed minions to attack Canada.
Time to make Americans starve. 
Paywall bypass: [https://www.printfriendly.com/print?url=https://www.theglobeandmail.com/business/economy/article-trump-wont-admit-it-but-canadian-potash-fuels-american-agriculture/](https://www.printfriendly.com/print?url=https://www.theglobeandmail.com/business/economy/article-trump-wont-admit-it-but-canadian-potash-fuels-american-agriculture/)
Our government needs to not show any weakness. Issue is a ton of our politicians are in bed with America
Don't even warn him about it. Let him do it and let his followers suffer the consequences.
Yep. It’s as if they didn’t look exactly at how our economies were intertwined.
I know would be economical suicide, but I wish Canada would just with 25% export tax on everything the US needs…"
Justin Trudeau slams Pierre Poilievre and Alberta’s Danielle Smith for breaking ranks over Trump tariffs,https://www.reddit.com/r/canada/comments/1i3pijs/justin_trudeau_slams_pierre_poilievre_and/,https://www.thestar.com/politics/federal/justin-trudeau-slams-pierre-poilievre-and-albertas-danielle-smith-for-breaking-ranks-over-trump-tariffs/article_c8014b12-d431-11ef-841f-536e6a6099f3.html,"Paywall bypass: [https://archive.ph/thnZr](https://archive.ph/thnZr)

In Brief:

* Prime Minister Justin Trudeau slammed Conservative Leader Pierre Poilievre and Alberta Premier Danielle Smith for not joining a common Canadian opposition to incoming U.S. president Donald Trump’s threatened tariffs, just days before a potential trade war erupts.
* Trudeau and 12 of 13 premiers agreed on Wednesday to form a united front and get behind a pledge that “everything” is on the table in Ottawa’s effort to fight a potential tariff war, including restrictions on or higher costs for Canadian oil and gas shipped to the U.S.
* Trudeau, speaking in Windsor on Thursday, said  “All Canadians” stood up for Alberta when Canadian taxpayers funded the purchase of Trans Mountain pipeline expansion to “get Albertan oil to new markets.  So, yes, premiers should be advocating for their own industries … their own communities, but they should also put their country first.""
* Poilievre, who polls suggest could become prime minister in the next federal election, repeatedly refused Thursday to say whether Canada’s energy exports should be part of a Canadian retaliatory strategy.
If Poilievre can’t get behind and support the provinces at a time like this, he doesn’t deserve to represent us.     

If he can’t make up his mind in something that’s been making the news headlines for weeks, he doesn’t deserve to represent us.    

A leader needs to lead, not follow.
A lot of people here are just bashing Trudeau for the pipeline, which is largely a fair point.   However, this isn't a reason for the Premier of Alberta, or PP to be polishing their kneepads and massaging their throats in preparation for Trump's inauguration.    Have a back bone for God sake.
Full nucular is the only response.

Tariffs would seriously damage our economy, anything short of doing the maximum damage in return is essentially rolling over and taking it.

Take your fucking ""victory"", trump, but I hope we make your country fucking *bleed*
Let’s stop arguing about Trudeau, the pipeline, and Trump. The real issue, which he’s addressing here, is Danielle Smith being a traitorous premier and acting in ways a lot of her constituents do not support. GET HER OUT!
[removed]
Traitors Smith and big mouth O'Leary come on bring on the sedition charges..make sedition charges great again!
While i am for trying to hurt the Americans with tariffs and refusals of our own, I think we need to see which industries we won’t completely destroy by doing so. This entire country is cheque to cheque and we could fuck ourselves way harder than the Americans will ever feel it. We should by know means roll over but we should see what resources they take disproportionately from us compared to others and if we have other markets to open new deals too. I think natural gas to Europe (due to the Russia situation)and cutting it off to the states is an easy choice but I imagine it will be no gas for America and China gets to buy our natural gas companies
[removed]
Good, they need to put country over party for once. All the other premiers and leaders are on board.
We're just reposting the same story then eh? 

https://www.ctvnews.ca/politics/article/with-trumps-tariff-threat-looming-trudeau-launches-canada-us-relations-council/

This is actually a bot, just articles and chat gp summaries or op is absolutely dedicated and impartial.
Let’s just surprise them all and vote NDP at the next Federal election just for  spite !!!
Surely not standing up for your country is treason
Pierre Poilievre and Danielle Smith are traitors to Canada.
To get Alberta on board and be fair to all provinces, first let's have matching tariffs in and out across the board, no cherry picking. 


Then put the first X billion of tariffs towards building that strategic BC pipeline that will open up our oil and gas to Asia. 


Tariff income beyond that amount can be reimbursed to Canadians same as the carbon rebates...
[deleted]
He’s such a tough guy now
You should have called an election.  Thanks for too little too late.
Yes, please go on the offensive. You are down, but please take this dangerous fool down with you.  
I don't trust JT to be ruthless. but one can dream
I have to say that I agree with Mr Trudeau on this one.
They are only beholden to Big Oil. They could care less what happens to Canada.
Consolidating support in Alberta is not PP's biggest issue. Winning Ontario is the big prize. Ontario needs US trade that doesn't fuck them, the reform party is still boning on tar sands...
I understand not liking Trudeau, but if you are voting for the guy who wants to work WITH the president trying to absorb our country, you are the opposite of patriotic. You are a traitor.
Now is the time for all of Canadians no matter their political stance to stand up and pass all pipelines to the north,south, east and west. Along with LNG plants and refineries across Canada.
Yeah I was going to vote for pp not anymore. Probably liberal again now for carney. Fucking traitor. Wtf is wrong with him..

This issue might not be important for some, this is an issue I immensely care about.

Edit: I'll look into it as I have conflicting information. And not just from today. It's been a week of everyone trying to get pp to firmly state his stance.
The fact that Pierre didn't say Canada first and Doug did says all you need to know about Pierre.
Say what you want about Trudeau, but he is not a traitor who will bow to Elon Musk and Trump like Pierre.
Sourced quotes from Poilievre from the past two weeks on Trump and tariffs:

1. [""The Canadian government must retaliate with highly targeted tariffs against American goods coming into Canada. That I can say right now""](https://archive.is/nJ8M7#selection-2795.0-2795.147)

2. [""I will retaliate with trade tariffs against American goods that are necessary to discourage America attacking our industries.""](https://www.youtube.com/watch?v=x260pMk1t60)

3. [""My message to President Trump is this: Canada will never be the 51st state and not only that, the free ride is over. The era of Liberal tax increases and anti-development policies that have driven a half trillion dollars of our money south of the border is over.""](https://www.cpac.ca/headline-politics/episode/pierre-poilievre-on-capital-gains-tax-trump-tariff-threat--january-16-2025?id=4365dfa2-3b92-4d86-aa1f-70b52ff23bca)

4. [""Canada will never be the 51st state. Period.""](https://x.com/PierrePoilievre/status/1876737709332738534)

Where is he ""breaking ranks"" with anyone over the tariffs or Trump's posturing?
Slamming was so last year.
Lets start with hydro power first and then maybe move to restricting oil after that.
Party above country. The IDU are just cancer.
It would be prudent to identify whether these are empty threats or serious. Trump says a lot of stuff that ends up being meaningless drivel. He gets everybody’s attention and people get all in a tizzy, only to have him ask for something much more reasonable which by comparison is easy to fulfill on. It’s a negotiation strategy. Also, he has been trolling Trudeau for a long time, and Trudeau has made disparaging remarks about people with opposing views (fringe minority, far right, etc). This further incenses Trump. I think it would be best to just let things develop and see what happens. 

It is a fact that we are vulnerable with the way government has been lately, and the economy, housing crisis, etc. Correct me if I’m wrong but Manitoba and Newfoundland have massive debt and the way we plan to pay back that debt is selling our energy. If for some reason our energy can’t be sold to the US, we are in deep trouble.
Anyone else notice how vocal Trudeau has been since he handed in his resignation? Pretty quick to start pointing fingers now he has nothing to lose.
Traitors. Tiny pp won’t get my vote
He’s right. The Feds spent a pile of money on trans mountain, an effort to get Alberta oil to the coast and be available for shipping to other markets, instead of the oil being landlocked and having to be sold in the US for a discount. Honestly, I’m not trudeaus biggest fan, but the guy went to bat for Alberta on that and has been shown nothing but disrespect from Alberta, most notably this train wreck Smith. If you want to see how much Alberta gives up selling crude to the US vs other markets, look at the price of West Canada Select and how it compares to Arab Heavy, both are nearly identical, but Arab Heavy is available readily at a port. The other day I thought I saw a $12 per barrel discrepancy. This is the kind of thing the feds can see but the Alberta govt is so caught up in being tangled with those Americans, they couldn’t be bothered. The UCP consistently screws over the people of Alberta but they just take it, it’s almost like they’re too contrarian to admit they’ve been duped. It’s sad really.
Angry Trudeau is best Trudeau.
You would hope for a functioning parliament, right?
They're both foreign assets. Investigate their finances and foreign ties.
End conservatism.
Danielle Smith is a fucking moron, and her crew just do whatever self governance that helps themselves. Todd Loewens in Las Vegas on the Alberta Taxpayers dime to advertise his hunting/outfitting business. I definitely don’t fall within a particular political party standard, but these “politicians” in Alberta are bad fucking people.
.. haha *we're fucked*
I'm on the fence a bit with this. I really don't know how severely this will affect markets. 

If I was Smith and PP I might almost play coy and not say anything and still implement tariffs. 

This whole thing is incredibly stupid. 

Initially I thought hit em as hard as you possibky can! 

Trump effectively will jack the price of gas 10% (or so i think?) Maybe stand back and let him dig his own grave rather than put a price increase on Canadians???
He should have been more outspoken and direct about this stuff since taking office tbh.
Mr PP gonna find himself not so popular if he doesn’t stand up for his country
sigh, more ""slams"".

Why is half of what is said by someone described by media as ""slams""?
You know for a guy who complains about misinformation, he sure says a lot of misinformation. Hasn’t PP already confirmed we would be hitting back?
This sub literally had an article posted to it this morning saying ""Pierre Poilievre says he will retaliate against Trump's tariffs"", lol. So which one is the lie?

How comforting it must be to live in the big-L bubble and never hear anything other than what your masters tell you 😊"
Ontario slaps 25% levy on U.S.-bound electricity in retaliation to Trumps tariffs,https://www.reddit.com/r/canada/comments/1j81gdc/ontario_slaps_25_levy_on_usbound_electricity_in/,https://www.cbc.ca/news/canada/toronto/ontario-electricity-tariffs-ford-trump-1.7479180,"This is not good for the price of US eggs.
Amazing.  They don't need us, remember
Excellent. BC and Quebec should be doing the same
&gt;The surcharge is adding about $10 per megawatt-hour to the cost of power heading south, the province says. It will generate an estimated $300,000 to $400,000 per day — money that will be used to support workers and businesses hit by U.S. tariffs.

So calcuating that out per kwh, that would mean that the price would increase for them at a rate of about 1 cent per kwh.  Guess they are only paying about 4 cents per kwh, and will be 5 cents per kwh with the tariff.

Based on the estimaged $300-$400k per day, does that mean we send 30k-40k MWH, or 30-40 GWH of electicity to thet US each day?
I don’t know why Americans would care that the price of something they don’t need is going up. When something I don’t need or want goes up in price, I just don’t buy it. 

/s
Well I’ll be damned. Dougie actually followed through on one of his promises
Elections have consequences yankees.
We have to defend ourselves against the arrogant US policies and the best way is to hurt them financially. It’s the only thing many Americans really care about. Its a weakness that we can use to wake them up
Get after them Doug!
Putin's not gonna be happy about this one
This is the “Come at me and see what happens “ Tax.
MAGA cultists will blame Canada for this and place 0 blame on Trump.

""Canada has milk tariffs! So what the fuck man! Trump should be able to tariff everything from Canada, and they shouldn't react at all!!!!""
Let's go Dougie!!!
Fuck this gets my dick so hard.
Standing O for Mr. Ford!
I honestly never thought I’d see a day when I would say I’m proud of Doug Ford.
Tariff horrors.Tariff horror. Tariffs affect the stock market . Bring it low and long enough just so billionaires buy large volumes of stock at a lower price. Equates to more power That's why he keeps walking out back to affect the market. Canada, EU should swoop in and buy up all the stocks they can
Ford, could you please speak to Smith in Alberta, and have a discussion on what Candidate patriotism looks like? Ford, Bravo for your actions…
This is good but... why is he standing in front of US flags?
When Quebec?
Ford is running in the next federal election. As what? Who knows. MP is likely as anything. But he's doing a big swing like Trudeau.
Doug Ford fighting for Canadians while Scott Moe does nothing.
Letssss goooo
Go Ontario! Keep up the good work!
Good job, Ontario 👍🏼
🤣 what happened to “turning” off the electricity?
So just for reference, over the past few weeks, we’ve been exporting 1000-1500 MW to New York and Michigan. Right now, it’s about 300. Granted, demand is down since it’s warm out, and solar generation is high.
Fuck me up, daddy.
Excellent, now double the tariff every week.
Every other province needs to follow this immediately
Canada, putting it in terms even an orange orangutan can understand!
This is the way. Fuck Trump
""I feel terrible for the American people, because it's not the American people who started this trade war. It's one person who's responsible, that's President Trump,"" he said.

Well, it was the American people who elected that clown.
Let's go BC, you're next and you too Quebec!
I really want them to cut it off
American here. Honestly. Just cut the power. Our government is insane and needs actual consequences.

We are being ruled by the worst people.
Fight back, Canada!
Fucking right Ontario 🫡🇨🇦
Looking at NYISO real time data, too early to say for sure, but the fuel source mix seems to be much lower on renewables, meaning they might be ramping up domestic production and shutting off imports.
I'm blaming this on Hunter Biden's laptop!! Possibly Travis men in women's sports or maybe DEI hires!
FAFO, the Doug Ford edition.
Trump will be Führious!
USA can go to heck. Suck it trumpers 🎺
Giggity Giggity!
I would increase the price another 25% in a few weeks if tariffs are still in place.
Make it 51%
Douggie vs Donnie war of the chubs 2025
Sweet.
Well done Ontario!
The republicans upset by this should try pulling themselves up by the bootstraps."
Trump delays tariffs for all USMCA-compliant goods for both Mexico and Canada,https://www.reddit.com/r/canada/comments/1j54ico/trump_delays_tariffs_for_all_usmcacompliant_goods/,https://www.reuters.com/business/tariff-reprieve-likely-be-extended-all-usmca-compliant-goods-lutnick-says-2025-03-06/,"are we going to do this every month for 4 years?
lol k.  

See yal in a couple weeks.  Or tomorrow.  Or next year.
For context: I’m a supply chain guy. Been in procurement, global trade for my career and got my masters in supply chain at one of the top programs in the world.

So let me explain what USCMA  compliant means. But TLDR is Trump backed down after 24 hours and trying to save face by saying that.

USMCA requires goods to be either wholly produced within US, Canada or Mexico OR
significant percentage thereof, such as 75% or higher in monetary value. It needs to at least undergo a substantial transformation within US Canada or Mexico. So basically can’t rip the sticker that says Made in India and replace it with Made in USA. It has always been like this (mostly) since 1994 under NAFTA where only compliant goods are subject to duty-free movement between the three countries. If not compliant, they’ve always been subject to tariffs. No one disputes that.

So the news today that the US administration is now saying USMCA compliant goods are now exempt from tariffs mean that the whole free trade agreement is basically back in business as it used to be. The coward thought Canada and Mexico would do nothing and just bend over, found out, and turned around saying that we will now do exactly what we are supposed to do.

Upvote this please so people don’t believe the Trump propaganda and don’t believe his claim that he won concessions. Trudeau told him to fuck off. And he fucked off. That’s that.

Edit: Wow. Thanks everyone. Also, I finally have enough Canada sub karma to post. 🥹

—————————-

Edit 2: it’s not all “cost less” in my opinion. You might see customs from all three sides being more careful examining country of origin declarations.

For example: Made in Canada or Product of Canada mean two different things. According to Canadian laws, Made in Canada means 51% in Canada and therefore not subject to USMCA duty free treatment. Product of Canada is 98% and should be duty free. And lots of grey in between. What is Assembled in Canada and bunch of language people make up? What about the definition of “substantial transformation” - it is like asking how do you define “reasonable cause” for cops to do a traffic stop. Is it enough if I turn sand into glass? What about milk into butter? What about milk into cream? What about milk into skim milk? What about an engine piston from steel? Does adding an O ring count? What if this O ring costs 3x of the piston itself? (By the way, milk is a horrible example actually because there’s a lot of carve outs for this. For health, competition and other reasons.)

While I have lots of respect to the frontline customs folks, many have zero clue what is what beyond the most basic stuff. At some ports, you’ll have certain trade experts as supervisors who will answer these harder questions. And then if there’s still a dispute between the company and the government, trade lawyers get involved, trade accountants, tribunals and judges and the whole nine yards. You can even calculate the percentage in a million different ways. Gets really nuanced really quickly.

And not to mention the major damage is already done because of volatility. If you’re a company planning out where to put a factory, you pause because you don’t know what happens next month, let alone next year or 5 when the factory completes. So all three countries hurt because now those jobs that would’ve been created are not created, the goods are not going into the economy to create more jobs or as inputs for other companies. It’s altogether dumb as WSJ and Trudeau pointed out. The company might say screw that, I’ll build it in Europe, China or India because the next big consumer is there anyway - and their political environment won’t change on a dime.
Well well well...

Welcome back everyone
Great news for Canada. Just got off the phone with the governor of Canada—good guy, smart guy, not as smart as me, but smart. No more tariffs. We made a tremendous deal, absolutely fantastic. Canada was very worried, very nervous, but now they’re happy. It’s a win-win—great for America, great for Canada. Everybody wins when Trump makes a deal. Believe me! - Mango Head.
Canada needs to make a 60 day minimum on the retaliatory tariffs and responses.   He is trying to buy some time to position himself better before re-enacting the tariffs.   Hopefully our leaders can see this for what it is..
I don’t care, I’m done. Canada goods all the way.  I’m tired of this game. Anything but American. I’m hurt and mad and I think this relationship has run its course. The damage is done.
Whats the fucking end game for this guy, market manipulation? I don't see anything else possible given the constant backtracks.
me when i crash the economy because i’m bored
Damage has been done. Don't buy American
A pause isn’t sufficient. He needs to stop this bullshit, take them fully off the table, resume being an ally to Canada, Mexico, and the rest of the world, and stop being a stooge for Russia. 
Keep the counter measures up. 
Wasn't Trump chirpin about how he was going to apply even more tariffs to Canada after Canada retaliated? Guy is the biggest Puss.
This makes Trump look massively weak.

Trump is the best thing to ever happen to Trudeau
Fuck trump we should keep our tariffs on
Chickenshit yanks
I guess his friends all bought in the latest dip he caused. Wait for the rebound to closing in 54 minutes.
It's only a delay.  Getting sick and tired of this game Donald.
Just to reiterate - Fuck them.
Are we going to do this stupid dance every month? He says it's happening, we retaliate, the stock market plummets and then he pulls back? 

  
Just fuck off man. Either do it or don't. Fucking hell.
See you guys at the end of March for the exact same thing.
I'm on guard for All of Thee in Canada! I'm going to keep buying Canadian and other countries products and I'm going to keep my guard up.

Elbows up! 🇨🇦
They’ll be back for a day or 2 in April
Keep the bourbon off the shelves as long as the word “pause” is in use. Doug, keep on with the electricity surcharge as long as the word “pause” is in use. If we’re still playing Red Light/Green Light in the summer, drop US copyright and patent protection in Canada.
Looks like Trudeau grabbed donnie by the pussy!
Market manipulation
Tariffs or not, boycott continues.
Trudeau fucked him up.
Is this lunatic having fun?! I am so tired. 4 years ?? Nooooooo
The sheer tedium of it all.
Eby just announced major tax on trucks transiting BC to Alaska.
The first time they delayed the tariffs, Trudeau had been on the phone with Trump and reiterated his already existant plan (and appointed some czar, who tf knows).

This time, Trudeau got on the phone and essentially told Trump to go fuck himself, and he still delayed the tariffs.

I'm beginning to think that Trump has no idea what he's doing. What do you think, guys?
If I’m Trudeau I keep the tariffs against the USA active. Tell Drumpf to call back at the end of March and cut off communication until then.
They showed their cards. Dont drop it pls.

Let those ketamine fucked overdose out of coping.
Elbows up. Fuck trump.
Did we even say thank you?
Incoming truth social post about how he is pausing it because Trudeau promised to step down next week.
Which means the new 25% tariff is still up across the board for anything not under the contract for 30 days.

Which means we should keep our tariffs up and removing alcohol from the shelves because unlike Orange cheato Chuckle Fuck, we're not doing a blanket tariff across the board. It's targeted.

And they should stay on, they want no tariffs? Then take it all down, and fuck off with this month to month bullshit.

Or don't. At this moment, this Chuckle fuck is bringing Canadians together and creating a new wave of patriotism and nationalism not seen in years.

Go Canada.
Good one, tanked the stock market for a few days for no new gains. Not even fake, illusionary gains like the last time around. At this point I'm starting to believe creating uncertainty for Canadian businesses (at the cost of hurting the stock market) is the primary goal of this tariff on-and-off.

EDIT: Apparently USMCA goods are only 38% of Canada's exports to the US. So this only mitigates the tariffs. At least the auto industry will be protected for now, but like I said the uncertainty itself is a big risk factor and is delaying &amp; endangering many announced investments in the sector
Guys, can we keep the US booze off the shelves for the rest of the month? It is really stressful for the associates to keep restocking and remerchandising every time Trump acts like an idiot. Also, it is a good way to showcase the non-US products.
I feel like I’m in an abusive relationship
We arent deserving of a nice truthsocial post? how sad.
Thanks, Trudeau
Well we shouldn't budge on counter tarrifs until all tariffs have been removed and the previous trade agreement has been honoured.
Mexico got a pause for a respectful conversation.  

We got one for publicly calling him dumb.
Well Trump can go fuck himself. This shit has hurt my pocket quite substantially but I say to Canada and the next PM to keep going. Fuck this guy, I am willing to be in the poor house provided this fucker get pegged to size and I have no sympathy for any Americans that voted for him if they are hurting due to this guy’s trade war. Once again Donald, go take a flying fuck!!
Before the announcement Trudeau said our retaliatory tariffs would stay until all tariffs get rolled back.  We will see if he sticks to that.
Keep all of our tariffs and export taxes in place until the whole 51st state and tariff threat from them has ended. Permanently.
Are those who work at the liquor stores going to have to put US booze back on the shelves? I hope not.
Still don't buy american.
Melanie Joly said enough with the psychodrama, the reciprocal Tarrifs on US goods will stay on until the illegal tariff war is over for good.

I hope they do exactly that."
"Washington State seeing fewer Canadians after Trump, tariffs and talk of ‘51st state’",https://www.reddit.com/r/canada/comments/1j23kma/washington_state_seeing_fewer_canadians_after/,https://www.seattletimes.com/business/wa-seeing-fewer-canadians-after-trump-tariffs-and-talk-of-51st-state/,"At least this article acknowledged that it’s not just the tariffs but also the threat of annexation.
We're spiteful like Canadian geese
No kidding, we were planning to take the entire family to Disney in 2026, we decided this weekend that we can't, in good conscience, do that an we will be taking the family to Nova Scotia for a hiliday instead.
We're spiteful and have long memories.  This is forever for many of us.
&gt; Others, like Brad Averill, a Bellingham-area resident, are a little mystified Canadians are taking American politics personally. “It’s our politics,” said Averill, who was at Costco with his wife, Amanda. “We don’t let their politics affect us.”

This would be that trademark American geopolitical literacy in action.

How can you not get that their politics are affecting us, directly and existentially?
Use to go to Vegas every year. Got invite for free nights at bellagio. No fing way I’m going.
A friend works for one of the tech giants in Silicon Valley. He is absolutely gutted by the number of times he’s had to explain how tariffs actually work. His coworkers will not believe him. He is the only Canadian on the team. These are incredibly book smart people but they just will not get it.

I had a laugh with his wife when we talked about even the most concussed hockey player in high school understood how tariffs work. Specifically it was the idea of a hockey player shoving a tech nerd into a locker, telling him to read a book!
He mistook our kindness for weakness… and we are also spiteful and don’t forget
Trump is a Russian asset!
&gt; aren’t just booing American teams

What is this inflammatory horseshit? We aren’t booing any teams. We’re booing the anthem. There is a big difference. Fucking garbage reporting.
I’m a big Twin Peaks fan, had a big road trip planned through the beautiful forests and mountains of Washington to see the filming locations, not anymore, not giving them a fucking penny of my money until that spunk trumpet is out of government.
Cancelled the summer trip I planned through Idaho and into Washington State.  I'd be a fool to go spend my Canadian money in the USA.  Sad but necessary, and if Americans don't understand that's exactly the problem.
Will be celebrating my bday for 1 day this year. Other 364 days will be celebrating that I'm not american
“It’s our politics,” said Averill, who was at Costco with his wife, Amanda. “We don’t let their politics affect us.”

“It isn’t like Congress said it … or the voters said it; it was one person.”

These kind of comments prove to me that some Americans just don’t get it. Your current politics include annexing Canada! How does that not affect us?? And it was just one person that said it? That one person is the president of the United States ffs! “Geez, why are you Canadians so upset about all this 51st state talk? It’s our politics and it’s only our president that’s repeatedly saying it” Seriously? Fuck all the way off.
This is just the prelude. Wait to you really piss us off March 4th.
Got yelled at while stopped at a red traffic light in Bellingham, Washington : “GO BACK TO YOUR OWN COUNTRY!” along with the middle finger.
Little Russia isn't the friendliest place these days, what with the guns, the tariffs, the threats of annexxation, and the casual jokes about it from across the political spectrum.
I cancelled my week long trip down to Portland and Seattle for my kids March break.  Going to spend our money in Vancouver instead. We were going to catch a live raptors vs trailblazers game. Doing a sports bar instead.  Sucks and feels great at the same time.
Forever for me.  Been to the us many times.  Never again.  We were your friend and we were your ally for many many years.  You are now hurting us for no good reason and threatening our very existence.  Fuck you all.
Not surprised, we had a 22k Disneyland trip planned, whole family and grand Californian etc etc.

We had the travel advisor planning it all out and I cancelled it before we put anything down thankfully.

We’re gonna go to Tokyo Disney instead
Yep, enjoy the bed you've made. America is trashy as a trailerpark!
“We don’t let their politics affect us”

You’re in for a rude awakening pal!
Choices have consequences.
Why tf would I give them my hard earned money after Americans collectively voted for someone to fk Canadians over?
I've cancelled both personal and professional travel to the United States this summer, and I've heard from at least a dozen other people who have done the same.

They'll lose billions of dollars this summer.
Americans I've spoken to think we are all taught to hate them and teach it our kids. Crazy how they willed that exact thing into reality
Surround myself with putin lovers? No thanks
No we won’t forget how we’re being treated right now! Friendship is a privilege not a right! And if we’re being treated like this by so called friends who needs enemies!!
Been considering a mountain bike trip to Utah. Austria it is
I love going down to Washington, California, and occasionally Vegas, love the people there too. But we can't be visiting hostile nations.
I cancelled plan to go down south after seeing 1.45 exchange rates. Too expensive.
As a Washingtonian, keep up the good fight! I'm excited to come up to BC in a few months to spend my money on your businesses and products because fuck Trump and everyone who has enabled him.
To the people up north in Canada. Love you, do yourselves a favor and stay away from the US until we in the US find a way to deal with the scumbag Russian agent/asset in the WH. Be well.
*shocked pikachu face*
They Bout to start crying about how tourism $$$ is down or something
I'm visiting some friends (one Canadian and one American) in Japan soon and offered to bring products they miss or need from home. Originally (like months ago), I offered to even cross the border to buy some stuff at Trader Joe's.

No longer. Thankfully my American friend hates Trump (she'd likely vote NDP if she were Canadian) and understands. Instead, she's getting some Niagara ice wine, maple butter, chocolate from a local chocolatier, and locally roasted coffee.
We're busy hugging Vermonters.
I suspect it will continue.  Many, including my family had vacations booked and paid for months in advance.  Those will be taken as very few can walk away from the money spent.  

Once those vacations are taken, nothing new will be booked.  I know I won’t be back for the next 4 years, maybe longer.
Had a 2+ week Hawaii trip planned for a milestone anniversary next year, one kid who hasn’t been to Disney/universal we were planning on taking, and trips with a large group of friends to Vegas, and wanted to visit western states that have all been cancelled.  We’ve seen most of Canada already but happy to explore more here, and Europe/Asia/Africa instead.  

The pace the US has blown up the global alliances  and trade relationships it took the last century to build up has been breakneck.
So many of us Americans are so sorry. Not even “sorry” in the colloquially Canadian sense but just full on ashamed of our country. 

To the extent that your destination would be New England or the Pacific Northwest or NYC… a whole lot of us love Canada a whole lot more than we do our own government right now. 

And even in the best of times I’m amused by the way that we always get more flak from the border guards coming back from Canada than we do from their Canadian counterparts when we cross into Canada.
I would assume every state sees fewer Canadians these days, and for a long time to come.
I'm Mexican-Canadian. This whole thing is extra disappointing to me. I took my mom to the Pendleton Roundup in Oregon last September and every step of the way through the trip we were met with nothing but friendliness and kindness from everyone. At no point do I hold the regular people of the United States accountable for any of the horseshit coming out of their president or any of their politicians. God knows there are a lot of us in the world that are suffering from a lack of competent leadership. I just hope that four years from now we will all be in a better place, that we are all doing well, and that we can be friends again.
Sorry Blaine and Bellingham, I loved to visit and I love your hospitality, cheese and snack foods.  I can't abide being disrespected by donald trump and his lackeys, Canada will be a viable, sovereign country until the end of time.  That's a promise.
Washington State didn’t vote for this orange stain; but we stand with you in solidarity and we are purposely buying Canadian 🇨🇦
Really wanted to drive down coast this spring ...I'll find other things to do ! Nope. Not till felon45 is gone along w his cult !
Sounds like they don’t really want us anyway. Good riddance.
Cancelled our Washington trip, going to Ottawa instead.
If Trump imposes tariffs on another country (including Canada) that's fine. It is a stupid idea (ask any economist who pays tariffs...), but I'm not expecting much from Trump. 

Trump crosses a huge line when he threatens annexation of a country... 

I won't visit. I'll avoid buying US products whenever possible. I'll encourage others to boycott American goods and services. I'll mock / shun any Canadians celebrities that don't stand up for our country (Kevin O'Leary, Wayne Gretzky, Danielle Smith, etc). I've lost any respect for the US...
Others, like Brad Averill, a Bellingham-area resident, are a little mystified Canadians are taking American politics personally. “It’s our politics,” said Averill, who was at Costco with his wife, Amanda. “We don’t let their politics affect us.”


Brad Ostrich here has his head in the sand. The kind of guy that were he a 1940's German, would have needed to be forced to tour the concentration camp like in that episode of Band of Brothers, the thought being how does the genocide of *them* affect us?
FAFO"
Canada expected to divert aluminium to Europe after US tariffs,https://www.reddit.com/r/canada/comments/1igqjqy/canada_expected_to_divert_aluminium_to_europe/,https://www.reuters.com/markets/commodities/canada-expected-divert-aluminium-europe-after-us-tariffs-2025-02-03/,"Amazing. More of this. Our relationship with the US will never be the same.
So, just to re-iterate, this has nothing to do with fentanyl or migrants. That was the excuse Trump used to give him cover so he could issue the executive order. Trump is obsessed with tariffs as a way to control trade and trade imbalances.

Well, Canada has a better solution. We’ll just sell less stuff to the US and sell it instead to other countries that want it.

Balance achieved! Trump can go fuck himself.
Aluminum is part of the second round of tariffs that's not coming into force right now, but in 21 days. Trump administration is trying to say that Canada's [misunderstood their intention](https://www.reuters.com/world/americas/white-house-mexico-is-serious-canada-appears-have-misunderstood-trumps-executive-2025-02-03/) as they cast the Fentanyl being the justification behind the tariffs, as they avoid mentioning about the threat of annexation.
We should start pronouncing the second 'i' as well, for dramatic effect.
Now do potash. Europe is begging for it. Let American fields die.
Have as much as you would like lads. We love the EU.
There has been a lot of talk about how we relied on the US. But the simple truth is that logistically, it was just easier and worked. But America is going to learn that we don’t just sell them trees and syrup and the stuff we do sell them is critical to their industries.
Yes. New or expanded trade partners is awesome
I am Danish but I've started following this subreddit because I absolutely love the energy. We are more than willing to trade with Canadians, and welcome this with open arms. And we both agree that we hate Trump.
Please do this with potash as well.
more deals with EU asap
Divert everything from the Americans
Fuck yeah. Lets keep this momentum going!!

Also can we please dear god strip Musk his Canadian citizenship.
Great news! I hope Canada announces some mega projects soon to increase our ability to trade with the rest of the world. Simply driving trucks across the border to the U.S. was easy mode. Now we need to bolster our rail lines and ports to efficiently and cost effectively send our products overseas.

Finally building pipelines so Alberta can get their oil to the sea is also an absolute must.
This woe is me line from the US is a joke. They've been spreading their tentacles into every country's business and politics for decades and now they act like all the deals they've worked and opportunities for their businesses are ""screwing the US"", give me a break. The US effectively built the global trade flows we see today and if they don't like it, look in the mirror.
""divert"" makes it sound temporary for some reason. Let's make this the star of a beautiful, permanent partnership called the ""No Americas Club""
Love it! We're still in the ""tearing off the band-aid"" phase, but we're going to come out of this totally unnecessary trade war far stronger; and crucially far less dependent on the US; than ever before.
I think that for a lot of Canadians things at home haven't been good. Increased inflation, corporate greed and nonsensical governmental decisions have left a lot of Canadians wondering **who has their back** while quietly worrying about **being able to afford groceries, housing and bare essentials.** 

I think I speak for a lot of people my age when I say I'd appreciate a couple years without an economical disaster every 18 months but here we are. Again. 

And you know what? **Fuckem.** 

At least this time around we can build solidarity among Canadians and hopefully have some damned pride in our nation again. 

I just hope the world keeps buying what we're selling.
Fuck yea!
The ship has sailed. Every Canadian must do their part, however small to not let the U.S. bully us.
Yes! And keep doing more!

Fuck the USA
Trump has sped run the FO portion of FAFO
Aluminium is a commodity. Mining company will not sit on their stockpiles, instead they will send it where people want to buy it.
Once Trump is ready to play nice, we’ll already have other trading partners, and less left for the US. Too bad, so sad!
Diversion for metals and minerals is fine, since we can move them to sea. Hydro transmission lines and oil pipelines are in place partially because of proximity and partially based on blind trust in a “friend”. 

I think rolling blackouts to the states need to happen along with pipeline “black” days where flow is limited or shut off once or twice a week. Prep them for a resource drought. They’ll have the same effect on price as if they were completely shut down without the feeling of 100% retaliation. 

And, if we had a leader! I’d make sure that in lifting the tariffs put into Trumps head to reopen the pipeline(s) Biden blocked and shut down; he’d be sticking it to the Dems, get cheap oil back and look like a hero, f’it id by him the cape.
Good fuck them.

Let's show them how good they had it and never give them it again
American here with a maga family that owns a metal business that will be directly impacted by this. 

I fully support you, Canada. 

Please adopt me. 🥹
Sell it to anyone who will take it. There is no reason the world should buy oil&amp;gas, and other minerals from autocracies and theocracies in the Middle East and East Asia. We extract and process them in the most sustainable and equitable manner. It is our moral obligation to offer these to the world and help them move away from regimes that oppress people.
Maybe this is what Trump meant when he said Canada misunderstood the executive order...

FAFO!
FAFO...I America is on the threshold of finding out.  

And they will be ""finding out"" for years.  

I've taken this personally.  Cancelled subscriptions and memberships.  Was one day away from purchasing a vehicle made in the US. 

A trip planned for a trade show/conference canceled.

It will be a permanent change.  I don't think I'm alone.
Now that your insane neighbours to the south have imposed their MAGA tariffs and while we in the EU await our own hit at any moment, maybe we should talk about solidarity and perhaps further trade deals.

All jokes aside though, I think it is extremely unfair to be bullied like this and we over here in the EU are already trying to stop buying American products and stop using American services as much as possible. We have a website with eu alternative tech services: https://european-alternatives.eu

If you have anything like that for Canadian services to switch to I would really appreciate it. You have our support, at least in the public opinion.
Fuck America 🥰🥰🥰
I’m from eastern EU (Romania). I hope we can improve the current EU-Canada trade deal.
🇮🇸 Icelandic lurker here. 
Any Canadian goods you want to divert from the USA to Iceland would be grand.
We would love getting more of Canadian goodness instead of us products.
Apparently Trump thinks Canada is irrelevant. Perhaps we should start doing business with other countries so he can find out just how irrelevant we are. He’d be squealing like a stuck pig.
Good. Also sell potash elsewhere... the americans need it for their agriculture sector.
I hope Canada and Europe (plus the UK) turn into even better trade allies
Excellent. Let’s make that permanent.

Anyone in the market for potash, steel, and lumber? 
Regardless of what the US does next, Canada should keep this kind of thing up. Never go back.
The aluminum must flow!
USA lying to attack another country, you don't say.
Just between my hubby and I we cancelled over $100 a month in subscriptions in the last 24 hours,wants not needs and he said no matter what this washes out like he will never again buy Bourbon. 

It’s not a lot but it’s part of how we are fighting them, the rest is no American products unless it’s unavoidable.
""According to the Commerce Department, Canada accounted for 3.08 million tons or 56% of aluminium product imports to the United States for domestic consumption in 2023.""

Hah! Get fucked you fascist freaks.

(The Trump administration and anyone who supports it, not Americans more broadly)
I know that no one is going to see this comment, but as an American who lives in Florida (blood red state) please don’t back down. Don’t negotiate. I am not sure what happened with Mexico but please tell your leaders not to negotiate. This guy is coming for everyone. If other countries cave it’s going to be much worse for all of us later on. 

Cut the US out. Do trade with other, civil leaders. 

People in the US are already preparing for the economy to crash. It’s okay. We are all learning how to get by on a lot less and having back up plans in place. We know it’s going to be rough.

Dont negotiate with terrorists please. 
This is the way!
Yup! Keep it going Canada!
Is the commonwealth going to have our backs or what .

I’d like to see retaliatory tariffs from all commonwealth nations. 
What the hells the point of being commonwealth if they aren’t going to support each other
We also need to start taking down all interprovincial trade barriers within Canada.  
[https://financialpost.com/news/economy/tariffs-bring-down-canada-interprovincial-trade-barriers](https://financialpost.com/news/economy/tariffs-bring-down-canada-interprovincial-trade-barriers)
Not to burst anyone’s bubble but… how ?

Most of Quebec’s Aluminum is sent to the states via train or truck, and some via barge.

We do ship Aluminum overseas but it’s small in comparison.

More than happy if someone tells me “you’re out for lunch”, but just like for the rest of commodities that we all would like to divert away from the US, we hit a brick wall that is our underdeveloped logistics capabilities in Canada.

That and, there’s only so many ships on this planet that we can charter to move our goods.

This is Canada’s wake up call to invest heavily in trade logistics."
"Tariffs will shut down North American auto production within a week, industry warns",https://www.reddit.com/r/canada/comments/1ifxmlb/tariffs_will_shut_down_north_american_auto/,https://thelogic.co/news/canada-tariffs-auto-industry-car-prices/,"Full article.

**Tariffs will shut down North American auto production within a week, industry warns**

Canada’s auto sector exported $51B worth of vehicles in 2023 and 93% of them went to the U.S. Within days, the entire industry could shut down.

TORONTO — Car buyers and autoworkers in Southern Ontario may be among the first to feel the pain of new 25 per cent tariffs imposed by U.S. President Donald Trump—and the impact could be much more widespread.

Auto exporting is a major economic engine for Canada, bringing in about $51 billion in 2023. About 93 per cent of those exports go to the U.S., exposing a major piece of the economy to new 25 per cent tariffs that take effect at 12:01 a.m. ET on Feb. 4.

The tariffs may add thousands of dollars to the costs of American businesses trying to buy Canada’s second-biggest export, the auto industry says. Canada is exposed to shocks to the auto sector because Ontario is the only place in North America where five major automakers manufacture. That requires sending auto parts back and forth across the U.S. border, sometimes multiple times. 

“The value of our individual and collective wealth depends on our ability to sell. We’re under the existential threat on our ability to sell to our biggest trading partner,” said Dennis Darby, CEO of Canadian Manufacturers &amp; Exporters.

That means that even if you aren’t in the market for a car, you may feel the economic impact of tariffs on the sector. The auto industry supports about 100,000 direct jobs and hundreds of thousands of indirect jobs in Ontario alone, where there are 700 parts firms, more than 500 tool, die and mold makers, and hundreds of other automotive software firms. The Unifor multi-sector union has estimated that the Canadian auto industry, which made over 3,300 vehicles per day in 2022, makes an “oversized” contribution to the economy, with autoworkers contributing $6.1 million per day to the tax base.

Brian Kingston, who leads the Canadian Vehicle Manufacturers’ Association, warned that the tariffs will lead to “job losses at manufacturing facilities across the continent,” with immediate negative consequences.

David Adams, CEO of Global Automakers of Canada, whose group members include Honda and Toyota, estimated each job in an auto manufacturing plant supports five to eight other jobs in the Canadian economy. “That ripples throughout the whole community, not only to obviously the parts suppliers, but then to the diner where the workers go for lunch or for beers after work,” he said. 

Beyond that, communities as far apart as Medicine Hat, Alta., and New Glasgow, N.S., are hubs for tire manufacturing, as are many communities in and out of the rust belt that have cropped up as factory towns. 

“It’s not like companies out of charity decided to come to Canada because we had a free trade agreement. This is a good place to build cars, just like Michigan is,” said Darby. 

Darby said tariffs threaten to unwind the strategically placed automotive supply chain built over decades, and doing so would be an “incredible” detriment. Unemployment in Canada could rise as companies potentially move more manufacturing to the U.S., and some are already considering doing so, Darby said. The Canadian dollar may weaken, which would make it cheaper for U.S. companies to manufacture here, but make it more expensive for Canadians to purchase goods from around the world. Canada could try to build new trade routes for its goods directly to Mexico or elsewhere, but that could take months or even years. 

It may be difficult to contain those impacts to the auto sector alone.

It’s not unusual, Darby said, for a company that makes injection molds for the auto industry to also supply to other sectors like consumer goods. Some small businesses rely on the auto industry for a major portion of their business, but are also key suppliers for appliance, HVAC or aeronautics companies—and those firms already face serious competition from China.

The auto industry is one that Canada has historically treated as too big to fail. The government intervened to help bail out both Chrysler and General Motors during the 2009 recession to save an estimated 100,000 jobs in the country.

There’s no sense yet how long the tariffs will last and whether automakers will find themselves in nearly as severe of a predicament as in 2009. But executives at Canadian auto suppliers like Guelph, Ont.-based Linamar have warned that carmakers across North America could see production grind to a halt in as little as a week, since it could take months for them to find affordable replacements for specialized Canadian parts.

One option is to accelerate the review of the United States-Mexico-Canada trade pact—which can’t be done overnight due to consultation requirements, but could eventually provide more certainty to businesses, Adams said. 

The Canadian government has put vehicles on its list of potential countertariffs it plans to introduce in 21 days in response to Trump’s trade war. The government will carry out public consultations and work with business and provincial leaders before proceeding with the vehicle countertariffs. 

The question remains how Canada keeps this huge chunk of its economy afloat in the meantime—particularly if the U.S. government brushes off Canada’s plan to use retaliatory tariffs as bargaining chips. Some auto-related companies are locked into contracts that leave them few options to simply move money and supply chains around, said Adams.
Except for one American company suspciously.
Imposing tarrifs on Canada - The long-term implications this will do is irreversible. No ally will ever entangle themselves with the USA as they have in the past. It's like inviting a friend over for dinner but only for him to pull out a gun and rob you further more demand to come back next week.

For decades, America thrived on strong alliances, built on trust, cooperation, and shared interests. These relationships provided economic strength, military security, and diplomatic influence. Now, reckless policies, economic bullying and short-sighted leadership are driving allies away, to satisfy ones ego. The world is watching and they are taking notes on how we are treating Canada

Countries that once stood by America without question are reconsidering their ties. When trust is broken, it’s not easily rebuilt. Meanwhile, rivals like China are waiting with open arms, offering economic incentives and strategic partnerships to those who feel abandoned.

**And yet, the orange tough guy thinks he’s working wonders. Instead of reinforcing America’s leadership, he’s isolating it, making enemies of friends and leaving the country more vulnerable in the long run. This isn’t strength—it’s self-sabotage**

**EDIT : We have f*ing fought wars along with the US and lost our brave men, women, fathers, mothers, sons and daughters - this is not how you treat allies**

**PROUD CANADIAN**
""Industry warns""?... maybe you sucker's shouldn't have donated to Trump inauguration the first place.

Looking at you Ford, GM and Toyota.
Because it's not setup for this.

Most engines notoriously cross the border 8 times before going into a car.  And each time it will pay a tariff of 25%.  So that's not a 200% cumulative tariff.  Because each time it increases value and the tax piggybacks.  It's more like a 245% tariff.

What's going to end up happening is lay offs at the assembly plants.  They won't have the parts they need to make vehicles and a lot of the parts operations on each side of the border will convert to make more parts and there'll be layoffs there too.  If you have someone whose only responsibility is only creating pins well, now you need less of them and might not be able to find a spot for that unskilled worker in a skilled area.

NAFTA was originally called the Autopact and it was built around the auto industry to help it compete with the emerging Japanese vehicles and recovering European builders.  It's the basis for which NAFTA always held together because the economic damage from tariffs on auto parts was too high.  It's honestly strange that there was enough pressure to give a lower tariff for energy but not also autoparts.
Anarchy is always 3 missed meals away.
So what's the plan here? Shut down the auto industry, Elon swoops in and buys a majority stake in American auto for bargain bin prices, and magically all the tariffs that affect the industry are suddenly dropped?
Hey Canada.  Speaking as a blue tinted person from the red idaho.... Please make it hurt,  cripple us. 
Our ""leadership"" wants to fuck around, they need to find out.   Don't stop until the history books show how stupid the USA is.

Fuck us up.

Don't get me wrong, I don't want to hurt.   But it's coming anyway, so just make it as bad as possible, as quickly as possible.
A shut down may be the only in your face way to convince Americans that their orange ogre of a leader is completely off his rocker. Bring it on.
200% tariffs on Tesla.  Let's bring in BYD they're better and cheaper anyway.
People in the U.S., call the capitol switchboard and talk to your representative about current legislation being pushed through that will disrupt your lives. Be the squeaky wheel.

202-224-2131
Whatever the top 10 commodities are that the USA needs. Send it elsewhere ..really it’s ok ….Trump has publicly boasted about not needing it from Canada. Fine let the others know we have surplus. His moronic approach is only about reducing company values to snap them up or invest low to sell high once he’s out of the house.
Musk is a threat to Canadian national security. We should put a blanket ban on all Musk products, and talk with our allies to do the same.
Buying during the chip shortage in 2022 was fucking horrendous. I assume this will be much of the same.
Incredible.  

I wonder when Trump said he will *Annex Canada financially* if he was serious.

If so, this looks like the start.
There are a lot of UAW Members for Trump that will be laid off due to tariffs. They’ll blame Canada and Mexico rather than Mango Mussolini
Don’t worry, AMeRiCA dOeSn’t nEeD CanADA’s and mExICO’s cARs!!!!1!
The world needs to unite against fascism 🇨🇦🇲🇽🇪🇺🇺🇦🇨🇴🇪🇨
100% tariffs on Tesla and let’s get some of our own cars and factories. I’d rather drive a Toyota around any day of the week then a bullshit Chevy. Bring in the Hondas, Hyundais, BYD’s and let’s build our own companies too. America doesn’t have friends it has interests and like a bad friend they’ve stabbed us in the back. We’d be idiots to go back. A fuck you to the US would be to decouple all of our industries from being dependent on them
America is helping China.
The thing that gets me is that he flipped the Canadian and Mexican economies upside down and then went FUCKING GOLFING!  I hope his fat ass gets hit by lightning.
And the industry will let the ~~orange baboon~~ current president annihilate them without fighting???
Glad I got all my car parts before Christmas 2024.
 
Ready to boycott everything USA. I will check labels and manufacturer labels more closely.

I already do not travel to the US anymore and make sure no connecting flights go through the US nor use any of their airlines.
Michigan voted for trump …..now a bunch of those people will lose their jobs…..and their houses…..and their cars. Explain to me how people can be conned this badly.
Canada should impose 100% tariffs on TESLA, Starlink, and other companies headed by the Execs in Trump's cabinet.
American here: We just booked a summer trip to Canada. We’re also fortunate enough to have good jobs and we’ll do our best to buy Canadian products as much as possible despite the higher costs.

If you have the means, support Canada and their products anyway, give to Canadian charities and choose them over American alternatives. Trudeau’s “buy Canadian” message was directed at Canadians, but we can all do our small part.
""Trump's Tariffs will shut down North American auto production within a week, industry warns""

There, fixed that.
A few years ago I ordered a turbo Forrester from Subaru and it was shipped from Japan, if I want a new Acura can I bypass US produced Acura’s and order directly from Japan?
I wonder how many of those union workers who voted Trump will rationalize this away as not his fault somehow.
It's hilarious how all these  ""American"" cars are all dependent on other countries to be built. FYI I'm American
As an American, I share with you what the conservative sub is saying and they are getting scared

https://www.reddit.com/r/Conservative/s/YfhNHJzY9b

 https://www.reddit.com/r/Conservative/s/NZCGjMILwf
What gets me is we’ve sent people over to help fight wars. Lost lives in the process. And this is how they repay us? Thanks…
Kinda happy I bought cars before all this bullshit the used market is gonna skyrocket
Remember once Jesus didn’t have a car the blonde twat will say
That would be the best news possible - prove to that dim prick that tariffs have consequences and that his actions are visibly damaging American industry.
Nobody will care until they see the what the price of a Big Mac is at in a month.
Bring it on. With both Canada and Mexico halting the US is in for a surprise.
[deleted]
Hey Folks,

If you don’t want to cancel Amazon Prime, you can download a free Chrome extension called made where: country of origin which will tell you where each product on Amazon is made and where it’s from. 

Act accordingly
#canuckaroundandfindout
GM Oshawa just freezed USA shipments. If it won't get over the border by midnight Monday, it stays in Canada.
I own a Honda made in Canada
It’s a pretty ridiculous idea to try and tariff the auto industry. The various components cross the border multiple times in the production process and the process is so integrated there’s really no way to decouple Canada and America without billions of capital spend. I’m not sure how the tariffs are applied, but if it’s every time they cross the border that’s going to probably double car prices.
Canada should do everything it can to accelerate Chinese EVs in retaliation. 
Those Honk Honk convoy folks are rather quiet RN!
Time to invest in more bike lanes!
It's time to drop the 100% trarrif on Chinese EVs in Canada.  The Nio is better made than the Tesla.
Man, I’m glad that Trudeau is leading the country right now. I don’t believe that Pierre would be nearly as hard on Trump as Trudeau has been.  He’s best friends with musk, after all. 

We might as well bend over and bite the pillow if we elect conservatives."
"Canada pushes back after Trump says 25% tariff will go ahead next week - Foreign Affairs Minister Mélanie Joly responded in part to the U.S. president’s claims by saying the U.S. is a “net exporter” of illegal fentanyl, guns and migrants to Canada.",https://www.reddit.com/r/canada/comments/1ixx0xt/canada_pushes_back_after_trump_says_25_tariff/,https://www.thestar.com/politics/federal/canada-pushes-back-after-trump-says-25-tariff-will-go-ahead-next-week/article_b7448264-f2f2-11ef-9432-630c25106688.html,"As Trump attempts to make Russia the saviour of Ukraine, he's using the exact same playbook with the US and Canada. We either stand up for ourselves, or get run into the ground. Maybe both, but I'd rather go down swinging.
This is precisely what Canada needs to do. The trade war is going to happen, and Americans -- who are already wavering about this Trump thing -- are going to turn on him when their economy goes to shit. Already the disastrous ""give to the rich"" budget is looking unlikely to pass. And there is an upcoming funding crisis.

The worst thing Canada ever did was play into this bullshit. When they are *lying* about us, running and naming ridiculous-titled ""czars"" is just self-sabotaging nonsense. It is legitimizing the lies.
That’s how you respond. Close the pre-clearance facilities or add our own to their airports.
Thank god someone is finally saying it. The problems go south to north not the other way around. 

Maybe time to put a visa requirement on Americans. Hell we make people from France and the UK and Australia get an evisa to fly here. 
Net exporter of tools undermining democracy.
The best part; Trump said “I look at some of these agreements, I’d read ‘em at night and say ‘who would ever sign a thing like this?’ ”

You would sign them, Donny, because you wrote them.
I see 4 actual reasons for the tariffs. None are the ones being used.

* This is tactic by Trump to gain continuing concessions from Canada and Mexico. This is every month for at least the next 4 years.
* It's an attempt to bring Canada specifically to heel and make statehood more attractive.
* US Federal Income tax will be massively cut across the board, and tariffs on imports will needed to fund whatever is left of the Federal Government. This is a way to apply a sales tax without calling it that.
* It's attempt to destabilize the west economically.

I think 3 is the most probable, and why Trump and the GOP have spent considerable time lying to voters on how tariffs actually work.
About time they actually say the facts to this fucking feckless orange fuck. The US is a net EXPORTER of fentanyl and guns to Canada.

Fuck this guy and his demonstrable and pathetic lies. 4% approval rating of Zelensky, fucking Russian asset. 

We need to cut off electricity and all oil and in 1 week he’ll be crawling back reversing everything due to the massive economic shock, none of this bourbon bullshit and stuff nobody notices. When their gas at the pump is up $1-$2/gallon they’ll be ready to settle. The longer we wait it out, the more we suffer and the more his population gets to normalize the price increases. 

I think they coined the phrase “shock and awe”… that’s what Canada needs NOW!
Canada should NOT impose its own import tariffs as retaliation.

Instead we should MATCH the US import tariffs with our own export tariffs on exactly the same materials, dollar for dollar.

Trump figures the US can weather a 25% increase in import costs on, say, lumber.

They're expecting us to counter with a 25% tariff on some goods that we import from them.

They're NOT expecting us to *double* the 25% they're prepared to pay on lumber.

They're prepared to weather a 25% increase — they're UNPREPARED for a 50% increase.

#Instead of pulling in a tug-o-war, we should push the rope and watch them fall on their asses in the mud.
The problem is that the facts don’t matter to the other side. They decide on a narrative and expect their views to be accepted as truth to their supporters. Fighting back with facts doesn’t really do anything.
yeah they know

they'll say that we're lying and despicable and continue anyway
About time we stop pandering to his BS claims and call it what it is. You can only so diplomatic with a bully before you punch them back. Let’s hope Canada’s response is firm and heavy.
[deleted]
He won’t enact them, he’ll keep granting last minute month-long extensions until next month for the next few months.
&gt; Those tariffs would mean a 25 per cent import tax on most Canadian products, though only a 10 per cent charge on oil and gas, reflecting a greater American dependence on Canadian energy exports.

We need a 15% export tariff on oil and gas then
We need facts and national press to push this narrative. Trump hates facts. Lets get the media machine going!!
it was never about fentanyl or border security - he is a typical bully, always picks on the cool, chill guy that everybody likes (Canada) but is scared sh\*tless of the crazier bully who poisons his adversaries...
**Paywall bypass:**  [https://archive.ph/escBF](https://archive.ph/escBF)
You don’t negotiate with terrorists. Trump’s entire negotiating style is to say things to destabilize his opponent and give him the upper hand, which is a soft form of terrorism when applied in global politics. So there’s no sense in negotiating with him until he changes his tune
also #1 exporter of fascism
Yes… finally someone stating the truth. Nevertheless, this was never about the truth nor will it ever be.
Canada should officially encourage the American potus to seek a psychiatric assessment .  His actions are representative of someone out of touch with reality.  Don’t legitimize his actions by giving him any more credibility than the next untreated sociopathic narcissist warrants.
Wow, politicians with an actual spine. I am so sick of little PP's ""yes daddy Trump, we will ""Stop The Drugs"", please love me."" routine. What a spineless traitor. 

The tariffs are coming, no matter what capitulations we make. He wants to eliminate income tax and fund government through tariffs. So he will need to impose tariffs no matter what, cause the income tax cuts are already in motion. This whole drug thing is just a song and dance. 

We need to prepare our economy for impact of Tariffs, not continue to grovel at the feet of a third rate dictator.
I can't  understand  how news agencies  aren't  coming out with big stories about the drugs guns and crime that have been coming north for decades. CBC, CTV, GLOBAL,  AND NEWSPAPERS  DO YOUR JOB!!!!🇨🇦
Until they can control the guns crossing our border, I don’t want to hear shit about 40 fucking pounds of fentanyl.
Today I cancelled a $85k order of gear boxes from an American supplier. Sourced from European supplier. Save $10k an 4 weeks delivery. Screw off Trump
I love MJ, she's badass and suffers no fools.
Trump doesn't care about facts.
The next 4 years of clown show is going drain me.
I don't understand why US customs isn't stopping fentanyl from coming into the US.
Good for her.
announce that Canada will be negptiating with European friends for ALL military hardware.
Looks like we’re in for a Donnybrook. Let’s give it to the yanks
Keep fighting, guys. We will not bow down to vp Cheeto Benito.
Ooooh that'll piss off orange turd. good.
At this point just impose the tariffs. This is long and drawn out. It’s boring. Just do it.
Population of 39 million to 340 million, its just math at that point
Every time America did a draft, their draft dodgers went to Canada. In fact many Canadians are the children of these draft dodgers.
I get the why the 25% makes the headline because that's the biggest number. But I want to look at the fine print because if he's going ahead with the exact same plan as last time and tarriff Canadian Oil and energy at only 10% then that pretty much confirms again who holds the real power over who and all we would need to is dig our heels in and wait it out while making life as miserable as possible with our own counter tarriffs.


Honestly we should be calling out the Trump admin that he will only tariff energy at 10% to his voter base and point out how how weak that makes him and Americans look and are. If America really isn't reliant on Canadian resources then he should also be tarrifing oil at 25%. 


Because we all know Americans are lazy and complacent and can put up with anything horrible their government does whether it's war, supporting genocide, letting the bankers get away with destroying people's pension funds, everything except raising the price of gas at the pump. Its literally the only thing Americans will riot over as an entire collective.
You think he cares? He has an agenda. Everything else doesn't matter. We fight!
We simply need to stand-up as much as we can to the US.

He lies? Just hit them with the truth. We're too kind sometimes.
This war will happen. We need to fight tooth and nail.
Surprise: Trump doesn't actually care about any response Canada might have.
I guarantee you Trump plays Mexico against Canada... He's going to go ahead with Canadian tariffs (for now) but delay Mexico's because of tremendous cooperation Mexico is showing on wants/needs of USA.
American here. The Canadians should embargo potash to the U.S. If we don't need them, then it should be no problem.
Honest question. If Putin dies is someone going to continue or the war ends basically ? I just have a feeling trump has 100000000 people behind him and trump has orders upon his death on the office
Everybody knows what happens next ...  
Trump pauses the tariffs at the last minute or shortly after implementing so long as Canada agrees to long list of demands ...keystone pipeline, banking changes , mass border security and defense spending , dismantle all woke institutions etc etc. As each list of tasks is completed a new tariff threat deadline arrives and a new list of demands. The only way to end the cycle is to relinquish our sovereignty.
The Netherlands stand with you! 🇨🇦🇪🇺🇳🇱
Could Joly run for PM in the future? I don’t know much about her but she seems intelligent and has handled the current US issues pretty well.
Wake the fuck up! Trump could care less about guns or drugs all he cares about is looting and pilfering another countries resources for his own Gain. Why don’t our leader just call it a spade for christs sake!"
"‘Nothing’ Canada can do to prevent tariffs, says Trump",https://www.reddit.com/r/canada/comments/1iesxrb/nothing_canada_can_do_to_prevent_tariffs_says/,https://www.ctvnews.ca/world/trumps-tariffs/article/developing-trump-gives-details-on-tomorrows-tariffs/,"Immediately start tolling every single truck going through BC to Alaska, please god.
If there's nothing Canada can do to prevent tariffs then why did he say initially that this was to make Canada, Mexico and China to clean up their acts and prevent fentanyl from entering the US?
Who needs enemies with friends like these. Fuck them
At least he’s honest about it now. It was nothing to do with illegal immigrants. It has nothing to do with fentanyl. He’s doing simply to punish Canadians until we acquiesce to a renegotiated free trade agreement with more favourable terms for the US. Or he’s just being an arse for the sake of being an arse. Hard to tell.
Time for Canada to forget about the U.S. and start doing business with other countries. 

There is no point dealing with a lunatic.
""No one can stop me!"" - Man with gun pointed at own foot.
But I thought it was about all the fentanyl that was pouring across the border and killing tens of millions of Americans?
Actually there's lots of things we can do, it's just a matter of if we actually do them. We hold a lot of patents that the US would be pretty upset if we stopped allowing them to use.
There’s nothing America can do to make up for this
Sick of hearing about this orange toad
In a thread a week ago someone talked about being a 25% tariff on pulp including toilet paper. I like that idea
No prob, now that we're talking drug trafficking let's discuss the corporate pharmaceutical cartel that's trafficking oxy, percoset, etc into Canada - Canada isn't getting any of the Sackler culpability loot...then let's talk about the USA borne drug and prostitution syndicate Hells Angels who are a major source of crime in Canada. That’s definitely worth a chunky re-tariff until the USA deals with their commercial and gang border security crisis.
Well time to ramp up trade with Europe and China. There's nothing we can do because we did nothing wrong.
By Rachel Aiello and Luca Caruso-Moro:

*[...] During a press conference Friday afternoon, Trump was asked if there’s “anything” Canada, China or Mexico could do to forestall the tariffs.*

*The president left little up for interpretation. “No, nothing. Not right now. No.”*

*[...] Trump also said the United States has close to a “US$200 billion” deficit with Canada, which he has repeatedly cited as a reason for implementing the tariffs. It’s unclear what data the president is sourcing from. In 2024, the U.S. deficit with Canada is estimated to be around $45 billion, according to TD Economics. In a report published online, TD noted that it’s unclear where Trump got the $200 billion figure, which “is roughly four to five times the officially reported statistics.”*

*[...] Amid the conflicting messages from Trump and his pick for commerce secretary Howard Lutnick in recent days, Trudeau said while Canada still does not know precisely what could be coming, “we’re ready with… a purposeful, forceful but reasonable, immediate response.”*

*The federal government has a three-round retaliation planned, which would start by singling out a small list of American-made consumer products such as Kentucky bourbon and Florida orange juice.*
I'm very interested to see the response from Canada. And also if energy is carved out. I have a feeling the tariffs won't last 4 months. He did this before. It didn't last 2 months. One thing is for sure, it will be a very long four years. Canada needs to diverse its trade. Fuck the US, under Trump, and forever.
A prediction: This will be a turning point for Canada, in a good way. We have every right to be a stronger, more influential nation than we are. It’s time to act like it.

Enough squabbling for the scraps from the Americans’ table. They’re an unstable, failing society. Fuck ‘em. Time to find new friends.

Let’s take the pain in the short-term and re-align ourselves to Europe. And for fuck’s sake, let’s become more self sufficient.

Fuck Trump. And fuck America. Fuck ‘em.
They fucked up electing this man. His head is so far up his ass he may be the last president of the US. China hates them, Russia hates them, Colombia now hates them, Mexico now hates them, Canada is going to hate them, Europe is going to hate them. As a Canadian I’ll never forget the bullying and attempt of the US to destroy our sovereignty. 4 years from now or 50. They are not our allies and I think trump has confirmed to the world through the past 2 weeks no country on earth should be able to have the reserve currency. The quicker the world moves away from the US dollar the better. 

For a man who’s mentally incapicated to have the ability to destroy any country he sees fit by his feelings is crazy. We need to end the worlds dependence on the US as a the reserve currency. Fuck them their dollar, their military might. As a Canadian I’ve never felt this way but this betrayal will sting for years if not forever. Overnight they can devalue the majority of our life savings and again over his feelings nothing he says is based in facts
We need to work with the other Western democracies to dial up the heat on this asshole. The American economy is not nearly as strong as he thinks, and won't withstand a collective trade war with all their allies. Europe must realize this won't stop with us. The MAGATs will keep trying to disrupt the world until they meet resistance. We should unite to ensure that resistance can form as quickly as possible.

It's one Western country choosing to be a disruptor to everyone else. The rest of us should work to cut them out, and become more reliant on ourselves, and dependable partners.
So wait, this wasn't about ANYTHING?
This idiot is nearing the end of his life and wants to leave his mark on history by absorbing Canada into the states and kickstart an era of war for a future world government or some crazy shit.
So we are going to give it right back to them, everything we possibly can, right? I sure hope so.
Fuck Trump.
His press secretary claimed 10 million Americans overdosed on fentanyl.  He lies about absolutely everything.  I think he'd burst into flames if he ever actually told the truth.
Canada is resourceful.  It won’t be easy, but it’s better to hold firm, find new markets, retaliate with our own tariffs, and be prepared to defend our border.  Help each other, grow food at home wherever you can, buy Canadian products, and elect a government that will not bend before the Orange King.  I’m ready.
Let's be honest, MAGA America is not a friend of Canada. I'm not even sure MAGA America will have any friends in 5 to 10 years at this rate.

It's sad for the half of the US who isn't completely insane though...
100 percent tariffs on Tesla imports. Make it happen JT
There was nothing we could do regardless
I really want to hear from a Canadian that still supports Trump. 

I know they exist. They usually pop into a thread, say something like “Trudeau is the real traitor” and never answer any questions. 

Canadian trump people, I implore you. The floor is open. 

Why?!
Just fucking hit America with our retaliatory tarrifs today and be done with this bullshit. Fucking hell
Imagine thinking slapping some tariffs on and trying to bully your largest trading partner and closest ally is a good idea…
Turn off the oil going to the U.S.
The very first thing Canada needs to do is shut down Canadian airspace to US made Aircraft operated by non-Canadian air-carriers. Without the ability to fly over Canada most aircraft landing or departing north and/or west of Detroit will need to travel thousands of kilometers off their normal routs. This extra distance will increasing the fuel cost significantly and drive future orders to foreign competitors. This would be a huge boon for Airbus and a crippling blow for Boeing. It will also personally humiliate Trump by impeding his own personal travel (AirforceOne and his private Jet are both Boeings).
Danielle Smith looking like an even bigger idiot as the days go along.
Anything the need, we stop selling them.

Anything they tarrif. We stop selling them.

They'll last 2 weeks maybe 3 before folks march on Washington with a mobile gallows.
Can't we just, shut off the power to New York?
Immediate export tariff of 25% on all goods going to the U.S.  

They want to make Canadian products 25% more expensive? Now it’s 50, and 25 for oil and gas. Make that 200% for potash, rare earth metals, building material, auto parts, and natural gas. 

Shut off power to any state we provide power to. 

Turn off the natural gas taps. We provide 95% of their natural gas after all.  

Immediately cancel any and all agreements we have with the U.S. related to rare earth metals.

Stop sharing scientific data with them on SMRs. They’re using Canadian data for their own projects (similar to the agreement we just signed with Poland). It’s literally critical to their military operations in Alaska.
Retaliate immediately. 

Here’s the plan:

-tax any good entering from the US that is in competition with goods produced domestically OR by faithful trading partners. Services and media, including social media, should be prime targets. 

-lower tariffs on goods from all other countries. Specifically, I’m imagining the US tariffs obliterating our auto manufacturers, in which case Canada ought to lower tariffs of Chinese and other autos (BYD). This is also a strategy to negotiate lower tariffs on Canadian goods internationally. 

-green lights for pipelines, harbour projects, freight rail to tide water, etc. 

-increase cooperation with every trading partner, especially Latin America, Europe, and Asia-Pacific. Trump is a nuisance to all of us.

-signal that tariffs retaliation can stop if US stops their tariffs, but the other items on our list are necessary for our national interest now that we can’t trust the USA. 

-don’t appease the US with performative crackdowns on illegal things we already treat seriously. Trump knows this is a joke. 
Good god screw this guy.. The crazed slide of the right in the US and the infection this is causing in Canada has actually caused me (A generally right of center supporter) to become a liberal party supporter. Voting for Mark Carney as leader and plan to vote Liberal in the next election. I'm sorry I'm done with all this.
Hear that Danielle Smith? You can stop prostrating yourself in front of him now. 

In all seriousness, Trump is proving this was never about the border or anything else. If there was no way to avoid these tariffs, why even bother listening to this guys demands? Even on the off chance Canada manages to satisfy this orange gremlin, it's not like he won't find something else to target as soon as he feels he needs something more from us.
[removed]
We’ve been geographically fortunate in having the U.S. as a trade partner and it’s given them way too much power over our economy. It’s time to use this as an opportunity to diversify our trade and stop selling the U.S. things at a discount (I.e. oil).
Yes it will hurt in the short term as the economy will crack and contract but we are a country of natural resources that someone somewhere will always want. 
And if global demand is low for raw resources we can take a page out of Taiwan or South Koreas book and get really good at refining said raw material into something like semiconductors.

It won’t be easy, cheap or pretty but at this point I think it’s what is necessary to do.
Whatttttttttt? I was told that if Canada just fixed the border nothing would happen 😯😯😯😯 does that mean trump lied and all those people fell for obvious lies?? 😔😔
It’s almost like after jumping and promising $2B on the border including immediate procurement of two Blackhawk helicopters for the RCMP, the border might not have been the actual reason for the tariffs…..
We should put a 200% tariff on Tesla and Starlink. Then we’ll see how fast their tariffs are dropped.
Dear Canadians: Some of us Americans are very sorry this bozo got elected. Hes our Rob Ford, only not on cocaine, just crazy.
Let those southern bastards freeze in the dark.
Trump can suck my toned Canadian ass.
Canada should unite with Mexico, European Union, China, etc and put a 25% tariff on all American products.  This should end American tariffs quickly. Trump is a tyrant/bully who needs to be put in place.
I hate this man so much there are no words.
I’m sure this will get lost but I’m an American in Wisconsin. I absolutely voted against all  this. Just want you to know if it pops off I’m on your side."
"N.B. Liquor won't buy U.S. alcohol, even with tariff delay",https://www.reddit.com/r/canada/comments/1ihlsj2/nb_liquor_wont_buy_us_alcohol_even_with_tariff/,https://www.cbc.ca/news/canada/new-brunswick/new-brunswick-tariff-response-alcohol-1.7449099,"This post appears to relate to a province/territory of Canada. As a reminder of the rules of this subreddit, we do not permit negative commentary about all residents of any province, city, or other geography - this is an example of prejudice, and prejudice is not permitted here. https://www.reddit.com/r/canada/wiki/rules 

Cette soumission semble concerner une province ou un territoire du Canada. Selon les règles de ce sous-répertoire, nous n'autorisons pas les commentaires négatifs sur tous les résidents d'une province, d'une ville ou d'une autre région géographique; il s'agit d'un exemple de intolérance qui n'est pas autorisé ici. https://www.reddit.com/r/canada/wiki/regles


*I am a bot, and this action was performed automatically. Please [contact the moderators of this subreddit](/message/compose/?to=/r/canada) if you have any questions or concerns.*
From white house press secretary 


“Canada is bending the knee, just like Mexico,” White House press secretary Karoline Leavitt told CNN. This was a stunning insult coming from a press aide with no diplomatic responsibility. It also suggested deep contempt for Canada, especially in the White House of a president who demands it become the 51st state.""


Fuck this, let's go.
I hope BC does the same. Tariffs are ""paused?"" Great, so are our sales of US liquor.
Trump has PAUSED the tariffs.

PAUSED THEM. POSTPONED THEM.

Yes, he's a fucking bullshitter and they'll probably never be imposed anyway, but can we stop assuming tariffs wont be used repeatedly as a threat whenever Trump wants to score political points.

Canada and all other US trade partners should be doing everything they can to diversify and diminish their dependency on the US.

The game has changed. The US has shown themself as self-interested and an unreliable partner. It's gonna be *America first* now, and if that's to the detriment of everything and everyone else, that's fine with Americans.

Act accordingly.
Tariffs or no tariffs, the damage in our relationship is already done. 

The Americans have shown they cannot be trusted. 

Trust takes a long time to earn, and can be pissed away in minutes.
Yeaaaaaa boy. Let’s all do the same.
Good!

Delaying tariffs is still a trade war. We are in an economic war and we need to take every measure we can to
This is what I want for Ontario. Just say, sorry there doesn’t seem to be a demand for American liquor.
The Starlink deal that Ford “ripped up” is back on. I wonder what the LCBO is doing here in ontario.. We need to vote this Maga supporter out in ontario.
That’s the way to do it. Unlike Ontario.
30 days is not a victory - I don’t think it should impact our strategy at all.
I needed to give up my bourbon habit anyways.
This is how it should be handled, put a 30 day hold period on US alcohol. Don't cave for someone delaying an attack.

I'll try to find some Made in NB liquor to help them out.
N.B is awesome. Big respect 💪 


J'espère qu'on va faire la même chose au Québec 
Thank you New Brunswick for having some testicular fortitude.
Good for them. Delaying tariffs means they still plan on tariffing. 

Honestly I kind of wish Trudeau didn't make concessions and just said ""Do it then."" Now Trump feels like he's in control of the entire situation, and he'll keep it over our heads.
all provinces should ban usa liquor until jan 20, 2029
[removed]
&gt; N.B. Liquor will not buy new stock of U.S. alcohol, though it will continue selling what's now on shelves.


Seems like the right way to do things.
Good. I say that as an American in a border state. I am very thankful that Canada is pushing back. Our President here is an idiot and has done so much damage in just over 2 weeks. As much screaming as we're doing, those who can actually DO something are just....not. At least Canada had the balls to not bow to him. Do everything you guys can. Stop buying American stuff. Push back. Whatever it takes.
Every province in Canada should be doing this! In 29 days Trump is still gonna Trump and we need to make sure this is gonna hurt. After removing all the US booze I think we should also offer wines and spirits for every other province too to replace them empty shelves. WE NEED TO SUPPORT CANADA AND CANADIANS!
They shouldn't.

Canadians should also be buying Canadian in every other facet of their life regardless of the pause.

The damage is done, screw the USA.
This is the way.  You play chicken with us, you lose.  We don’t play chicken.
That's the spirit, if I may say.
Good. Trump and his cronies need to learn they cannot just go around threatening everyone they see to ""look strong""
Keep their booze off our shelves.
Ontario shouldn’t be either. Ford is so weak.
Right on, showing some genuine integrity and resolve in NB! 

 Meanwhile flip-flop Ford un-cancelled the starlink contract in Ontario 🙄
With Trump constantly moving the goal posts, keep that boycotting in place.
Who in his fucking right mind would import anything from the U.S , it's losing money at this point , the Yanks , fucked up yesterday , today they Find Out.
Good for New Brunswick. We all know this wannabe dictator is going to hold the threat of tariffs over our head for the foreseeable future. Don’t give into bullies.
So, Doug Ford went silent on electricity. I'm pretty sure he announced to sell US alcohol in Canada for 30 days already.
I read the article. They are leaving existing US products on the shelves, but not buying more. I hope no one buys the US booze, and it sits there for weeks, taking up shelf space.
Way to go NB!

Rest of Canada should be following their lead.
Are you paying attention, LCBO?  This is how it's done!
Good. Stick it to these fascists. US Press secretary karoline leavitt just told them Canada was bending the knee. Getting some real 'we have always been at war with Eastasia' vibes.
Good.  Btw I live in the states and buy Kicking Horse coffee by the box load.  I’ll but Canadian whenever I can.
Whatever your provinces is doing, you are the one buying the product or not. 


Let's hold still until Trump is gone.
Good for them. Why change anything, if Trump is claiming it’s a delay. I’ll wait until he “bends the knee,” as his shitbird press secretary put it, to consider buying American products again whenever there’s an option from literally any other country in the world. And if they appear to be infringing on an American patent or copyright, I’ll take two. 
Ontario should have done the same. Let them sit with the consequences of their aggression. And Ford couldn’t have reinstated the StarLink contract any faster. He should have stayed quiet until all matters are settled.
we don't need a govt mandate to boycott USA booze

  
my purchases are a drop in the bucket

your purchases are a drop in the bucket

Doug has a serious drinking issue and funds Michigan

but each drop in the bucket becomes a tsunami of consequences that only Americans must endure.  

every drop spent on Canadian distillers helps only us

  
this is how you smack the orange man around

this is how you smack the fascist man around

you take away the demand for their product by choosing something else, and we do have choice.

my coworker asked if I was going to pay more.  I said yes, and he knows my money is tighter than his.  it means my coffee switches to kicking horse and I consume a little less.  oh well...no big deal for me.  now 10 million Canucks switching coffee suppliers?

WHAM!!!!

it's like stapling his scrotum to a chair....it hurts
Even if the other provinces don't follow NBs example, we should vote with our dollars as consumers.  Plenty of beer, wine, an spirits made in canada and so many other countries around the world.  Why buy US?
""We have heard from a number of employers who have the opportunity to shift production into the U.S. as a temporary measure while the tariffs are in place,"" she said.

* any company that moves their production (temporarially?) to US should be highly scrutinized. Possible some are looking for excuse to tap into that market on Canadian tax payers dime. 
* seems Irving is looking at this option. They are wealthy enough that they can weather the storm without taking more from tax payers. 
(They are known to be unscrupulous business ppl).
Good. This is the appropriate response. Move on along like nothing happened.
Good.

  
F those fascists.
Good for you!  The best way to hurt his maga supporters!!!
They can put in on the shelves but I will not buy it!
Ban it all together, we don't need their slop, European and Canadian are better. Canadian Ice wine, Steam Whistle and Irish whisky makes me a happy drunk clam.
Yeah fuck their liquor
Come on doug, pull the trigger"
Trump slaps 25% tariff on steel and aluminum imports,https://www.reddit.com/r/canada/comments/1imjnef/trump_slaps_25_tariff_on_steel_and_aluminum/,https://www.cbc.ca/news/politics/trump-steel-aluminum-canada-1.7455173,"Is he trying to punish Americans or Canadians, I'm lost at this point
Stop the Steel 2025
America imports over half their aluminum from Canada. Last time Trump did this, it hit the construction and auto sectors hard with price increases. The average price of a car in the US is going to go up by thousands of dollars because of these tariffs.

As someone who campaigned on ending inflation and bringing down prices, he's now going to start his term off with inflation and price increases. That's not going to be great for his party in the 2026 midterms, and if he loses both the House and the Senate, that's going to go very poorly for him. The Republicans need to control at least one of the two houses in order to avoid Trump being deposed via impeachment. You know that as soon as the Democrats control the House, they'll impeach him again, but they need to control the Senate in order to get a conviction. That's how he avoided punishment last time, was having a hung Senate. If he causes inflation and loses the midterms, it could spell an early end to his second term.

And we can all both hope and pray for such a scenario to happen.
He just repeated moments ago that Canada should be the 51st state while putting tariffs on, is it going to be a daily thing now, I cant take this clown anymore. Im done with the US
Never interrupt your enemy when he is making a mistake.

Napoleon Bonaparte.
Couple of thoughts here.

A) Perfect time to take all that extra  (prob cheaper)steel and start building a few pipelines with domestic product.

B) For every ton of Aluminium the U.S. produces, it imports 5. From a needed power generation standpoint, they would have to build \~6 Hoover damns to supply the energy to actually produce all of the Aluminium it uses. This would take decades.... Not to mention, Aluminium is in everything from cars to planes to missiles. He's shooting himself in the foot and this will increase prices on essentially everything.

I guess he's doing cars tomorrow - that should be interesting. Going to be funny to watch the MAGA crowd lose it when new car prices jump \~$8000 overnight (assuming the whole production and supply chain doesn't fall apart).

And lastly, this proves you can't even negotiate with him or trust him. There's zero point to signing a new USMCA agreement. last week he said we had 30 days, now today it's Aluminium, Steel and Cars. Fuck this guy.
If it’s on all imports from all countries, doesn’t this just hurt Americans and no one else? 

US can’t ramp up production would take years.
That 30 days didn't last long, please Canada act accordingly.
Fuck this bozo and fuck every single American piece of shit that voted him into office
We need to figure our interprovincial trade out, asap.
Trump is demonstrating that America is no longer a trustworthy and reliable trade partner. Time to find new markets for our goods.
We were talking about high speed rail? A alot of that infrastructure would require steel an aluminum let's get to it
Trade agreements. Worthless. 
Agreement to a pause in tariffs for 30 days. Worthless. 

So he isn't worth his word. He is an irrational liar. Don't even speak with him because nothing he says is worth a dime.
It’s insulting whenever one of our politicians says we need to take Trump’s threats on fentanyl, the border, etc more seriously. There is no appeasing this bully. He just said last Monday he would delay tariffs for 30 days due to our efforts on the border. He then broke his promise 6 days later. Ford, Smith, etc need to stop with this nonsense. Our federal and provincial politicians need to work in lockstep to reduce domestic trade barriers and diversify our international trade. The next Canadian politician calling for us to accept Trump’s demands should be slapped. Trump wants us to be his dancing monkey the next 4 years.
The sane washing of this jackass needs to stop. I’m so tired of his shit day after day.
 [TRUMP](https://x.com/CrannofonixNews/status/1889095105992097894) moments ago ""If we make \[steel and aluminum\] in the United States, we don't need it to be made in Canada. We'll have the jobs. That's why Canada should be our 51st state.""
Buddy forgot how long 30 days is - what a fucking dunce.
Hit them back dollar for dollar.
I say this as someone whose job depends on the steel mills in Hamilton and Nanticoke. I could potentially be laid off. But, fuck negotiating. It's over. Don't even pick up the phone. Find new trade partners ASAP. Don't ever allow this to happen again. Move on from the US. It's going to be hard and we should all band together. Fuck Left vs Right. Lets get together and be strong. Toss away the traitors. Don't give them a voice.

WE ALL NEED TO PUSH FOR THIS. Because our government may very well bend and we'll go right back to what we were.

  
Edited for spelling on my OLD ASS Samsung S9
So he is a liar. What a surprise.

Shut the oil and electricity asap..   since Trump says Canada provides nothing of value to the US.
Trump slaps Americans crying about high egg prices with higher prices.
I'd slap 30% on potash immediately. Fuck this clown
Time for the headline to read…

Pipeline from West to East: 

APPROVED!
we should've shut the power off during the superbowl smh
All this did last time was drive the price of steel up for them. I work in a steel factory and our profit sharing went through the roof the last time he did this.
Perfect time to build some infrastructure we really need.
Time for a 100% Tesla tariff!
Fuck, that month flew by
What he has done to the USA in 3 weeks is deplorable, not to forget to mention what he's done to Canada,
Every decision he’s made is sinking America
What a piece of s  
He agreed not to, then on some kind of Bonespur whim, changed his mind.  
What is this turd ... a king?  
Thats it ... we should export tariff every product we produce and send to US, including steel, minerals and oil. I for one am willing to suffer for a while to see him squirm when the red states start clamoring to make him back down. I've had enough of this.  Time to knock him down to the height of the bottle of bronzing tan solution he cant live without ... then when he comes crawling back just say ""naw, thats ok ... we decided to sell it all somewhere else, ciao thar bud.""
I don't understand his train of thought. There is no point in retaliation on this one, all he did was raise the price of aluminum 25% in his own country.
Maybe it's better to have the asshole actually pull the trigger on these fucking tarriffs, since the hanging threat of them is doing plenty of damage with all the uncertainty.
Nearly half of U.S. steel is imported and 40% of that is imported from Canada, so the U.S. gets 20% of its steel from Canada. Americans will pay more for everything made of steel, cars, buildings, homes, appliances, sinks, cutlery, saucepans, machinery, ship building, aerospace. Have fun paying more for all your stuff morons.
Stop the Steel
Cheeto Benito really, really wants to blow up the global economy.
This will of course backfire on him.
We need to get QC to agree to a pipeline in exchange for AB to agree to cut off or slow oil to the US.
Increase the surcharge for the electricity that goes to the US. If they want to produce aluminum fine, they will have to pay more if they plan to do it with Canadian power.
Respond with the same and raise them 25% on potash and uranium
Every country affected must reciprocate dollar for dollar. This bizarre madness has to stop.
With these tariff announcements, Trump's word is worthless, meaning unfortunately, The United States word is worthless.
Not just Canada, either. *Everyone.* And his loyal followers are just gobbling it all up with zero self-awareness.

America really is a third-world country masquerading as a first-world country, huh?
As if the american steel and aluminium could significantly increase production in the span of a few weeks... this will hurt the US, badly.

Meanwhile I hope we can manage to sell ours elsewhere. Good canadian steel and aluminium, anyone?
This all reeks of stock market manipulation
Canada should immediately halt all aluminum exports to the U.S.—not a single gram should cross the border unless it's already in transit.

The Federal government, along with Quebec and B.C., can step in to purchase and stockpile production. Aluminum doesn’t rust or degrade, and with supply tightening, its value is likely to rise. Even if the U.S. doesn’t come to its senses soon, we’ll find buyers elsewhere. Aluminum is lightweight and high-value, making overseas shipping a viable option from both coasts, given our smelters in B.C. and Quebec.

The impact on U.S. manufacturing will be immediate. Aircraft production will slow dramatically. Tin, beer and pop cans will disappear. The auto industry—both theirs and ours—will take a hit, but that was inevitable.

We should proactively open distribution channels with Europe and Asia. By committing to alternative trade agreements, even short-term, we ensure that the U.S. can't just reverse course and expect shipments to resume on demand.

Matching tariffs dollar for dollar won’t be as effective given the sheer size of the U.S. economy—they can absorb a prolonged fight. Cutting off oil isn't an option either, as B.C. depends on refined fuels from California. Alberta’s crude flows south, gets refined in the U.S., and then fuels everything east of Manitoba. Shutting it off would cripple us more than them.

Instead, we should leverage our aluminum strategically—redirect it globally and force the U.S. to feel the consequences of its decision."
"If Trump tariffs Canada, Trudeau backs ‘dollar-for-dollar’ matching response",https://www.reddit.com/r/canada/comments/1i6le8d/if_trump_tariffs_canada_trudeau_backs/,https://globalnews.ca/news/10969522/trump-tariffs-trudeau-cabinet-retreat/,"We did a study, and realized that our strategic potash reserves are critically low, so we are implementing an emergency act to build them up.  Unfortunately, we will no longer be able to ship potash to any customers who have recently broken a trade agreement.
Make interprovincial trade a priority, make personal travel between provinces more appealing; It shouldn’t cost more from Calgary to Nova Scotia than Calgary to Scotland.
Maybe we should take a long look at what we import and see if there's a way to make similar products in Canada. It's time to bring some of these jobs back here.
We should also cancel the tariffs that the US asked us to make on other countries. EV and Solar tariffs for example should be lifted to make them cheaper. It would also speed up our race to zero emissions.
We currently honor American patents on medications. 

We are not required to.  

They'll feel that one, and it'll give Canadian businesses an advantage.
Got to add in the extra 45% for the discount they are enjoying now from our low dollar.
Time to turn off the power Mr. Ford.
Any retaliatory tariffs should directly target Musk, Bezos and Zuckerberg. 1000% tariff on Teslas for starters.
Fuck that, double or nothing. Get ready for $40 jugs of maple syrup you yanks.
Then we need to produce our own Canadian owned and made EVs.
China and Russia must be laughing.
Hey Doug Ford, you wanna cancel those starlink projects 👀👀👀


I know he won't...
Absolutely...Americans don't understand  how tariffs work, and with the doller lower now, it will be easier for us to absorb..Americans are freaking out over the price of eggs.. wait until  gas and TP gos up 25% more
Stupid thing is it will affect their economy as well. Companies will outsource products from other countries.
Ban to Twitter, Meta as well as Tesla. It's now or never.
Ban instagram and X , 100% taxe on amazon delivery
Apply a 100% tariff on nazi Tesla, drop chinese EVs tariffs.

You can send me my $5,000,000 consulting cheque anytime.
While I think the liberals are a total disaster of a government, I absolutely respect the stance on standing in unity to protect our country’s autonomy.

Canadians should not and will not back down to cheap tactics like threatening economic takeover of our country ✊🏻

Good to see amongst the divide Canadians can unite on this
How about we begin embargoes and boycotts? If we don’t send goods and services, they cannot apply tariffs. You know softwood lumber to repeatedly rebuild hurricane alley, cheap fuel, hydro electricity, I’d include water, however, Nestles has bought up enough Canadian water rights that we cannot provide clean drinking water to Canadians unless it comes in a bottle with a Nestle’s label on it.
I also support Canadian retaliation dollar-for-dollar.

I have other idea's in my think-box too, if that doesn't work. 

Canada is a sovereign country! 🍁
Gas prices about to get real high. 
A dollar-for-dollar approach is stupid. The USA is over 10x Canada in GDP and population. Our response should be amplified 10x in kind if we want to actually do anything they will notice and take seriously.
Here are my questions:

1) Can we enact sweeping elimination of interprovincial/territorial trade barriers? Can we merge professional designations, etc? As a monolingual anglophone, I’d happily yield to any language demands Quebec had where reasonable if it meant we could grow markets for all Canadians. 

2) Can we improve free trade/travel/work mobility with non-US allies like the EU, commonwealth, and even emerging markets?

3) Is there a way to tariff all American products and services that compete with Canadian ones?

Even though we have practically no leadership right now, it seems clear to me that a winning trade policy answers these questions on some level. Do we need stronger executive powers to achieve this? Do we need more interprovincial/territorial infrastructure like pipelines and ports?
It should be adjusted for the exchange rate and be 40%+ more punitive!
Trade war, so much for cheaper eggs and bacon.
ELI5, what is even the point of a trade agreement like NAFTA or USMCA when one side can just throw it out unilaterally on the flimsiest of pretenses at any time?
Ok. But what does the Canadian government say about it?
US imports 450B from Canada while Canada imports 230B from US. So for Canada to match the 25% tariff dollar for dollar, it'll have to tariff the US at 50%. That's GG for Canadians.
At this point, people might want to reconsider, going to the USA and buying any American product.
I can't stand Trudeau, he's a terrible leader, but I agree with him on this.
We’d like to add that annexation of Vermont!
Maybe put a 200% tariff on Tesla cars? It’s a start.
I honestly think we should go full Israel on Trump. None of this dollar for dollar, turn off the water, turn off the power…. Just stop f**king with us
Don't we have a ton of tariffs on other countries because of being in lock step to protect american interests? BYD comes to mind. The threat of opening up the market highlights what there is to lose by souring relationships with a friendly allied nation. At worse, we has access to more affordable alternatives to american goods.
Fuck around  and find out.
We should start implementing tarrifs on consulting/professional services. I'm sure there is a way to implement this. This will greatly hurt the US and it is a high margin profit industry.
Nothing helps an economy more than a tariff war.
Who?
Why doesn’t the Canadian government secure the northern border, and the problem is solved?
We should be nationalize our natural resources and making a long term plan for them to benefit canadians for that next 1000 years. We need our government to fight for us LONG TERM.
Shut off access to Our potash,  fresh water, oil, and electricity.  They'll come negotiating quickly.
Rise up
Tax the hell out of potash, make them pay out their ass for food.
100% agree. You always need to stand up to bullys"
"Canada proposes 100% tariffs on Tesla, I have an alternative: open the door to Chinese EVs",https://www.reddit.com/r/canada/comments/1j591qx/canada_proposes_100_tariffs_on_tesla_i_have_an/,https://electrek.co/2025/03/04/canada-proposes-100-tariffs-on-tesla-i-have-an-alternative-open-the-door-to-chinese-evs/,"inaccurate headline

  
A CANDIDATE for party leadership proposed this, not the Prime Minister, not any cabinet minister
Cheaper Chinese EVs could threaten Ontario’s auto manufacturers. I doubt the government will let that happen.
Or European EVs. VW, Audi, Polestar, BMW… super cool cars.
Tarriffs are a shitty solution, almost always.
If this gets passed, it needs to be perminant... not some leverage against the US... we need to cut those ties for the long term not just Trump's reign as Moron-in-Chief
china isn't our friend, better to open the door wider to all allied nations
 I’d focus more on European, South Korean and Japanese vehicles.
Chinese EVs would help young people get into the car market especially if you live in areas where you need cars the most. It's almost impossible to buy anything new unless you're late stages in your career.
Or the alternatives alternative. Do both.
Do both (and EU EV’s)! 

The Trump Tesla Tariff has such a nice ring to it!

BTW since EV’s don’t pay gas taxes (we use them fund road maintenance), make sure you have a secondary Road Use Tax on the Tesla’s — after all they still want to use the roads! 😀
Why not both?
Instead of an alternative, how about we do both
Here's another idea:

Simply continue with the plan to invest in domestic EV manufacturing.

We have lots of automotive manufacturing in Canada already. It makes natural sense to support their integration and transition to EV manufacturing, not undercut the automotive workers and companies already established here.
100% agree with the article.  Unsure why Anglo-Saxons here don't want chinese EVs in Canada, even though they are in essentially every market of the world except Canada and USA.. Bringing BYD cars here would be the smart thing to do, especially if we want to be a sustainable country.
all the people here going against this trend...meanwhile the countries that are still our allies like the EU, UK, AUS are already importing Chinese EVs. what is with the Canadian mindset of taking pride in being ripped off / buying worse products? Guess what, if Europe made better EVs they wouldn't need to tariff Chinese EVs now would they? If you have a problem with cheap / better EVs  or just don't believe the claims, then ask yourself why our commonwealth allies in the UK / Australia don't feel the same way?
Nuts
I want a sub $10k EV
Nope.  Don't need Spyware here.  Nortel should be a lesson for us all.
Work in China - take Didi (Uber equivalent) Premium regularly. The local make/model EVs are hand over fist above Tesla in quality. If the playing field were to be leveled in the Canadian market, I suspect Tesla would be driven out quickly.
Totally, we should cozy up with America's Ex, it will drive Trump blind with rage.
No to Chinese either. Build our own!
I want everyone to say it with me now. China is not our friend.
The title is misleading. It’s proposed by a PM candidate, not official government
100% tarrif on ev's just shows that they don't actually give a fuck about emissions. 

Bring back small diesel trucks.

Bring back affordable cars.
Do it. According to Trump every relationship now is transactional so why not let in cheap EVs from China and let Canadians save some money.
Too much China simping lately theyre no better just smarter about their actions.
The enemy of our temporary enemy is not our friend. Id rather EU EV""s than Chinese ones.
this is only a time delay. of course in 20 years we will all be driving chinzse cars. the lae makers dont like it bc they have american car stocks. chinese cars are way better and way cheaper
**TLDR: We should let Chinese EVs in but force mark-ups so our own shitty automakers don't immediately die, and can compete to get back into shape.**  
  
The amount of Canadians buryin their heads in the sand against Chinese EV is insane.

We are not keeping them out because it's potential spyware or because they are poorly built or because CCP bad.

We keep Chinese EVs out because if they are allowed in, their value-proposition will destroy the domestic auto industry. Where else can you get a model 3 competitor for 30K CAD? That's the before-discount MSRP of a BYD seal in China. European markets force BYD to mark up the price of the same car to over 50K so their domestic automakers (VW, etc) can compete.

This is like a slow poison; if we keep walling ourselves off from Chinese EV competition, and allow our automakers to operate in an isolated bubble, our auto industry will not be competitive in a decade.

Canadians and Americans need to wake the fuck up if we want competitive auto manufacturing in North America. (I bring up America because we do not have a large enough consumer base to support a whole domestic auto supply chain)
Why not both? One thing is for sure, we need to limit Elon Musk's influence in our country immediately.
Both. We can do both.
Why not both? Both is good.
Buy EU Vehicles.
And do not use USD to import these cars. We need to get momentum on dropping the USD for trade globally.
Bring back Huawei while you are at it, right?
Ban them. 

We should be allowing anything they benefits nazis. 
Ban Tesla outright. Tariff NA Automakers, bring in European and Chinese vehicles.
Chinese EVs would CRUSH Tesla in the free market. I drove the BYD Dream in Thailand.
why not both?
If Trump nukes our automotive industry with tariffs, then we should absolutely remove the tariff on chinese EVs.
Why not both?
Why not both? Ha ha
why not both?
Both? Both is good.
Yep. American cars are finished here and I got no beef with China anymore.
There are many other companies in the world making evs. We don't need Chinese ones.
ABSOLUTELY THIS. China is so far ahead of other car manufacturers it's not even funny.
Getting friendly with China is NOT the correct solution to this ordeal.
I will be honest, with the 100% tariff on BYD it is still cheaper than Tesla in most cases. That said, there are lots of other options too.
Why don't we make our own car. We have the talent"
Texas Gov. Greg Abbott backs Trump tariffs — warns Canada to be ‘careful’ about fighting back,https://www.reddit.com/r/canada/comments/1ig9szc/texas_gov_greg_abbott_backs_trump_tariffs_warns/,https://nypost.com/2025/02/02/us-news/texas-gov-abbott-warns-canada-trudeau-to-be-careful-of-retaliatory-tariff/,"Who fucking cares what Greg Abbott says.
careful about fighting back? Is Canada supposed to just take it with no response?  I doubt he would do the same in this situation
As if Canada's afraid of Texas.  One 1cm of snow and those people resort to ***cannibalism.***
Careful? Who the fuck started a war with us despite us doing literally everything asked of us and then some? Why the fuck do we need to be ""careful"". Fuck you guys.
[deleted]
“Careful Trudeau. The Texas economy is larger than Canada’s. And we’re not afraid to use it.”

Well darn, we’re not afraid either so I guess we’re in a stalemate. I don’t care - the bullies can still get fucked.
I like how they expect us to just take it. These guys are as big of pieces of shit as the Russians 
I would tell him to worry about his own Texans that are freezing to death this winter. 

Get stuffed fuck face.
Texas’ favorite DEI hire.
I thought Republicans only warned women not to fight back.
Reminder that Gov Abbot was the moron who was so convinced that Obama was going to invade, conquer and occupy Texas like it was France, and turn it into the first part of the Obamunist Empire, and do it with just 1200 troops, that he partially mobilized the Texas state guard to ""monitor"" the US army.
Canada can survive without US because Canada can work with other nations for a trade deal diplomatically.

The case is   opposite on the side of US. Trump is a narcissist who can't get along with other countries because all he knows is to threaten and disrespect leaders around the world.

Americans are in serious trouble to be honest.  Donald Trump won't be able to finish his term

Mark my words.
Turn off the oil to Texas...their refineries are tuned to Canadian crude.  Then send him a beaver tail with prairie oysters on top.
Greg Abbott can get fucked.
The words of a rapist telling you not to struggle or it will get worse.
I am more and more convinced that this is a heist. A looting of US citizens. 

This explains why the given reasons for tariffs are so nonsensical. 

The only reason Canada &amp; Mexico are targeted is because we are the largest trading partners; therefore, the fastest way to grab billions in revenue from tariffs. 

Trump &amp; Musk are diverting the tariffs to their new ‘External Revenue Service’ run by DOGE and Musk’s henchmen who took over the Treasury department computers and data. 

It’s akin to Putin’s theft of Russian assets after the fall of the Soviet Union.
Americans showing their true colours. They don’t realize they are shooting themselves in the foot right now.
Go fuck yourself Premier of Texas
DEI hire, Greg Abbott?
Who cares how big the Texas economy is if the people don’t have freedom?

Two women in Texas had their ectopic pregnancy surgeries denied causing their fallopian tube to rupture and nearly bleed to death.
Worry about your school shooter problem first before telling us what to worry about...
If Greg Abbott were here right now i'd tell him that he doesn't stand for much and that he should walk a mile in our shoes before he runs his mouth.
Fuck him and the wheelchair he rode in on.
Canada will do something Greg Abbott could never do.  Stand up to Trump.
It is not mentioned in this article, but Abbot gave a thoroughly ridiculous example of Canadians not being able to afford t-shirts if a tariff is placed on cotton from Texas. Excuse us for not taking advice from someone so clearly out of his element.
All this from a fucking DEI hire who begs for accommodations all day long because he can't walk.
I never want to see us send our firefighters, emergency workers or cooperate with the Americans militarily ever again.
Dear Greg Abooutt 

Fear the beaver 🦫🦫🦫 

Sincerely 

Canada.... Aka team normal.
Let us punch you in the nose. But... you better be careful about punching back... 

What a clown. 

90% of kids in hockey got their teeth punched in during a hockey scrap by a larger enforcer. 100% of them dropped the gloves and punched back. A surprising number won. 

Punch back 100% of the time. The only answer. 

They picked a fight with a scrapper and are worried we will scrap. 

Give your balls a tug. Eh.
[deleted]
Like we care what hot wheels has to say
Fuck him.
Basically Give me your lunch money and don’t go crying to the teacher or tomorrow I’ll take it again and beat you up! 

Yeah but not, here’s a Shawinigan handshake for y’a
Lmao Greg Abbott is a punk ass bitch and should watch who he is talking to.

Fucking inbred
So buddy, the next time you have an ice storm or hurricane, remember how many Canadian power crews came to help you in the past.
Fuck Texas.  The losers who did get annexed.
Nothing but bullies.
If I thought Texans knew how to read and navigate I might worried.
Fuck Abbott, Fuck Trump, and Fuck anyone who voted for either of them.
Doesn't this guy have some High School Textbooks to be terrified of or something?

Put Grampa back in the home.
What’s he going to do about it?
What the fuck is wrong will all of them ….they just want people to shut up and take it …..
[deleted]
Then step right up and make a move buddy.

...or maybe just STFU and focus on keeping the lights on for your state instead.
Texas can't do shit, international trade is a federal matter in the US.
Isn't Abbott a DEI hire?
why would we give a fuck what some fascist texan twat thinks?
Oh wait, Abbott is saying this? Oh well, that changes everything. In that case, all I can say is fuck you too Abbott.
Any republicans senators should be removed for even supporting this illegitimate government.
As an American, fight back and stand united against this evil"
"'We will win': Carney slams Trump, Poilievre and tariffs during Calgary campaign stop",https://www.reddit.com/r/canada/comments/1j52maa/we_will_win_carney_slams_trump_poilievre_and/,https://calgaryherald.com/news/politics/mark-carney-passionate-speech-tariff-fuelled-trade-dispute-calgary-campaign-stop,"Debate between him and Poilievre is gonna be a banger lmao
One thing is for certain, whomever wins needs to recommit to us having a military.
As the EU is recognizing, we can no longer live under the umbrella of protection the US have really provided since WW2.

I hope voters recognize this.
&gt;Carney described his Alberta upbringing with “prairie values” such as “hard work” and “tolerance”, while criticizing Conservative leader Pierre Poilievre, who he described as a “lifelong politician who worships at the altar of the free market despite never actually having earned a paycheck.”


Whew.



Also, he dropped his economic plan yesterday if you wish to take a look. 

https://markcarney.ca/media/2025/03/unite-canadian-economies
When is the debate happening?
**SLAMS!**
Oh the Irony of Trump causing another Liberal win in Canada
I’m not a single issue voter but fuck I’d be lying if I didn’t say that the gun ban is something that I take into heavy consideration
&gt;Carney described his Alberta upbringing with “prairie values” such as “hard work” and “tolerance”, **while criticizing Conservative leader Pierre Poilievre, who he described as a “lifelong politician who worships at the altar of the free market despite never actually having earned a paycheck.”**

If someone manages to find PP wherever he has been hiding these days, please liberally apply the burn cream (no pun intended)
What's interesting to me is that PP's main handler, Jenni Byrne, seems paralyzed and incapable of taking back control of the narrative. Yet, she did so well steering Ford's campaing in 2018. Ford just solidly won a third majority mandate. Why can't she lean into Ford's strategy?   

I've heard rumours she could be the reason PP won't get clearance. Given her record it's kind of clear she's a foreign asset. It makes a lot of sense that Byrne is anti-Canadian. My money is that the reason she had to take a back seat with Harper in 2015 is because the Harper PMO knew shes Kremlin-compromised.
Carney winning in Calgary? Ya right.
Is it ironic that people are probably not so much *for* the Liberals, as they are *rejecting* Poilievre?
&gt;Speaking to reporters, Carney said that, if elected Prime Minister, he would ensure that all proceeds from counter-tariffs go to helping Canadian workers.

Given he says we don't use Steel, he'd need to.

Especially if Carney goes ahead with his ""Carbon Border Adjustment"" plan, since I could easily see places like Algoma and what not just packing up and leaving.
Americans are behind you...do what you got to do!
10’s and 10’s of people were excited to be there. 😂
People are actually considering voting Liberal…

Again?!

*looks at the state of Canada*

JFC.
A few months ago Poilievre couldn't shut up, but today? He's quieter than a church mouse.
We can not 'win' against their economy.  

That is a dumb thing to say, we can win.

 We can survive and possibly thrive by finding new 'deals'.
Carney is in with the WEF. Last thing we need is another political puppet selling us out. A decade of that was enough. Pass.
Carney still committed to pursuing the disastrous gun ban against firearm owners. Just the same old liberal party with a new face. 
It’s too bad no matter what he says or how much PP fails nobody will listen and blindly vote conservative anyway. 

Our only hope is Urban ridings with left leaning younger voters. I really hope with everything going on politically the next election sees record number voters
So this sub criticized PP for slagging the Liberals when commenting on tariffs, claiming this is a time for unity. Surely they will feel the same about Carney slagging PP and the Cons when he is discussing tariffs, right?
&gt;He went on to say Canada’s economy “is stronger than the American economy in the medium term.”

Lol, Carney calls Canada's economy strong here while last week he called Canada's economy weak during the Lib debate. We have a new Mr. Dithers. [Michael Barrett on X: ](https://x.com/MikeBarrettON/status/1897289061918007505)
Did he take questions? Did he allow independent media in?
Carney wins, we lose, simple as.

Hopefully Canadians aren't duped into the friggin liberals... Again...
[deleted]
He didn't address his numerous lies? His economic plan looks very close to what PP has proposed as well, so I'm mostly in favour.

What he needs to clarify, is his unrelenting devotion to a carbon tax and possibly an emissions cap. His last statement was that he will shift the carbon tax burden on to our heavy emitters like steel and aluminum. The SAME industries that Trump is trying to tariff. This will destroy our heavy industry and we will not be able to build the major infrastructure that he proposes in his plan."
‘Today is the big one’: Trump teases new tariffs,https://www.reddit.com/r/canada/comments/1iolaml/today_is_the_big_one_trump_teases_new_tariffs/,https://www.ctvnews.ca/business/article/donald-trump-signals-reciprocal-tariffs-to-come-today/,"USA: \*tariffs other countries with paper-thin excuses, easily disproven reasons, or blatant lies""

Other Countries: \*place reciprocal tariffs on USA because this violates existing agreements that they had already made\*

USA: ""Since you're tariffing us, we'll put reciprocal tariffs on you!""

This is doing nothing but undermining relationships and trust in the US as truthworthy business partner. No one is going to look at the US and think of it as a stable business partner for years, and reneging on established agreements--that the current administration negotiated--just shows that no agreement with the US is worth the paper it's printed on.
[removed]
Can today's ""big one"" be Cheeto Man having a massive heart attack then the world will rejoice.
100% Canadian tariffs on Tesla, and potash destined for the US.
[deleted]
It’s like a fucking game to this child.

Fuck him and all he stands for
I stand with Canada 🇨🇦
Sigh... let's wait at 1pm to see what this lunatic planned this time...
I’ve been doing my best buying only Canadian since last trump term. My resolve is even stronger now
If he were honest about his intentions, ""reciprocal tariffs"" would have almost no impact on Canada and we would welcome this new paradigm. Of course, no one should take Trump at his word.
Bought my coffee from Second Cup today. I’m not normally big on nationalism or patriotism and its cousins, but figured I’d support a Canadian franchise company over my regular McDonalds coffee.

Sure it cost a bit more, but fuuuuuuuuck Trump.
Just sick of the breathless reporting on his endless hints and teasing. He lives for this ""will he, won't he?"" attention, just tell me when he actually does something of consequence.
Why do we give so much coverage to this twit
I am enjoying watching family farmers in the USA learn that they were one of the biggest recipients of welfare on the books.   They only now realize why their grandparents were very socialistic, and that they are working class not 'big men'.   Programs such as USAid, which sent billions of dollars in food aid....guess who grew that food?   Welfare programs (such as food stamps) in the USA to feed the poor....guess where they bought the cheese from?  
Watching these farmers, some with a MAGA hat on, cry on social media that the government just cancelled contracts to buy all their wheat, or soybeans, or milk, and that they are now going to lose the farm.  
Ha, I don't care.   They should have thought about that.    Outcomes are the large corporate farm business will buy all these farms, and that farmer is out on the street.   Might need food stamps.  
And people in Kentucky are in a panic that they largest export market, Canada, is about to go away.   They risk losing their homes.  Fuck you.  Kentucky voted trump.  
Arabs in Michigan voted for genocide to avoid voting for a woman.  Fuck them, fuck Gaza.  
The poor and working class in the USA are going to be damaged, very very badly.    Good.  Fuck them all.
Hmmm, my guess is Elon is going to be gutting Medicare tonight so Trump wants the distraction.  It’s starting to become clear that Trump is waving tariffs to distract from Elon gutting the federal government and stealing money from the states.
I have two guys over my job that are fervent trump supporters, like stickers and flags .  Now they are really delusional, I asked them what do you think about trump now you are going to loose your job because of tariff , the answer they gave me “ make America great again” …  follow by “ I hope we became the 51st state “ …
Don't agonize, organize. Prevent every single dollar you can from flowing to the US.
My biggest hope is that all the countries trade with each other skipping the US. Once we do this, we will be seeing the ""Fall of Rome"" and see how the US crumbles.
“If Trump goes forward with the 25% tariffs on Mexico and Canada that were pushed back until March 1, the total direct cost of the import taxes on Chinese, Mexican and Canadian goods would amount to a tax hike of more than $1,200 per year for the typical American household”

This is what these dummies don’t understand. Who pays for tariffs.
Duly noted.
It's just one of the many reasons that he's the worst possible person to have that job: An endless need for attention with the power to do great harm with little or no effort. His narcissm, laziness, and casual cruelty on full display.
Clearly he’s not an economist. But he will need scapegoats when his cult starts to feel the pain.

At the point where he’s deluded enough to move beyond economic warfare, the vested interests in his own country will arrange a “Mussolini Party” for him and his crime family.

The Italians loved Mussolini . . . until they didn’t. Then they shot him and hung him from a lamppost.
Just stop selling to the US. Trump says the US doesn't need anything made in Canada so sell it to any country that will take it. This is not going to stop as long as the orange cult holds office so may as well start doing something now.

All the premiers went to Washington yesterday to plead with a bully and this is what we get in return. Just stop talking and start with our own tariffs.
[deleted]
I hope whatever stupid changes he makes, Trudeau and Europe have a bigger counter.   
  
It's time to turn things onto him and then watch the US just implode from this mans stupidity.
Trump voters will actually bear the brunt of this trade war idiocy, initiated by their own messiah.
The current leader of the US is whacked out on Ketamine and the First Lady can barely put 2 coherent sentences together. The time for trusting the U.S. has long passed at this point, and we're only 3 weeks into the rapists second term.
Hm.  Well.

I've started buying guns, taking judo, focusing on fitness, and getting more involved in local politics.

I'd suggest any able bodied adult in Canada do the same.
yap yap yap
Fuck around and find out trump. Canada will not back down
What if we just got ahead of all this mucking about by just pulling everything off the table and being done with it. Pour gas on the mutiny within the US and let the political unrest put pressure on Trump to capitulate on the tariffs because the pressure from north of the border doesn’t mean shit to him. We supply a lot of electricity to New England. What if we just cut 100% of that off tomorrow? None of this pussy-footing around Red/Blue state asymmetrical counter-tariffs. The harder we hit the sooner it will be over because they can’t ramp up domestic production fast enough to replace what we offer. They will come crawling back or they will struggle for their pride. 

Long term we have to find other trading partners because obviously the US can no longer be trusted, I think we all acknowledge that, but if we want to calm the tides then we have to be unreasonable because we’re no longer dealing with reasonable people. 

It will be short pain for us but we will find other trading partners because other countries like us. We’re honest people who make quality products. We’re not the ones being isolationist, they are. We’ll be fine, they won’t. 
What a shitbag
No one man should hold this much attention for this much time of his own country or the country of others. I thought Taylor Swift was bad but this is worse.
Why is he dropping tariffs like he’s apple releasing a new iPhone. I don’t need a teaser trailer for a recession
The beginning of the end of the american century
American here.

We're cooked. My wife and I are working on getting work visas and are eyeballing moving to ON. We want Canada to stay Canada so we have a decent less-corrupt place to hopefully contribute to. America disgusts me more and more by the day.

With love from Maine, stay strong Maple Brethren.
Just remember: google, Amazon, Facebook, shopify, instagram, Spotify &amp; more…are all standing shoulder to shoulder with trump!
So we will continue to pound you with tarrifs until you surrender to become  the 51 state ?  I don't buy American sorry , NOT SORRY.
man i hate trump, and fuck all those trump supporters in canada. Some are pulling mental gymnastics saying we deserve this
Just to be clear; this is an enemy. I don’t say that lightly. 

This is an abuser. This is the equivalent of emotional, psychological abuse. Uncertainty. Gaslighting. This all that embodied. 

If you were to reduce it to a personal 1 on 1 relationship, “break up” would be the unanimous chorus.
Why can't he just go play golf every day?
At this point, Canada's diplomats should echo the Danish one and tell him to fuck off. So tired of this bully, the first global troll Elmo, and their whole sad cult.
We need to change our supply chains quick, improve our military capabilities quick. Cause I don't see this shit show ending in 4 years.
Too much drama every day from this big Orange turd. It feels like high school all over again.
Tariff revenue is collected by the government (and then probably goes straight to Cheeto and Elon's pockets). So US importers and consumers end up paying these shits. But try and tell an American they actually do pay taxes and they'll deny it until they go broke.
Thought they were happening on March 1st? Guess the dementia is really getting to ol' Trumpie there. 

Either way, let's hit them back and hopefully not back down this time when the US ""delays"" theirs again. Fuck 'em
Could everyone just decide to ignore trump, I’m curious what he would do if the international community just stopped paying attention to him

It’s getting to be similar to a toddler tantrum, the more you pay attention the more fuel it gives them to go on, when you ignore them they go back to a somewhat normal state
It won't last long before he changes his mind and targets someone or something else.

I bet tomorrow he'll go on TV and blame the price of hard nuts on Wild Squirrels.

Then he'll go live on the news, "" *Hard nuts are too expensive for Americans, Squirrels have been been taking advantage of American farmers. Were going to do something about that"".*

Or something along those lines.
I don't care anymore.
This clown has nothing better to do? Let's tease our own tariffs.

  
Also when is he releasing that Epstein list he promised his base? Surely it would be easier to release that than renaming a body of water.

Also when is he building the wall and making Mexico pay for it?

How is that big beautiful health plan promised from 8 years ago coming along?

Did infrastructure week start yet?

Heard gas and eggs is still expensive, thought that was a day 1 initiative. 

Yet MAGAs keep saying they are soooo happy with all the promises kept. We live in world of idiots and it's the idiots that run the world. We glorify stupidity and now worship it."
"Trump Says He’s Doubling Tariffs On Canadian Steel, Aluminum",https://www.reddit.com/r/canada/comments/1j8ro18/trump_says_hes_doubling_tariffs_on_canadian_steel/,https://www.bloomberg.com/news/articles/2025-03-11/trump-says-he-s-doubling-tariffs-on-canadian-steel-aluminum,"... and markets nosedive after another brilliant Trump announcement.
This man has the worst economic policy. He wants to go down faster than the bronze age.
So the U.S is now paying more for steel/aluminum and electricity. Got it. So much winning.
[Unhinged Truthsocial Message](https://i.imgur.com/6Rt18x9.png)

We're really getting to him. He's literally crashing his own economy just to ""own the libs"", aka Canada.

Can you imagine this nonsense coming from a sitting president?
Along with him stating, ""The artificial line of separation drawn many years ago will finally disappear"" along with reiterating his stance on our sovereignty by saying ""The only thing that makes sense is for Canada to become our cherished Fifty First State.""


How some Canadians can still say that Trump isn't trying to destroy our economy and take us over is baffling, and at this point anyone repeating that line is lost to the Trump cult.
Another day another tariff because the orange turd isn’t getting what he wants. At this point I’m truly hoping he crashes his own economy.
Ooooh. That’ll show us. 

75% of all aluminum used in US based manufacturing is from Canada.
Also mentioned the 51st state bullshit again but this time said we can keep O Canada as our state anthem

What a fucking loon
Since this move hits Quebecs aluminum sector hard, I hope they get on the ontario power train and jack up their prices like Ford did.  No one is safe from these tariffs, so stop trying to appease the unappeaseable.
Ford F-150 is 100% Quebec aluminum made. Good luck to all USA Ford dealers
In 15 minutes he’s going to say he’s raising them to 250% … later this afternoon his financial advisor will say on fox that Canada is calling and promising to do better on buying cybertrucks so he’s pausing the now 350% tariffs … tomorrow he’ll do it all over again.

The guy is a malignant narcissist who just wants to be in the spotlight. There is no cogent strategy here other than collecting lots of money from tariffs that he can use to pay for $4.5 trillion tax cuts for him and his buddies.
I'm sure American can manufacturers are over-joyed.
Over to you, M. Legault
[deleted]
The ship is gonna sink. The only question is how fast and how much is the Mango Moron going to take down with it. Elbows up Canada! We cannot be annexed to that pathetic country south of us.
This guy is a terrorist
Could you imagine voting for this stupid ass. Lol
F*** it let's just go to 100% let's get it over with
how much aluminium does america produce? last time i checked it wasnt a lot, so this is an own goal if i ever saw one
Wow winning sure is costing the Americans a lot
Down, down, down goes the Dow Jones.

Keep it up, Donny. Way to drive your own economy straight into the shitter.
Welp I guess Doug is turning the lights off. Goodnight New York and Michigan.
So is it the plan for his billionaire ""friends"" to buy up all the ashes after he burns everything down to the ground?
Can't believe we're in a situation where I'm supporting Doug Ford. But fuck Trump. Go get 'em Dougie!
He is clearly trying to destabilize North America, guaranteed he is a Russian asset at this point cashing in on a owed debt.
Piplelines need a lot of steel.

Just sayin'.
The biggest threat to American national security is Donald Trump. For national security reasons, this guy needs to be removed
Unhinged.
Comrade Krasnov is saying he’s a victim now? Playing same card as putin did to justify the war with Ukraine.
[deleted]
This will for SURE fix the stock market! LMFAO!!! What a moron.
I really do believe that America's going to flinch before us in this trade war. We have a social safety net that will support workers and industries affected by the tariffs, while the US continues to slash social security and other government programs, which makes their population far more vulnerable to economic shocks. If we were to ban exports of potash and electricity alone, America would be in a full blown crisis.
Looks at watch. Realizes has done nothing yet today to tank markets. Thinks to self...its time. Types words.
Trump also says the US doesn't need Canadian energy. Why would the price matter? Don't need it, don't buy it.
- Monday: create short positions
- Tuesday: announce tariffs
- Wednesday: count profits
- Thursday: rescind tariffs
- Friday - Sunday: Golf

&lt;repeat&gt;
Whiney Trump on 25% electricity levy: “YOUR NOT EVEN ALLOWED TO DO THAT!”

Just watch us.
Lol!!!! And Mike Johnson is on TV talking about democrats ""flailing"" right now. He's a Twit.
The price of those Telsas nobody is buying just went up.
How do Americans handle all this winning...? :/
I like the electricity tax. If we could manage to put that $400,000 per day into the hands of those affected by the loss of jobs due to tariffs, it would be great.
Northern Maine is 100% wholly dependent on electricity from New Brunswick. They are not even connected to the USA grid -  approximately 58k customers

They also get the vast majority of their gas and home heating fuel from NB.

The talk down here today is should NB tariff or even cut them off entirely.

That part of Maine voted overwhelmingly for Trump btw
Good that all that new manufacturing that is going to happen in the US won’t need our steel or aluminum. Can’t wait for a fully plastic car or BBQ. Oh plastic is made from oil so not sure where he plans to get all the extra oil that will be needed for that.
Goodbye electricity. Gooooodbyeeeee
Make it 100% while you're at it.

  
Pssssst Americans - you only produce 16% of the Aluminum you need. You import 84% and 50% of that is from Canada. 

'We'll make more' - good luck with that, you would need 6 Hooverdams worth of power.

'We'll get it from Russia' - Good luck, it's the wrong grade of metal.

This is the definition of shooting yourself in the foot.
Perhaps we should add an export tax to oil as well?

The dumbest part about all of this is that I see all these comments complaining about how ""Canada wants to tax electricity, Canada wants to hurt the US, Canada wants to show Trump who is boss"" etc... What? No, we don't WANT any of that. What we want is for their great orange overlord to honor the trade agreement he himself signed and helped pen, and otherwise leave us the fuck alone. That's what we WANT.  We are simply choosing to stand up to him and do these things because of a completely pointless trade war that HE started.
Double the electricity export tax.
The way the free markets work, all US based steel and aluminum will also become 50% more expensive.
Has any nation ever repeatedly shot itself in the head quite like this
Doug should increase it to 51% surcharge hahah.

The federal government should put a 500% tariff on all Teslas and their components.

And build one big ass wall to keep out all the yanks and their weapons

FUCK YOU USA
Who pays the tariffs? His own people.

Who pays the export tax costs? His own people.


He just doubled down on hurting his own people.

He risks causing a recession and devaluation of the us dollar. All for what?"
Lindt to supply chocolate to Canada from Europe to sidestep tariff hit,https://www.reddit.com/r/canada/comments/1j3fkyo/lindt_to_supply_chocolate_to_canada_from_europe/,https://www.reuters.com/business/retail-consumer/lindt-supply-chocolate-canada-europe-sidestep-tariff-hit-2025-03-04/,"“At present 50% of the company’s chocolates in Canada came from the U.S., and the rest from Europe.
‘We are able to source 100% from Europe,’
Lechner told Reuters.”

 Nice to see
Wait, does this mean we get exclusively the good stuff!?
European chocolate is so much better than American shit anyways. Win/win
And this is exactly what we knew would happen. The US has exponentially less leverage than they seem to think they have; it isn’t 1946 anymore. The rest of the world have functional economies and largely don’t need them anymore.
We will live on wine and choclate until the Americans figure their shit out.
Thank god... I need my Lindors...
Lindt chocolate is better than American anyway
Lindt already has good chocolate, but European chocolate is always better. I'm glad that they're able to find a way to still do this without hurting anyone.
How do we make it so that they keep sourcing from Europe after the tariffs are dropped?
Even better, open a factory here!!
Lol Lindt is on it.
 Time to ditch this abominable mixture Americans call ""chocolate"".
hersheys is garbage and awful tasting anyway
This is a landmark decision, folks. Switzerland is breaking their neutrality in favour of Canada. We did it!
I’m not gonna lie, it’ll be little expensive as Europe and Canada doesn’t have a long land border like Canada and US so trade will be little expensive. But over the long run it’ll for better. Europe is your partner and we Europeans will always support you guys. Sell your goods to us and buy whatever you want from us.
Good improvement.  US chocolate is notoriously bad
Canada thanks you Lindt ❤️ 🇨🇦
It’s like in Harry Potter, we need the chocolate to recover from the Dementors
Yum! Thanks Europe! 
Good, we’ll need it
'I got you, you crazy canucks...'  - Lindt
We’re going to see a lot of this. Companies can’t afford to just close up shop and move. There’s easier ways to avoid this dumpster fire.
Thank fucking god because their 70% dark is currently my emotion chocolate.
Awesome, I for one, am excited about these new relationships that will benefit both Canada and our true friends while simultaneously punishing the U.S.
Lindt is an ally
I suspect most EU companies distribute to Canada via the US.  I have at least 3 personal experiences where I have had to buy EU product from their US place of business.  

Hoping to see more change like this.

Also, hope this results in the price of Lindt coming down a bit.
American chocolate tastes like vomit anyways
Thank god I love Lindt
Yay I love Lindt! Another victory for Canada. We can watch hockey eating Lindt! 💪🇨🇦
Lindt chocolate better than US chocolate anyways
Well fuck, the first good news I heard today 👏
European lead and cadmium (look up class action)
Would love to see lindt comes completely from Europe.  The chocolate tastes much better made in Europe...
It is better from Europe
Good. The chocolate in Europe tastes better.
One of the things that truly shocks me is how much shit we get from the USA. I don’t mean shit as in things, I mean shit as in things that are low quality and trash. You’re telling me Lindt was getting its chocolate from the USA? Isn’t Belgium like literally known worldwide for its chocolate? Even if the United States was paying YOU to take their trashy chocolate why would you consider that? It’s like Brazil importing soccer players.
Nous nous en souviendrons toujours Lindt, merci!
Great, American chocolate is low quality s\*\*t anyways.
A win for Europe and Canada!
I suspect many companies will start doing stuff like this to cut usa out of the picture entirely

trump says the best way to avoid tariffs is to start making stuff in usa

But in reality, the best way to avoid tariffs is to stop selling international products in the usa at all and find new markets
Better chocolate, real sugar.
Excellent. Gonna pick up some Lindt chocolates next time I’m at the store.
Quite literally the most superior chocolate lol American chocolate products are vile. Yay us lol
I mean, american chocolate is pretty trash, so.... good move!
Sounds like that would impact American jobs, I'm all for it. Let's make it hurt.
Even better would be to lift tariffs on finished chocolate products from places like Colombia and Ecuador.. the places where they actually grow the stuff.
Yoooooooooooo shout out to my favourite chocolatiers!!!
thanks to trump for giving us better quality chocolates.
Good.
Let’s goooooooo! While at it, bring us Lidl chain store so we can eat some delicious Milka chocolates 😋🤤"
Trump doubles down on floating Canada as 51st state amid tariff dispute,https://www.reddit.com/r/canada/comments/1igy62z/trump_doubles_down_on_floating_canada_as_51st/,https://thehill.com/homenews/administration/5123538-trump-canada-51st-state/,"When this was first announced I was like hopefully Canada will be able to change Trumps mind now with how close it has brought Canadians together I would rather make him sweat a little
&gt; “We don’t need them. As a state, it’s different. As a state it’s much different. And there are no tariffs,” Trump said. “So I’d love to see that. Some people say that would be a long shot. If people wanted to play the game right, it would be 100 percent certain that they’d become a state. But a lot of people don’t like to play the game. Because they don’t have a threshold of pain.”

The words of a complete fucking moron whose brain is barely holding on for dear life.

I swear you have to be a complete idiot to think anything that comes out of his mouth sounds valid.

""Oh we don't need you! But if you became a state then we would need you!""
Canada really lives rent free in this fuckers head eh? He can’t shut the fuck up about us.
[deleted]
[removed]
So he just wants to annex Canada, huh.

If any political pundent, politician, influencer, news anchor, person in your family, or friend told you that he was ""just joking"", do your part and make sure to value their oppinion less going forward.
Fuck Trump. I will give my life for this country and hope I live long enough to see him, and his fascist bootlickers, cowing in a bunker.
This is why he’s a sexual predator. He doesn’t know what “No” means.
There's no chance in hell that we're going to be the 51st state. This guy's just a lunatic. ""American Banks aren't allowed to do business in Canada""... Uhhh dumbass, there are 16 US Banks operating in Canada. That is from the Canadian Bankers Association.
[deleted]
Feels like just yesterday when Canadian Trump fans were pretending like these tariffs were actually about border security. How embarrassing for them.
You know what's wild?


I've recently come across parts of the Internet where Canadian far right wing citizens WANT this to happen. I'm seeing tons of comments celebrating and calling for US stateship.


Fuck those traitors. 
What the fuck he is absolutely insane.
This clown can go float in the sewers
&gt; President Trump on Monday reiterated his desire to see Canada become part of the United States as he prepared to impose steep tariffs on Canadian goods.

&gt; “What I’d like to see— Canada become our 51st state,” Trump said in the Oval Office when asked what concessions Canada could offer to stave off tariffs.
Fuck off Trump.  We're so sick and tired of your utter bullshit. 🖕
Fuck him and the morons that support him.
Trump is following Putin's playbook.
[removed]
Cancel the F-35 contract today! They were never going to deliver it anyways. Buy Saab Grippons and build them here.

Make the road to Alaska a toll road.

Put a 100% tariff on Teslas.

Keep punching Trump every time he opens his mouth.

If he believes that we don’t allow American banks here shut down the 13 that are operating in Canada. Call for a full forensic audit of them for money laundering by the American drug kingpins.



We have to call out that lying sack of shit out every time he makes up a new grievance.
Fuck him, stand your ground Justin or this bullshit will never stop.

They’re all praising him for a “win” because Mexico caved so they say….. don’t let them think the same with us.

If you don’t draw the line this wishful thinking of his and the 51st state will become a reality with troops crossing our border
Cut off the power during the Super Bowl.  Ban X unless Musk sells. Fuckem'
Hit him harder, hit em' again.

Embargo's should be on the table. Start with rare-earths and aluminium. They can be moved elsewhere or stock piled if needed. Both are in high demand all over the world.

If this escalates, potash is next. Just in time for summer.
Ford, shockingly, is the only one keeping up. Kick 'em Ontario. I'm rooting for ya. Everyone else, get on what they are doing. Then double down and refuse to buy anything from swing states.
This orange fuck is an existential threat to us.
Fuck trump, Fuck his 51st state rhetoric (especially when you know he won’t actually make Canada a state, we would be made a territory, all the obligations of a state with 0 representation) and for any Canadians that support trump, Just move to the U.S already
Guys gonna be lucky if he still has 50 states by the end of this year.
To get duel P.A.L restricted and non restricted will run about $500. My neighbour took down his Canadian flag and put up an American and a confederate flag, Canada's neighbour is threatening an armed violent invasion, I think it's time we arm ourselves.
I don't think this orange fuck knows just how important it is for us Canadians on a national level that we are strictly _not_ American. We never will be.
Puerto Rico isn't a state, and they've been in the US for r how long??

Open you eyes Canadians, we are being infiltrated by a dictator nation
REMINDER: The entire world is watching. If you've entered into an Agreement with the U.S. Government, **THEIR WORD IS WORTHLESS**. They do not negotiate in good faith. We can see they are incapable of living up to their obligations. Now is the time to revisit, reopen and reconsider your relationship with this deeply unserious nation which poses an iminent threat to your stability  due to their deeply unserious leadership.
So at 3 there’s a call and then we know what happens?
Trudeau should cancel the call and add a 15% export tax to energy. See what happens to his support when gas is $1.50 more a gallon.
Not going to happen. The US can invade all it wants, but then it will open itself to terrorism on home soil the likes of which Americans have never seen.
I'll double down on Trump floating face down in the Rideau at this point.
The world is watching; if you've got an agreement with the U.S., now is the time to revisit it -- their word, and their agreemnt is worthless. Bad faith negotiators.
I won’t wish anyone dead, but I’ll read his obituary with great pleasure.
We need to stop humouring the US and start actively preparing for armed conflict. As unlikely as it might be, by not acting that way we are giving credibility to Trump’s claims on our sovereignty. 

We need to show that we aren’t intimidated or alone, and we need to wake up the American population to the tangibility of fighting on Canadian soil for the ego of the billionaire class. This isn’t a one-time thing to obtain concessions on our part, they are positioning for war.
Fuck Trump and all his wanabe Maga's. Go ahead and change it from United States of America, to a fitting  Trumpistan. As a Canadian to you, and anyone that looks like you, ...please fuck off. Sorry, ...not sorry.

Canada First, Canada Now, Canada Always!

The True North Strong and Free!
Sorry Herr Cheeto: we are ""True North strong and FREE""
Whatever. Canada is never going to become a U.S. state. Just inflict your tariffs and let us get on with selling our resources to the rest of the world instead.
I hate this fucking guy.
""Trudeau’s likely successor, Pierre Poilievre""...

I'd hold off on that coronation.
Over my dead body!
He needs to fuck off with this shit
Would really like **not** to hear/see this being repeated. K. Thanks.
Absolutely fuck this guy. I’M SO TIRED OF THIS SHIT AND HE’S ONLY BEEN IN OFFICE FOR 2 WEEKS!!!!
The damage has been done. Even if the entire tariffs thing dies, I'm never touching a product made in the USA again as long as i can avoid it. They're a rogue terrorist state at this point.
Apparently Trump decided to pause the tariffs on Canada for 1 month as well. 

Too late. There's no going back. All my canadians, continue boycotting American products
Fuck this guy. Fuck him to hell. “ the Pain would be there’s” 

This guy is going to try and fucking attack us. He just said it. AGAIN. Hopefully this is seen before JT has his next call. Fuck Trump. He just said there is nothing to do except become a state. Fuck America."
"Trump says 25% tariffs on Mexican and Canadian imports will start Tuesday, with 'no room' for delay",https://www.reddit.com/r/canada/comments/1j2s66p/trump_says_25_tariffs_on_mexican_and_canadian/,https://apnews.com/article/trump-tariffs-mexico-canada-b19e004dddb579c373b247037e04424b,"Except those two other delays
Them Americans will be reminiscing on egg problems in no time, will be the least of their problems within a few months
 The Dow is now down 700 points. Donny is an idiot. Full stop.
His family is making a killing off of manipulating the markets. 
100% tarrifs on TESLA. Hurt his oligarchs.
This might be what we need. It's going to be painful, but we have to move away from the US. They are no longer a reliable partner.
Export tariff of 100% on Potash. They have no other supplier that can meet their needs in a reasonable time frame. We could make it 200% and they’d still have to buy from us.
Add export tariffs to energy Canada exports. There’s a reason they’re at 10%. They need them. Cut Potash exports to the US. The mid west would be crippled. There’s always been international export markets that want our resources.
I get the whole ""This is going to be good in the long run"" but I'm probably going to lose my job because of this and it sucks. (Automotive Industry)
So sick of his threats and need to show control.

He is destabilizing the entire world &amp; has no concern whatsoever.

He is literally attacking everyone who doesn’t praise him and tell him he is great.

The Dow Jones Industrial average just dropped 680 points.  Way to go Trump.
Oh look …Dow down 800 points…and we’re just getting started.  Let’s see what gutting the automotive sector does to the US economy.
He's already coming across as a complete loser so he has to have a win somewhere.

I read that America is looking to purchase our eggs. Put 100% export tarrifs on them 😂. And 100% import tarrifs on Tesla.
Where do most of the guns on Canadian streets come from?
The Ontario and BC Premiers should turn the lights off in America. Fck Trump and fck his voters.
We’re gonna build an economy, but we also need to build northern military bases. The time to protect our sovereignty.
😂 nice timing Trump. 30 minutes before the markets close. 🖕🏻
Mmw, the US is headed towards a Trump Recession in 2025.
Each thing he demanded, we provided.

There's no appeasing this dickhead and his cronies. We shouldn't bother anymore
Do it pussy
Americans think eggs are their biggest problem right now but they don't know what is coming.  A severe recession for the USA.
Let’s see what happens when gas prices in Texas go up to 5$ per gallon. Then you’ll see people rioting in the streets. Nothing gets the American people more riled up than high gas prices.
Bring it on, you orange turd 

🇨🇦 🇲🇽
His big news tomorrow is that they’re pulling out of nato mark my words
I’m sure he’ll exempt a few items that the US really needs, in order to minimize the pain to US consumers. Oil, gas, potash. We should impose an export tax of 25% on those items. Let the US feel the pain for a couple of weeks. That should be long enough to make the point.
So Trudeau agreed to spend 200M on non existent boarder problems, just for Trump to impose the tariffs anyways.

This is why you never negotiate with terrorists. The only they they respond to is equal or greater force.
Time to add Export Taxes.. 

500% on Eggs, Aluminum, Gold, Diamonds, Cobalt, Nickel, Wood, Steel..

1000% on Electricity.

Let them burn.
Wait, no this month is booked up with spray tans. Hell have to push it to next month boys.
Oh for fuck’s sake. Shit or get off the pot will you!
[deleted]
Yee, I love it.

Now, reverse tarrif on electricity, Natural gas, crude oil, pottash and maybe lumber.

Anything that the orange cheetos leaves out, put a reverse tariff on it.

Let's make sure the Americans get the pinch starting tomorrow, let them fucking fight for electricity the way they fight for eggs.

Would be fun
This didn't need to happen. The US could have chosen a reasonable person to run the country but they chose orange Jabba and his sidekick Mr crumb. F them.
What I hope this doesn’t generate is an attitude of capitulation at the top.  Rather than making concessions, I vote we de-risk, divest and diversify
So all this border bullshit was bullshit.
Maybe we can convince president Musk that tariffs are woke?
They'll probably actually happen this time since Canada just put new sanctions on Russia. Krasnov won't want to disappoint his master
Lol..... this guy loves to talk about what he's gonna do - like never shuts up about it.....  JUST SHUT UP AND BRING IT ON LOSER!! 

We are MORE THAN READY for this fight!
I'm crying cheap egg tears...
Oh America, you think food prices are high now? 80% of your potash for fertilizer comes from Canada.
Canada should just go ahead and impose it's counter tariffs on the US on Tuesday regardless of what the US does. Enough of this waiting, just cut the cord and let the Sword of Damocles fall.
American here; Donny also wants your eggs for exporting, you know what to do!  100%-300%
Dear Canada:

Just embargo the oil and potash. No “higher prices”, just shut it off. Don’t fuck around, get right to finding out.
Time to make some lemonade.
I’m ready to suffer at this point. Will be good in the long run
This is beyond stupid. If you want to be more self sufficient, I get it, do it slowly. But 25% on practically the whole democratic world at once, you’re going to destroy your economy. It makes no sense. I seriously think the more the US economy is hurt the more money Putin will funnel to him personally or something.
Bring it on Fatman and get ready for the blowback. Think you’re unpopular now? You ain’t seen nothin’
Well so much for the border being the reason for tariffs. Now it’s economics. Tomorrow it’ll be something else. So, I say we save the $1.5B we said we would spend on border security and open it up. Let the fentanyl flow like water into the USA and whatever else.
He said the tariffs will stop if production moves to the US.  Duh! So stopping fentanyl wasn’t the main reason like we all knew.
Bring it on. Prices rise in Red States tomorrow.
That’s fine. When America starts begging for eggs, we will be there to help them out, $25 an egg
If i hear well. Canada already retaliated with a 150 billion tariffs"
70% of Canadians support retaliatory tariffs on United States: poll,https://www.reddit.com/r/canada/comments/1iv2u12/70_of_canadians_support_retaliatory_tariffs_on/,https://www.thestar.com/business/70-of-canadians-support-retaliatory-tariffs-on-united-states-poll/article_89b9e30b-a950-5453-92d7-ebad6982b373.html,"Dollar for dollar.

Make pipelines an election issue.
We ship 4 million barrels a day to US and they screw us for the price.

Two pipelines east and 2 west and zero exports to US.  Once the first one east gets going will scare the shit out of them.

It’s a no brainer, will pay for itself.
I wonder what is going through the minds of the 30% because if you do not push back, if you roll over just one time Trump will be tapping you up weekly until there is nothing left but becoming the 51st state.

You have to fight this, it's not a choice.
Yes. But we should be charging export tariffs so America can eat the cost instead of us.

Potash, soft wood lumber, oil, water, electricity..ya know the things they REALLY need, and even if they buy less because it's even more expensive for them we might get lucky and still have it balance itself out. Plus there are a lot of other countries out there that also need those things. Since Trump is now on Putin's dick,he can get all of that from Russia and Canada can find other trading partners. It'll be a rough transition but it'll be worth it. No pain no gain as they used to say. 

Just the potash alone. The US imports 90% of their potash from Canada, and during covid the world found out they don't have any sort of reserves, so no potash. No food. Even if Russia didgive them potash(and what would the world be thinking and saying THEN?)Just the logistics of getting it there and the costs associated with it would really screw America. I mean we do have a few aces up our sleeves plus were all getting pretty darned ticked off. At least I am! We're damned if we do, and damned if we don't so we might as well do. Plus if we keep standing up stronger and stronger to him perhaps it'll ignite some fires under the assed of the folks that brought the world this mess. A girl can always hope.
Paywall bypass: [https://archive.ph/1CNNK](https://archive.ph/1CNNK)

In Brief:

* 70% of Canadians are **in favour of** **dollar-for-dollar retaliatory tariffs** on the United States, a new poll suggests. Nearly half of respondents to the Leger poll — 45% — said they were strongly in favour of such tariffs, while 25% said they were somewhat in favour.
* 81% of respondents said they were **worried that Trump would use economic means, including tariffs and trade sanctions, in an attempt to force Canada into a “much closer and more formal union with the United States.”**

Sébastien Dallaire, Leger’s executive vice-president for Eastern Canada, said there are **“large proportions of Canadians who are** **willing to put money where their mouth is.”** 

* 63%  said  they were buying less in stores and 62% saying they were buying less online, 52% said they were buying less through Amazon and 30% of respondents who had a trip planned to the U.S. said they had cancelled it.
The US completed its transition to a banana republic style dictatorship this week. They are now a rogue state and need to be treated accordingly.
I don't really think it's a solution, but I also know there is nothing Canada can do to stop US Tariffs. He plans to fund the US and do away with tax on the rich, so he'll need Tariff money. So Canada can't stop it. So what it the solution to this then? Sit there and take it? Do nothing?
Cut the power off. Go balls to the wall.
Target the Red states, let 'em suffer.
Won't make that much difference if we are already boycotting US goods.  It'll be a tough four years, but we can do this.
fuck that. trade embargo the orange facist
I dont care if I have to eat Canadian made mac’n’cheese for a year. Let’s route our trade around the U.S. and drop the dependence.
Seems low. 
It’s only fair to impose the same penalties. The issue is our supply chains are extremely integrated, we’ll either come out on the other side with more economic diversification or with our economy on fire. I hope it’s not the latter… 
so 30% of Canadians are morons
You don't let a bully push you around or he will never stop.
I wish more people were on board. Trump is a thug, it's shake-down, he's untrustworthy, and that goes back decades. No different than a mob offering your restaurant ""protection"", you will be beholden, and to tyhe rules will change, not in your favour.
Sadly, Canada is the canary in the coal-mine for Europe. Like it or not, we're in the front line.
I'll lose my job if we go into tariffs war and seriously I do not care. I'll never roll over for Americans. Fuck this motherfucker!
What on Earth are the other 30% thinking???
Hang on. A retaliatory tariff is a tax on ourselves. It makes purchasing US goods more expensive for Canadians. A smarter approach is targeted retaliatory tariffs on certain goods being brought into the country, ideally ones that can be sourced from other countries.
That is more than how many people voted in the last election.
Yes please.
What choice do we have? Let him get away with it once, it will happen again and again. Buckle up
We should all pitch in and buy up the billboards from YYC to Canmore for the G7, just repeated F*CK trump the whole way.
This Canadian specifically supports shutting down all border crossings and cutting off the abusive ex cold turkey.  They are sinking deeper into hell and we need to let go of anything that could pull us down with them.
I'm not going to buy Murcan, so IDC.

Mump's MAGA can get fucked.

I do like the idea that Maple MAGA will have to pay more for their Budweiser/Coors/Molson
FUCK EM BRING IT ON ! !!! -Montreal
So 30% of Canadians support being Trump's bitch.
Dollar for dollar times 3.
Hold Fast Canada.
You know I was watching the Tom hanks movie “greyhound,” it’s a ww2 naval warfare movie about an American ship protecting supply ships crossing the Atlantic. One of the ships assisting is Canadian and I’m thinking to myself “fuck trump. Why are we picking a fight with Canada? We’ve fought naval battles with them for god sakes.”
ONLY 70%? wtf are the other 30% thinking? Retaliatory tariffs are pretty much the only thing that will keep us even remotely afloat and keep any jobs here at all
A lot of Americans do too, tariff us hard so sweet potato hitler shuts his ugly ass up
Export taxes would hurt them more. They’d have to pay and the money can help support affected workers.
The only reason not to is because tariffs will hurt the US quite badly, and so doing nothing but let them see the consequences of their choices without any other factors might make it easier to make the case this was entirely stupid.

Retaliation is a perfectly reasonable response. But conservatives will try and blame any consequences on retaliatory tariffs.  The time for that is after they already facing rising prices and falling profits and people complaining about it, and then go for the tariffs on companies that have, for example, bribed trump for exemptions, businesses that don't have a large number of employees in Canada, that sort of thing. Make them realise they have hurt their own economy, and then kick them while they are down to reinforce the point. 

We can also do things like simply invalidate US pharma patents and start making the drugs here to sell around the world, if they change their mind we can destroy whatever we made.  Oil we can add export tariffs or simply leave it in the ground (which is what should happen to it long run anyway).
Go all in.  I know I’ll feel it but I’m proud to be Canadian and proud to give those assholes everything we get back.
Economically, this is so stupid.

Do nothing.

Encourage people to buy domestically.

Why tax yourselves to “show the orange man” how tough you are?

Tariffs are stupid in this context.

The tariffs he’s going to place on Canada are going to cause economic decline, why do you want to add inflation on yourselves with money that ends up in the hands of Revenue Canada?

So stupid.  Economic illiteracy.

Canada should follow the playbook Australia engaged when China dumped tariffs on us.  Ignored them, found new markets, improved internal efficiency.

They just made things more expensive for themselves and when they realized it, our exporters had found other markets and China now has to pay higher prices.
Trudeau and carney just killed an oil refinery that would convert our heavy oil into gasoline. They have no desire to build pipelines or let us sell our energy. Trudeau turned down a trillion dollar deal for our LNG from Japan. So they went down and had a chat with trump. Now they are building 2 car plants and buying their LNG, investing the money we could of had.
The financial illiteracy is mind blowing. Hopefully, some of those geniuses listen to the Macklem, at least. There is no world in which Canada can avoid a disaster at the expense of everyday people if such trade war erupts. Or as one other smart person said, you can't replace a friendly trade partner next door. Why? Because costs.
That’s it?? 70%?? And the rest think we should just let countries bully us around and take away our sovereignty??
Be careful what you wish for...
It’ll be 90% soon enough because we have to leave a little room for the Fook’n idiots
American here. Please also boycott us, especially red states, and especially travel.
In other news, 30% of Canaians have their head up their ass
Some 30% don’t want higher food and goods tax’s that tariffs bring
I believe in retaliation, but tariffs only hurt the end consumer in most cases. Why don't we raise the price of goods we export them? If he wants to put a 25% tariff of oil or lumber or pot ash or whatever, the prices of those items go up in an equal or greater value?
Canada needs to put tax on export to the US.  Start with 20% and use that to build a sovereign fund.
I’d like to ask the remaining 30%. If you don’t make them suffer in some way with retaliatory tariffs how will this ever end ? When was the last time in history where a country was attacked and did not return fire that it ended well for them ?
The over lap between right wing con voters and that 30 percent is probably a 1-1 ratio……
Some of us want to stop all trade in and out with the US, starting with potash, electricity, and O&amp;G. Tariffs are not enough.
It is far too late for anything at this point. Our economy now cannot stand on its own without the States. Maybe 20 years ago, maybe. Manufacturing is done. Tech never happened. Energy is a filthy word (everyone get off this dream of pipelines getting built, it's never going to happen). Half the people working in this country get paid by some level of government. The US will starve us out, end of story."
‘It’s about time we had genuine free trade within Canada’: Trudeau kicks off summit on tariff threat,https://www.reddit.com/r/canada/comments/1ijzpce/its_about_time_we_had_genuine_free_trade_within/,https://www.cp24.com/video/2025/02/07/its-about-time-we-had-genuine-free-trade-within-canada-trudeau-kicks-off-summit-on-tariff-threat/,"Does anyone know why we don't have free trade within Canada in the first place?
Australia does it right - free trade between their states. I would love this for Canada

My next big pro-Canada trade wish is making it easier to actually travel by train or plane within the country.
Thanks Trump. Couldn't have done it without you.!
All I want are 3 things: free trade between provinces, more trade with Europe and nukes
We are stronger together.
If we could get provincial labelling that might help. I'd buy Ontario in Ontario generally, but I'll buy Quebec or Alberta over anything USA every day of the week.
This would be a major achievement for Trudeau if he can get all the Premiers on board. 

Might be what he's ultimately remembered for despite all the missteps (e.g. immigration).

I couldn't think of a higher note to step down from.
No fucking shit. Just get it done
I like this guy! If only he’d been in power the last decade this could have happened way sooner.
I feel like many of the barriers is to keep associations or boards in a job so they keep these barriers between provinces up and more complicated than they need to be. We should have deals being done right away with the ones open to it so no time is wasted. The others that are pushing back, we need either the premier of that province or Feds whomever has the say to force it if it’s not a sustainable or reasonable reason.
[deleted]
Let’s get over ourselves, this is the moment Canadians need to have solidarity. Let’s put on our adult pants and have real conversations about supporting each other.
It's absurd that some provinces like BC, SK, MB and QC collect their own sales tax and expect out of province businesses to register with them and file regular reports even with minimal sales. All provinces should harmonize their sales tax like Ontario and the Atlantic provinces did with the federal government so that it's one GST/HST report for businesses to file. Or at the very least, raise the exemptions for out of province sellers so small businesses don't have to worry about collecting and remitting RST/QST/PST until they make $20-30K sales in those provinces. It's less admin work to sell to the USA because there's no sales tax to collect.
There are many things that should be harmonized nationally such as building codes and red seals.
I remember being an apprentice plumber and a journeyman said to me this type of copper cannot be used in water installs in BC but fine for Alberta.
I also worked in appliance repair in BC.I needed a provincial gas ticket,guys from Alberta expected to be able to work on gas with their red seal as they could in AB.
We need to be one country with one set of standards and one set of taxes would be amazing.
You should look into the shit show of protections Ontario wine regions have. For no reason other than to protect ""the industry"" which really just means letting them set the price.

You couldn't just start a vineyard, unless you also produce like 60% other fruit wines (which nobody will buy). These rules are meant to be extremely prohibitive to any competition.

It's VERY anti competitive and the shittiest form of capitalism there is. I guess I should say ONE OF the shittiest. We are in the era of what shitty capitalism can really mean.
Apes (Canadians) together strong
Has anyone seen a list of who the attendees of this summit are? If it’s a really good cross section of business and political leaders from across the country representing our major industries, regions and the entire political spectrum, then good on Trudeau for organizing, I’m impressed.

If it’s just a bunch of Liberals engaging in the kinds of discussions Liberals always have, then this is nothing more than a giant PR and optics exercise unlikely to achieve anything.

I’m hopeful for the former, but given Trudeau’s track record I think the latter is much more likely.
never let a crisis go to waste
This is absurd. How wasn’t this already a thing?
[deleted]
Man, I’m ALL FOR THIS!

It’s about time
How is this not a thing already!?
This aged well:


https://financialpost.com/commodities/energy/oil-gas/trudeau-douses-excitement-over-east-coast-gas-exports-calling-business-case-weak
Yes. The provinces need to get off their asses. God forbid I want to bring a bottle of wine or case of beer across provincial lines!
What a great idea I wonder why he hasn’t done this for the last 9 years???
Perhaps he hadn’t heard the conservatives say it yet. Can’t steal ideas you haven’t heard yet
No shit. Too bad it took an existential threat to get a serious conversation about it. Make it happen, now.
Lmao, at this point now he's just like ""Yes, Pierre, I will directly yank line for line something you said last week about tariffs"".
So just a question. You’ve had over 9 years to do this, why now suddenly?
Holy shit. Why the fuck does it take a trump presidency for our government to actually do something that benefits us

This policy had been on the PPC party platform for at least 2 years in case your wondering which party should ACTUALLY be running the country
Talk to Quebec about that.
Talk to Quebec about dairy and we can go from there.  If they aren't budging, then no other province will budge on anything else either.
They finally on board with pipelines coming out of Alberta?

  
Show me that nationalism/unified Canada that Reddit keeps talking about.
About time? Fuck, you're decades late with this. Get these interprovincial barriers down yesterday!
Supply management is and will always be the roadblock this is simply political propaganda and window dressing
Is it happening or not? What's the timeline
why does it take an issue for Canada to finally act? so frustrating
Wild if it happens 0\_0
Make things more integrated and reward intellectuals and tech types to move north if they don't want to teach the AI to be Jesus-loving racist conquerors.
Provinces that impose tariffs or barriers to interprovincial trade should not be eligible for equalization payments, or at the very least those payments should be reduced.
This guy has been sleeping for 9 years doing nothing substantial and now he is having all these realizations.
While our Government MP’s will receive another pay raise on April 1st the fools will once again be us as yet another carbon tax increase happens. It will bring the total amount of carbon tax we pay per litre to almost 21 cents. Diesel will be 25.40 cents per litre. Imagine thinking it’s ok to punish your citizens to drive to work where over 40 cents of every dollar you earn goes to them as well. Who are the people that continue to support these Politicians?
What’s with trudeau making sensible moves after the whole prorogue thing, but was the worst for the previous 8 years. Better late than never I guess.
JT trying to have a legacy other than unlimited and unregulated immigration.
Those barriers are as old as Canada. They started out as local protectionism by local governors and were kept by politicians.

 Quebec politicians were the ones who made barriers famous even before WW1 by barring Ontario businesses from expanding there. Ontario retaliated by barring Quebec (or rather Montreal) businesses from  expanding into Ontario. That was supposed to change during WW2 because of war manufacturing but I doubt anyone knows if that took place .

 Maritime provinces are essentially fiefdom and playground of few families since God knows how long. Manitoba and Saskatchewan were farming provinces from day one and things set between wars stayed the same since. Things got worse during both wars as Ottawa meddled in local markets by imposing supply management system. I think that one was finally closed by Harper gov but I'm not sure.
Finally! Bring on the competition. This is what has been lacking and will help spur small business ingenuity and entrepreneurialism! LET’S GO!
Amazing. He think of that one himself?

Edit: Just came back to talk about how all this America tariff excitement has ALMOST made me forget about what our current government has done to Canada and how they’re trying to distract from things like the SDTC green billion dollar slush fund, freezing of parliament because they wouldn’t provide unredacted documents to the house, Arrivecan, SNC Lavalin, WE charity, double national deficit(the “investments” probably should have paid off by now), mass immigration(Carney loves century initiative so watch out for that nightmare), I could list more but it’s on Wikipedia, nobody has to dive very deep to find out who’s been messing things up.
Why does it seem like Trudeau has done more in the last month than the last 10 years.
LOL, thats what Poilievre has been saying  !!!
This should’ve been a conversation ages ago. Especially given we’ve been having a cost of living crisis for how long
Yeah, turn off HST."
"Trump is starting a trade war. If he wants to absorb Canada, what comes next will be worse; Experts say annexing by 'economic force' involves more than just tariffs",https://www.reddit.com/r/canada/comments/1ifgjc4/trump_is_starting_a_trade_war_if_he_wants_to/,https://www.cbc.ca/news/politics/trump-trade-war-vs-economic-war-1.7447927,"What a weird world.

The only time NATO article 5 has been invoked was by the US after 9/11 in which Canada came to our allies aid along with every other member nation. 

Now we are staring down the timeline of only for the second time a country invokes NATO article 5 and it will be against the US by most likely Canada or Denmark.

This is quite literally Putin/Xi’s wet dream.
He flat out said that if we want to stop the tariffs and eliminate the trade deficit we have to join them. This is to be taken literally. This is the first step. He’s like a cartoon. He tells you the plan. We must become more independent of them. Tough times may be ahead. 
This act effectively ends all alliances the US has.  The US cannot be trusted to uphold agreements and there is no way they could be counted on to defend NATO.

No matter what they do to Canada, this is a heavy price to pay.
Time to make other alliances and agreements.  Time to de-couple everything from the USA.  

A lot of people want to willfully ignore the existential threat that Trump, his Robber Barons, and the MAGA-ites represent for Canada.

The threat is real and the wolf is literally at the door.
This is a hostile act from a foreign actor. It's only a matter of time until NORAD and our other bilateral security agreements break down.

They want an Anschluss - don't give it to them.
If the US and Trump don't want to honour an agreement (USMCA aka. NAFTA v2) that Trump himself negotiated and signed with us we should not honour contracts we signed with them. I propose that we start pirating US made movies, music, TV, software, and games. If you are already doing that, great! teach someone else that do not know how to. But make sure that you are only doing this for US products.
🖕America and the MAGA pieces of shit
Over my dead body and I suspect a lot of others dead bodies would Canada become part of the USA. 

We need to massively increase and spend on our armed forces and make sure we are not buying American. We need to make it clear we are not going to be taken over under any circumstances.
""Is it economic warfare? My answer to that is: not yet. But that's not to say it can't get there.""

Yes it is. It may just be the start but this isn't some trade dispute. He has no demands and his goal is to hurt the Canadian economy plane and simple. People need to open their eyes and stop ignoring his imperialist goals like it's not happening. It's happening.

Boycott American goods. We don't need the government to enforce it we can do it ourselves.

I have long believed that a person can only have as much power as people are willing to give them. He has no power over me, I will give him none.
We will never be a fucking state. I hope the rest of the world is ready to fight this asshole with us because if he comes for fucking Canada he is going to be coming for them next.
we should cancel the f-35 and order other jets, like the rafale, anyway they cost less
While Trump destroys his country slowly and pisses off his allies, China quiet waits in the wings for the time to strike and become the primary global superpower. I’m afraid it’s already in motion. 

And as a Canadian, all we can do is resist the power struggle and try to remain firm.
Having a buffer state that is friendly has always been best for security. What a moron.
Time to divest ourselves from the US, improve the military while we can, and look at acquiring nuclear weapons. We don't want to be Ukraine to the American Russia.
Americans “controlled” and manipulated the system so china wouldn’t get the powerful semiconductors they needed YET they were able to create a better and massively cheaper program.  Canada can’t over react rather use this opportunity (and I do mean opportunity) to get oil and gas flowing in THIS country to ports so we can move it to places that need it just as badly.  Europe  needs it, let’s get people to work in this country (as the recession is coming) and work our way out of this temporary problem.  Can’t believe I’m advocating for oil and gas… congratulations irony… you win…
I’m not joining the US under “economic force”. It’s going to get a lot uglier than that.
I’m afraid this twat will threaten us with military action next. It’s only a matter of time.
By saying they’ll increase tariffs if Canada retaliates, they’re making a tacit admission that Canadian tariffs will harm the US.
We all should write to our MPs to ask for them to negotiate and sign commercial treaties with literally any other country and BREAK interprovincial barriers. And as a Quebecois, it's time we let the pipeline pass. It's in our collective interest and the argument that we can just send it to the biggest market in the world without passing in QC just doesn't work anymore.
lol and people thought he was just trolling when he was talking about Canada becoming a state. This guy is dead serious and he's hella mean mugging. 

https://en.wikipedia.org/wiki/Donald_Trump#/media/File:TrumpPortrait.jpg
Trump is a fucking moron who can’t seem to grasp the simple concept of economics and how this benefits no one. What a prick and I pray for his downfall everyday.
Maybe Canada needs to designate Trump and his whole crew as a terrorist group..
More and more is making him look like a Russian puppet.

All of this is destabilizing western economies.... even the US.

I am curious if 40/50 years from now he will be viewed as todays Benedict Arnold.
How is the government not reconvening for this? I don’t think it can overstated how fucked this is. There must be talks of decoupling from the U.S and expanding trade partners and making new deals right?
Maybe we should build up our military again instead of being pussies and relying on our neighbours. At some point we all have to recognize that the US is no longer the friend and ally we once had.
What I can’t get over is why the American people would vote somebody in with zero integrity, who is stupid, who is a liar, who is a convicted criminal and rapist. Can’t stand this brain dead asshole Trump.
[removed]
We need nukes, countries with Nukes don't get invaded.
Wretched Americans voted for this. The traitors have stabbed us in the back and want to punish us for falsified, nonsensical reasons but their own characteristic vulgarity. Never forget they did this, they are our enemies and should be treated as such forever from this day.
Time for Canada to increase its NATO spending… by buying nukes. 
VIET CAN, BABY
If it came to a full war, wonder how many Americans (civilians &amp; soldiers) would push back.
We should all just be saving our money. Consume less, hold down.
I will not be blackmailed by some ineffectual, privileged, effete, soft-penised, debutante. You want to start a street fight with me bring it on but you’re gonna be surprised by how ugly it gets, you don’t even know my real name- I’m the fucking lizard king.

- Canada
Canada needs nukes, yesterday.
Let's become a nuclear power pronto.
Once again, Canada needs nukes. Not expensive ICBMs, just little ones that go in backpacks. That's how seriously we should take this BS from TFG.
Don't attend games and concerts with American teams or performers. Turn your back or refuse to stand up if the anthem plays. Don't cross the border for games or concerts or shopping. They voted for this.
It’s interesting times thats for sure. We will either become more united and patriotic and stand against tariffs and annexation talk and talk steps to block economic warfare and reinvigorate our sense of identity. 

OR …..

we will see cascading negative effects from our already fragmented society. A large part of what made us Canada was the combination of former British colony with a french step brother kinda vibe and together we straddled not quite being American but also not quite being British or French. Demographically though we have been changing..a lot. Between extremely high levels of immigration in recent years from countries that are not as culturally aligned as an anglosphere country …well those people who are here as first generation Canadians or immigrated themselves and came from places like India or Pakistan or Philippines etc …they are going to be far less invested in what little Canadian identity culture we still have.  There is a fundamental difference between our population coming from roughly European people, largely UK British and having a lot in common….vs much more radically different cultures. Its not always something people are comfortable saying without sounding racist but its not like we are taking in millions of Australians or New Zealanders or Brits or Dutch or Ukrainians anymore…those countries dont have people leaving to look for new places to live in the numbers they did in the late 19th century. 

Meanwhile the crazy right wing albertans and daniel smith types will keep talking separation and being sympathetic to maga America. And Quebec is always one or 2 steps away from seriously looking at separation themselves. Add in the people who actively want to get rid of the monarchy and the large number of people who are indifferent to if it continues or not. Then our collective shame for treatment of First Nations peoples. 

And then add in the reality of social media making us arguably even more indistinguishable from Americans.

Also Economically as we are seeing…we have all our eggs in the American basket….we can’t replace american customers with cobbling together other far flung much smaller markets. 

So while annexation is not going to happen in Trumps 2nd term….if the next  President is also a MAGA republican who continues the tarrifs against us…well ya its going to be hard to prevent it from happening over the next decade or 2. It wont happen from military invasion and it wont happen from tarrifs alone. But if they keep up economic warfare and it they use disinformation campaigns (like have been used against them)…they can stoke our internal divisions to the point of Constitutional crisis and break up of Canada and America picking up some or all of the pieces. 

It sounds like fantasy sci fi ….but its moving out of that category and into the possibility category over next generation or less.
Economic terrorism
The best counter to manifest destiny? Nuclear deterrence. Canada should really consider it's own arsenal if there is even a realistic chance of MAGA USA militarily annexing us. Every country with nukes still exists despite having enemies.
If anyone on Cheeto Man's cabinet can read beyond a Where's Waldo level, should point out that Canadian's when provoked go from nice and polite to bat shit crazy.
Canada will never willingly join the US
Over my dead body 
Time for major change. Fight back hard and recreate our Economy that does not rely on USA.

Stop all oil and gas. Time to fight for our freedoms.
We need nuclear weapons immediately. We had them and shouldn’t have given them up. Delivery mechanisms are irrelevant when there’s a 4000km unguarded border between US and Canada.
Write to, email, call etc your MPs. Demand they increase mitary spending dramatically, and ease the inefficiencies of procurement. Let them know you're okay with a couple percent higher taxes to do it. 

The one thing Trump is right about is that we have for too long relied on the US to defend us. We can no longer be sure they will, and we can't even be sure they aren't a threat.

We need a dramatically stronger military. Not because we have any hopez regardless of how much we spend, on stopping an invasion. But because we have far more leverage if they think an invasion would cost thousands of American lives and take at least weeks. As it stands, they could destroy our ability to resist in hours. It'd be a fait accompli. It'd be done before internal opposition in the US population, legislature, and military, or international reaction could stop it. At this point they have the option to ask for forgiveness instead of permission (from their people, the courts, the military, the international community, etc). We need to take that option away. It doesn't guarantee success, but it does guarantee hope and improve our leverage before it could even come to that.

Strengthen our military.
Fuck Trump and his expansionist wet dreams. Not happening.
If someone woke from a 12 year coma they’d never believe you this total nutjob is in office. Trump is cracked man.
Well at least he's uniting Canadians together!"
"Trump tariffs on Canada, Mexico and China begin Saturday, White House says",https://www.reddit.com/r/canada/comments/1ielu8e/trump_tariffs_on_canada_mexico_and_china_begin/,https://www.cnbc.com/2025/01/31/trump-tariffs-on-canada-mexico-and-china-begin-saturday-white-house-says.html,"Something about that Reuters report did sound too reasonable to have actually come from Trump.
Nothing unites Canadians like;  a hockey game,  The Tragically Hip and a good old fashioned trade war.   

Fuck you,  buddy.
Oh yeah, the whopping 43 pounds of fentanyl that U.S. Border Control caught entering the U.S. from Canada in 2023. Most of which was thought to be **slippage** (people with prescriptions who forgot they had it on them) and not smuggling.

As compared to the 19,000 pounds caught entering the U.S. from Mexico.

This is all a lie. He’s ruining our economic relationship over a lie.
Time to make US medical patents null and start pumping out generics
&gt;in retaliation for “the illegal fentanyl that they have sourced and allowed to distribute into our country.”

Is the US not the ones responsible for letting the fentanyl past their own borders?
It wouldn’t have mattered what happens in terms of border security. This is all about a man with a vendetta
Absolute lunatics running the White House
I guess we’ll see later today. It’s like the funding freeze memo. One says “rescinded”, then the press secretary says “no it’s not. Don’t believe the memo”

They don’t even know what’s true and what’s not. Seems like everything depends on Trumps mood after a fart.
Didn't they just said March 1st?

Did he change his mind again or is this just old news?
Fuck Donald Trump and every American who voted for him. They’re no friends or allies of ours.
The part I don’t get is how it’s our responsibility to protect the US border - wouldn’t that be their responsibility to stop things crossing into the US &amp; ours to stop things coming into Canada?

All we ever see is the people walking US -&gt; Canada, don’t hear much about people going Canada -&gt; US
Snip snap, snip snap!
Really hope Canada doesn't chicken out and not retaliate. 


If we don't slap the same amount on energy and everything else ...
Let the games begin. Shut the lights on the East coast.
This is so confusing
Canadians in support of Trump are traitors.
i hope we retaliate with full force back
Time to cancel my Amazon account, for starters.
I just hope i have job next week!

Thanks America!
Alright then, **bring it on** I guess.

**Godspeed everyone**, this is gonna be tough, but we won’t bow down without fighting back 🇨🇦!

We’ve shown good faith in this negotiation, even if we didn’t deserve any of this in the first place, but all the border security bs was just pretext.

I’ll **never** see Americans as our brothers again; they chose this.
Blah blah blah. sick of hearing about this shit.
Trump is a fucking idiot. Good luck to the Californians having to rebuild homes with tarrifs on lumber etc.
Translation - Trump issues act of war on Canadians.

This is going to be painful for Canadians but we must strike back with everything we've got. Cut their oil and hydro off
Anyone ever been in a relationship with an abuser??? I have and know many others who have. They do two things in the beginning; they make you feel like you’re something special and they start to isolate you from your friends, family, etc. Trump is an abuser to the core. We need help here in the US but I don’t really know what that means. I think maga needs to be badly hurt so they start to realize they’ve been duped.
I'm fairly certain more fentanyl comes INTO Canada from the States than the other way around... Also guns.
Americans don’t know that their own border patrol is responsible for controlling entry into their country and vice versa. They’ve been raised on decades of media showing Americans getting stopped by mounties upon coming back over the US border. 
They’re #1. They can’t be failing at something. Everyone else is clearly failing them, no matter who is factually responsible. An entitled rich brat will always get his way in the end.
Send the cobra chickens.  

And more snow to Florida.  

(Humour is all I’ve got left, this stupidity is so exhausting…)
We need to stop sending our oil to their refineries and build our own refineries to employ Canadians
Officialy. It's war. 25% Canada. 25% Mexico. 10% China. When? Tomorrow. Feb 1. god help us all..
Fuck Trump and fuck the US, I have no respect for this country and their dumb president.
Turn off their power at midnight and then sit back, grab popcorn, and watch the looting begin instantly.
I've seen Saturday, I've seen March 1st, I've seen Monday. This admin has no clue what they are doing.
25% export taxes on Oil, Potash and Hydro starting tomorrow

Let's see how they like it
Ok, let's slap export taxes on oil, gas and electricity.
This press secretary is a work of art.  Lol. Ok sure Karoline Levitt. What a clown. 

She thinks she is Trump Jr.

She said along the lines....""Canada should be careful before mentioning retaliation?""

Ok bud.  We will just take it then..


What about the all the guns and cocaine that flows north?

Someone should ask her point blank... see how she scrambles.
They're trying to avoid putting the tariffs on.  All kinds of leaks and rumours saying different things mean they aren't confident with what they're doing.
Insanity. Still can't believe I am being shocked by how moronic this man can be. I think it's time to face the music: the idiots have taken over down south and we are all going to suffer the consequences. 

I don't think I will trust America again for the foreseeable future. It's not just the government; it's the cultist morons who keep voting for this clown. Only thing to do now is to work together as a country to figure out our best path forward without the Americans. We need stability and predictability, and America can't keep itself straight.
The Dow Jones Industrial Average on the NYSE has dropped 300 points in the past hour.
The thing that is interesting here is that if Canada applies retaliatory tarrifs, our government will collect a ton of new funds.


Never waste a good crisis,  we can use the money to diversify trade, build east-west infrastructure,  energy infrastructure, build our internal manufacturing etc.
Canada should retaliate by shipping more fentanyl there.
If the US wants to wage economic warfare on us, they’ll find we’re a lot smarter. Last I checked, they buy a lot of power from us and the Welland Canal and St Lawrence Seaway pass through our land…
I love how all over the place this is, Jesus Christ people in the US voted for this.
Food for thought here, living in Alberta and I remember during covid crossing into the states to go skiing at Big Sky. Crossing the border into the states, the US border security did not give a fuck about us. “Oh you Canadian? Where your passports?” Didn’t even look, and waved us through.

Crossing from US into Canada, even though I’m a citizen, car got checked, 1.5 hours in a line. Big hassle.

So it’s very anecdotal for sure, but I’ve seen one part of the border, on a specific day, and it sure as hell was night and day between the two countries.
“The president will be implementing, tomorrow, a 25 percent tariffs on Mexico, 25 percent tariffs on Canada and a 10 percent tariff on China for the illegal fentanyl that they have sourced and allowed to distribute into our country which has killed **tens of millions** of Americans,” White House Press Secretary Karoline Leavitt said during her Friday briefing. Source: [White House stresses 25% tariffs start tomorrow on Mexico and Canada despite reports | The Independent](https://www.independent.co.uk/news/world/americas/us-politics/trump-tariffs-mexico-canada-b2690086.html)

The actual number is closer to 70k per year. Source: [https://www.getsmartaboutdrugs.gov/media/dea-administrator-record-fentanyl-overdose-deaths](https://www.getsmartaboutdrugs.gov/media/dea-administrator-record-fentanyl-overdose-deaths)

He's dramatically overinflating the fentanyl crisis to declare an emergency, break the CUSMA treaty he negotiated and force concessions from Canada.
Bring it on 🖕🏻🇺🇸
I hope when we are all suffering, we remember that Trump alone caused these problems, and not our Federal government. 

Please try to remember that when US-owned media companies are trying to put the blame on the Liberal party for our economic downturn this year. All they want is to put a friendly government in place that sells us out.
Trumps office has more leaks the a Russian sub
Whatever, I’m sick to death of this lingering threat. If Americans want to shit all over their allies, so be it. It can be a lonely world.
How do people think this man is not self-sabotaging this country at this point? Everything he's been doing has only been benefiting his cronies and his handler in Moscow. Not a single thing for normal everyday people and allied nations..
Time to fight
Correction:  trump tariffs on American consumers starts tomorrow."
"U.S. will lose jobs no matter how high tariffs on Canadian steel and aluminum get, Trudeau says",https://www.reddit.com/r/canada/comments/1invtcb/us_will_lose_jobs_no_matter_how_high_tariffs_on/,https://www.theglobeandmail.com/canada/article-trudeau-stacked-trump-tariffs-aluminum-steel/?utm_medium=Referrer:+Social+Network+/+Media&amp;utm_campaign=Shared+Web+Article+Links,"America imports over half of their aluminum, and an aluminum foundry isn't something you can just magic into existence overnight. American companies have no choice but to keep importing it, and will just raise prices because of it.

I hope Americans are ready for the massive inflation on cars, appliances, soft drinks, beer, and construction materials that Trump is about to cause.
The US will lose big time the way Trump is alienating virtually every trading ally.

The multiple resources and products The US needs just for the country to function will dwindle and his once loyal supporters will start to wonder what happened. Multiple nations will for new trading alliances while leaving America out in the cold. Why would they even try to negotiate with Trump when his word and signature are worthless?
The higher the tariffs, the more US jobs will be lost because of increased costs for steel and aluminum. That’s not just theoretical; it happened the last time he tried this. 1000 jobs gained in the steel industry; 75,000 jobs lost at companies that use steel.
EU is already displaying interest in our aluminum and critical metals.  Eff the US and let's sell to the rest of the world.
Trump knows this, cruelty is the point. He's already started blaming the inflation he's stoking on Biden.
[deleted]
They'll never, NEVER be able to produce aluminum as cheap as Quebec's because it takes a shit load of energy and Quebec has the cheapest energy by far.
These tariffs just hurt every party involved. I don't understand why American businesses involved in the manufacturing sector aren't able to talk sense into the administration. This is going to cost them money and cost American's jobs. It's totally insane.
The EU is putting tarrifs on the US, Canada is, Mexico will, China has. Yes...this will effect the global economy in a bad way. When things were starting to sort of rebound a bit. Slow clap mango monkey. Slow clap.
It would be one thing if this was the only tariff, and Trump planned it from the start.

But what are US businesses to do? 

Trump's tariffs change like the wind. If a business in the US ramps up to build the facilities to do it themselves Trump could just remove the tariff all together 6 months down the road and they would be instantly outpriced by our Aluminium again.

I mean world found out about this on TV lol!

Basically Trump is way too chaotic, unplanned and all over the place to get the upside of the tariffs spurring local production of ANYTHING.

I honestly think this behaviour will be far more damaging to the US then what their economists are even saying because of the chaos - they will get the downside of a tariff and blunt the upside!!

Like what local production ot aluminium will be spurred when the tariff could be removed with a bribe or on a whim?
Aside from the stupidity of tariffs, the years it will take to build smelters, the question of where to get cheap energy to power them and finding someone stupid enough to invest billions into a capital project that could be rendered non-profitable at the stroke of a pen, is the fact that the US only produces 18% of the primary aluminum it uses, and imports all of the rest. 

You can't build a place, a car, tools or whatever with recycled beer cans.
Trump doesn't know history.  He's so ignorant. The US did the same thing back in 1930 with the Smoot-Hawley tariffs when it imposed significant tariffs on the world. Naturally everyone retaliated. The end result was that the US worsened the effects of The Great Depression. Both parties suffered unneccessarily.  Canada diversified its trade following the tariffs by expanding trade with Commonwealth countries and ended up with lower unemployment than the US.  Interestingly, the US also expelled around 1 million Mexican Americans, many of them born in the US, during this time period, blaming them for the economy. Sound familiar. President Hoover was soundly defeated in the next election.
Americans, you need to quit blaming this on Trump. At this point America and Trump mean the same thing to the rest of us around the world. We have an America problem not a Trump problem
Trumps plan to bring back manufacturing to the USA will not work. 

First off, they can not compete with other countries' wages.

Secondly, it takes a lot of money and time to build plants, and no one is going to invest in something where the circumstances could change overnight politically where the tariffs are suddenly dropped. 

The millionaires sold people's jobs and dreams decades ago, and now they want to all be billionaires. 

Trumps plan is doomed for failure.

Because it's stupid thinking.
I can't wait to see his MAGA cult turn on him and his approval rate go down when their day to day living costs skyrocket.
Canadas aluminum costs half the price of Indian aluminum, thats according to my napkin math
Trump recession happening soon.
I stand with Canada 🇨🇦
The U.S. will gain a few jobs in one or two areas but lose them in others. Those new jobs will also come with a very hefty price tag attached. It would be cheaper for the U.S. to just pick 20 random people and give them $500,000 each. 

That's the issue though isn't it. This isn't about jobs or even national security. Trump wants to pick the pockets of his own citizens and tariffs are his way to avoid calling it a tax. Canada is just along for the ride.
Americans love their can beer made from aluminum.
Actually I would say US will lose jobs because of the stupid tariff.
Now is never a better time to buy Canadian! Here's a list of on trend, high quality, just pure awesome CANADIAN companies which I love.

* **Baby Gear**
* \--Clek [https://clekinc.ca/](https://clekinc.ca/)
* \--Quark Baby [https://quarkbaby.com/](https://quarkbaby.com/)
* **Food:**
* \--Mid Day Squares [https://www.middaysquares.com/](https://www.middaysquares.com/)
* \--GoBio [https://gobiofood.com/](https://gobiofood.com/)
* **Retail/D2C**
* \--Monos [https://monos.com/](https://monos.com/)
* \--Vessi [https://ca.vessi.com/](https://ca.vessi.com/)
* **Clothing**
* \--Aritzia [https://www.aritzia.com/en/home](https://www.aritzia.com/en/home)
* \--Lululemon [https://shop.lululemon.com/](https://shop.lululemon.com/)
Good. I’m so tired of hearing how much it’s going to suck here. I get it. It’s going to be awful but let’s focus on how bad it’s going to be for Americans for a few mins. It’s a great reprieve.
Then Trump will blame Canada for those job loses.
Do US have the materials to make aluminum and steel?
US production can follow demand and they put tariff on their exportation...

Even if they did build the neccesary refinery and could find more raw material, the production cost would be way higher for thr US (Canadian Dollar vs US dollar).
Putins grand plan and he didn't even have to fire one bullet. He's got his man in the White House let the destruction begin.
What is happening is extremely scary. I think a lot of Canadians do not understand the impacts tariffs will have on the Canadian economy. In the short term the job losses here will be tremendous and the economy is going to be severely impacted. Although the US will have job losses as a result, the pain here will be much more dramatic.
Stuff will get expensive and people will lose jobs. Companies would rather close up shop and let people go then rehire later when the tariffs inevitably come off and the economy restarts. They're not going to invest in new factories/plants.
Man, those dicks are trying to attract our aluminum mills to work in their country! They want our companies to move there!
Its gotta be big job looking after 2 countries wellbeing 
And? They're getting what they voted for.
Americans need to import steel and aluminum from some country, if they didn't they would have been producing their own steel and aluminum.  Tariffs on a commodity that you have to import hurts the US economy more than the exporting countries.
I went to beer store I usually drink a few American beers in there, not today fuckos or any day.
Actually, they'll lose jobs faster the higher the tariffs get.
When raw inputs and intermediate goods are tariffed manufacturing moves out of the tariffing country closer to the inputs so only the finished good crosses the border and is exposed to the tariff once. 

Last time more finished steel products ended up being made in Canada (apparently; I’d love to get hard data on this if anyone has it). 

It’s possible we can use the American idiocy against themselves by brining more manufacturing to Canada as a free trading nation on the continent. Mexico could do similarly.

40 million US jobs depend on imports so if the tariffs keep escalating it could end with the midterms. 
Trump supporters need to suffer, to be ruined and lose everything before they will admit that their hero is a fraud, liar and cheat ,and that business is not there to help them but to use them up.. No amount of tax cuts will benefit average americans, they are going to  lose everything of the life they had ,struggle to afford to live and probably watch family and friends die. Sadly , there is no other  way they will understand that they were never part of trump's plan for greatness just the dirt under the feet of the winners.
And Musk has endorsed PP Conservatives. Wonder what he wants 🇨🇦
so let's drop all the tariffs we levy worldwide to gain jobs.
A lot of what Canadians import from the States are luxuries, but the majority of what the States imports from Canada are necessities. 

Canadians can live without Air Jordans and Orange Juice, but Americans need oil, electricity, lumber, minerals…

As this escalates, this will hurt Americans way more than they anticipate.
A bunch of industries are about to pull a reversal come the mid term. I’m still waiting on that damn injunction as I really had a lot of faith in our democratic congressional members and they’re really letting me down.
Most definitely a crayon, and a flavoured one at that.
Hope we start selling to other countries asap."
"Trump won't impose tariffs on Canada, other countries right away: reports | CBC News",https://www.reddit.com/r/canada/comments/1i5so02/trump_wont_impose_tariffs_on_canada_other/,https://www.cbc.ca/news/politics/trump-tariffs-canada-first-day-1.7435957,"Are you saying I converted my life savings into Trump coin for nothing?
Better start diversifying trade right now though.
What a great way to promote your inauguration though: economically threaten your allies so that you’ll be constantly in their news to make you feel important about your new job as president.
So the only way he can impose these tariffs (without Congress' permission) is to declare Canada a security threat.  But if he's not imposing them right away then we're obviously not a security threat.  This sounds like 1D chess to me.
I can only wonder how they managed to finally get it through to him that this was a bad idea.  Sock puppets, perhaps.
Good lord, folks are celebrating way too soon. Highly doubt this is over.
Disappointed the headline doesn't read ""TRUMP BACKS DOWN""
Waiting for ""DJT saves canada from incoming tariffs from Biden era"" news headlines
Doesn't matter, doesn't change anything. The fact of the matter is, he's showed his hand and it doesn't look good for us. So I'm still going to avoid buying American made as much as possible while actively looking or Canadian alternatives. I know tons more people that will be doing the same.
A Trumper I play Cod with, super nice guy, and he doesn't talk politics often so I deal with it, has been saying he won't impose the harsh tariffs he's been talking about.

He says Trump is all about ""The Art Of The Deal"" and that he basically just says extreme things he is going to do but doesn't actually intended to do, so when he actually does something and it's not as extreme he gets what he actually wants, and I'm kindof thinking he may have been right. 

He drums up a bunch of fear and controversy and gets everyone scrambling over tariffs and counter tariffs, then pulls the rug and does something no one expected or impose tariffs but not to the degree he made it out to be so it seems more acceptable.
It’s kind of funny how quickly my buying choices changed over the last few weeks.  When I use to buy, I was in the “We” category, buying a USA product was almost the same as buying Canadian, now it’s anywhere but the USA.  I just bought a washer and dryer from Japan instead of Nebraska
We could pitch paying for his Macdonalds for the rest of his life as a way to close the trade gap.
The executive full of shit shows again how he’s full of shit.

Thanks.
Well, I imagine we will take this as the new status quo and do absolutely nothing to diversify exports for critical minerals, oil and gas and other critical industries until it happens again in 2 years for the midterms.
Hes the jerry springer of presidents
Wait a minute. Didn’t he say “on day one”? Or was it “one day”?  🤔
[deleted]
Huge pussy
Trump 1st term : 30,000+ lies

Trump 2nd term : 1
Not right away. Just 10 days from now.
How right away are we talking? Imo we’re essentially living next to a schizophrenic and what is said one day can’t be taken as more than the whims of the moment.
Don't care, the relationship has been properly damaged and we should be keeping Americans at arm's reach going forward.

We should divest from the American trade as fast and efficiently as we can, they are no longer our brothers and sisters. They are robber barons with mental deficiencies.
No thanks to Danielle Smith. Good job to the rest of the Premiers and… can’t believe I’m saying this, the Prime Minister
We should not relax if this is true. We need to diversify still
Do not think for a minute that Trump and his merry band of robber barons do not represent anything but an existential threat to Canada due to our natural resources and geographical location.  

This is all negotiating tactics and we need to be hyper vigilant and diversify our trading network with other nations now.  Our reliance on the USA as our majority trading partner makes us strategically vulnerable to being abused and exploited by them. 

The USA is not our ally, it is not our friend (doubly so now with Trump and his band of thieves in power).  It has had strategic interests and economic priorities that have aligned with ours.  We have had mutually beneficial and aligned goals and priorities, as long as such serves the interests of the USA.  This new administration south of the 49th is all about itself and enriching the robber barons.  

“If I owe the bank $10,000, I am in trouble.  If I owe the bank 10,000,000, the bank is in trouble.”  

We are the bank with a trade imbalance that is a strategic concern for the USA’s new administration.  Couple that with our incoherence on defence and our perceived weaknesses on foreign policy (and immigration), and we are vulnerable …

We need to start to elect politicians who hold sacred the responsibility of Canada and its citizens being safe and secure as the government’s number one priority;  everything else is subordinate …

Okay, stepping down off of my soapbox now … deep breath.

**Edit for grammar and spelling**
Ok, great. But can Canada diversify its economy, pass infrastructure for things like pipelines, remove interprovincial trade barriers, and look for new markets? 


Or are we just going to sit around and put ourselves in a compromising position again?
He's a loud mouth who endlessly manipulates the media for attention (successfully!). Meanwhile  Trump and the Oligarchs have been and will continue to loot our country.
Trump just said at 4:50pm that he will put tariffs on Canada feb 1st. FYI. He just said it during his signing executive orders.
Sorry Drumpf but the damage to relationships has been done already, tariffs or no. America has so few true allies now that you can count them on one hand.
Thank god, were already in a recessesion
He doesn’t even know what a tariff actually is 
This aged well.
He has to wait for permission from the man in charge, Elmo Muskrat
When are people going to realize he's toying with us. And we and the media have been eating it up.
He chicken out. He knows that tariffs will hurt the US economy
Well if nothing else, his threat or imposing tariffs certainly exposed the hatred toward Alberta by Trudeau and the ROC. Maybe Danielle Smith’s lobbying did have an impact after all?
What a surprise. We should just call his bluff just so the people of America can start feeling the economic pain of their own choices. Let them reap what they sow
Time for Canada to strengthen trade with other countries.
It’s all distraction. Did the “press” or his supporters address his plan for jobs and inflation?  No, because there isn’t one. 

Instead it’s “Greenland Canada hurk dur durk he’s just like me!”  

God we need a motivated, skilled assassin (just in general, not anything specific…”
After the whole tik tok non ban that lasted all of a few hours I'm starting to think Trump just let all these insane radical ideas build up so that when he does absolutely nothing it makes him look like a good guy to the Muppets who have the memory of a goldfish
He's going to use it as a threat for months, why actualize it right away?
4 more years of total chaos.   He's exhausting.  People that voted for him seemed to have forgotten how exhausting he was the first time around.   You can't believe half the crap that comes out his mouth.
He legit just said he is going to
What are we all supposed to whine about now?
He's so full of shit. All he's going to do is golf and rage post.
The public is so gullible. They fall for the same old trick again and again.

And the media doesn’t add perspective or balance. They are right there leading the charge into hysteria.

CBC can inform the public about what is really going on because it is publicly funded.

But it doesn’t.

We are spending tax dollars to be misled. Fucking stupid 
He did mention ""territorial expansion"" so there is still that :S
Escalating tariffs that extend to midterms has been my bet, still think it'll happen. 

It's the max economic pain point for Canadians.

Edit: today is a sigh of relief but like most things you may be right one day, but it can change the next. No point on extrapolating that the future is completely safe because it hasn't happened in the first 12 hours.
I'll believe it when I see it, like all things out of that garbage pile's mcdickhole.
Tariffs before an election would be bad for PP, considering how few degrees of separation there are between PP and Musk and how much praise Elmo has been laying  on him I wouldn’t be surprised one bit to find out some back channel communication is going on. 

PP has been almost silent on tariffs. If they go live before he wins the election he will be forced to make a stand or he will be hammered by the other party leaders On his refusal to say anything substantial. 

It won’t change the fact that he’s going to be PM but it might force a minority which is something his billionaire owners don’t want. Hard to ram through all his bullshit without complete control."
‘Enough is enough’: Trump tariffs inspire economic patriotism in Canada,https://www.reddit.com/r/canada/comments/1igaabc/enough_is_enough_trump_tariffs_inspire_economic/,https://www.ft.com/content/3f8985c4-fbad-42f4-b91b-2ddb12c6c54d,"Hopefully this sparks a Canadian business renaissance in Canada
The first thing that needs to happen is the removal of interprovincial trade barriers. There is *no* reason Ontario liquor store shelves should not be loaded with BC wines. There is *no* reason an Albertan microbrewer should find it easier to sell to the USA than to Quebec
""And in those few minutes, I witnessed the birth of a nation""
Canadian General A. E. Ross at Vimy Ridge

Let's not waste this crisis and make sure we reinvent ourselves to become the economic powerhouse we should have always been
Dane here:  
Stay strong Canada, keep fighting.   
Denmark stands behind you, we know your feelings of betrayal and outrage.  
And just wait, whole of EU is going to stand behind you as well. The backstabbing imperialist behaviour of our so called ally, will not be tolerated on the world stage. This is not the US Golden Age, it's going to be their downfall as a world power.
Anecdotal but today while shopping there was a stack of untouched white onions from USA next to BC ones which were 50 cents more expensive. The Canadian ones were damn near sold out despite costing more.
Why is the starlink deal on? Thats 100m of Ontario taxpayer money

“We don’t develop courage by being happy every day. We develop it by surviving difficult times and challenging adversity.”
I am from Michigan but I am with you Canadians on this one. Love you guys.
Ban everything Musk related, that asshole bought Trump the election.
**’Enough is enough’: Trump tariffs inspire economic patriotism in Canada**

*US president’s aggressive actions have kick-started a ‘Buy Canadian’ campaign across the border*

https://www.ft.com/content/3f8985c4-fbad-42f4-b91b-2ddb12c6c54d

A new wave of economic nationalism has swept across Canada as Donald Trump’s tariffs inspire anger but also a patriotic campaign to “Buy Canadian”.

“Made in Canada” signs have popped up in grocery stores, lists of Canadian alternatives to US products are being circulated and comedians are devoting skits on national television to how best to avoid American consumer goods.

Liam Mooney and his partner Emma Cochrane, founders of an Ottawa-based design and strategic communications firm, have noticed a jump in sales for their newly launched fashion statement — a hat emblazoned with “Canada Is Not for Sale”.

“It’s been incredible, we’ve seen a spike in sales since the tariff announcement on Saturday,” Mooney said. “It went from a concept to viral after Ontario Premier Doug Ford wore it to a meeting.”

Mooney said Canadians were “angry about the disrespect” from the new US administration. The hat was a response to Trump’s tariff threats and suggestions that the country should become the 51st US state.

“It is defiant patriotism. We were watching these Fox News interviews and the increasing hostility was abhorrent, and at one point, we thought ‘enough is enough’,” he said.

Prime Minister Justin Trudeau said Canada would implement tariffs on C$30bn worth of goods on Tuesday, followed by additional levies on C$125bn worth of American products, set to kick in in 21 days. But he said all Canadians had a role to play in the trade war effort.

A lot of the anger stems from Canada seeing the actions of the US as the bullying of a weaker, peaceful ally. Trudeau described their shared history that goes back to the first world war and includes supporting US troops in Korea and Afghanistan, to recent support fighting fires in Los Angeles. 

“We have fought, and died, beside you,” Trudeau said.

He urged the nation to buy Canadian products over well-known and well-loved American items in an effort to support the economy and inflict as much pain as possible on the US economy.

“It might mean opting for Canadian rye over Kentucky bourbon, or foregoing Florida orange juice altogether,” he said. “It might mean changing your summer vacation plans to stay here in Canada.”

About C$3.6bn worth of imports and exports flow every day across the Canadian and US border, according to official data.
I'm proud to be from Quebec. Proud of my heritage and my culture.

But God damn am I proud to be Canadian right now too!
Good on you. Bravo Canada.
I'm Australian, but watching all this go on has me cancelling all my American subscriptions and looking at food labels. It's even put me off diet Coke, which has been my drink of choice for 20+ years. I didn't think anything would turn me off that. If America can pull this shit on Canada, I imagine it has no qualms about souring relations with its other allies, including Australia.
Well when another country insults another country's sovereignty, it usually doesn't sit well with said populace. We will never be part of America.
There is nothing that unifies Canadians like Not Being American.
i’ve never hated like i hate trump and his ‘government’
1935: Austria-Hungary strongly objects to the annexation of the Sudetenland.

I am currently a soldier in the Canadian Armed Forces, and it's fucking wild to me that after 24 years of service, there is a non-zero chance that the first person that I shoot to kill will be an american.
You know, listening to CBC Cross-Country Check Up today, some people are worried that they'd have to buy their products from Canada instead of the US. If Trump has some semblance of a point that tariffs will encourage domestic consumption in the USA, then maybe the same will happen in Canada.
I love that all of Canada is uniting against a common villain. 

Now though, we need to make long term plans to circumvent as much trade as we can with our southern neighbor on a permanent basis. 

I think we (our govt) assumed last time that Trump was a one time thing we simply had to wait out. Now that that's proven false, it's time for us to cut away from them.

We can't trust the United States for any long term plans or agreements, since they have proven that they'll just break any deal every 4-8 years.
Born a Canadian and I will die a Canadian.
Now can we get on board with building energy and rail infrastructure to get raw materials to the urban centers for refinement on home soil.
BDC should distribute the tariff earnings to launch new businesses that replace everything that US imports/exports to us with everything shipped from everywhere except the US
Use your debit cards/cash instead of credit cards!
American here. Increases your non resident hunting and fishing permits by 300%. This will target the American redneck.
Canada is not for sale... nearly 36% of oil and gas is owned by foreign companies...
Screw Greg Abbott too, Texas embarrassment.
It's a great time to leave this abusive relationship. The wake up call was decades ago, and we've been smashing that snooze button. But, as the saying goes ""The best time to end reliance on a racist, incompetent nation led by a buffoon was thirty years ago. The second best time is today.""

Murica is crashing and burning based on the path they chose. Luckily we went down a different path, but we've been complacent. This is the time to build infrastructure, and focus on producing and manufacturing what we need.
Fuck Trump
Economic patriotism? I’m seeing people wanting a pound of flesh. It’s a nice change of pace.
Hopefully this gets the government to lower restrictions so companies can start up and be successful in those country instead of having to go to the USA for better opportunity
Cancelled my planned trip to u.s.a.... I will spend my money somewhere else. I will NEVER buy a Tessla (yep... I used 2 s for a reason).
As an American I just want to say how sorry I am that you wonderful folks have to deal with this nonsense. You have remained our allies through decades of horrible decisions and corrupt government, and look at the thanks you get. I'm embarrassed for the current situation, and feeling tremendously guilty for not doing more. I'm sure my situation will only get worse, but I fully support whatever hardships arise from Canada's retaliatory actions. We earned it. Just know that we aren't all terrible people, and a lot of us are on your side.
I am a fervent believer in Canada and all it stands for. But for too long have we stood in the US’s shadow and allowed it to dictate our policies. I sincerely hope that the Trump threat allows us to become the nation we always could have been: strong, prosperous, united. I also sincerely hope that we put in place measures to prevent us from becoming too reliant on one nation again. One of the biggest reasons for Canada’s weakness is that any time one of our enterprises became too strong, the US, or US owned companies will relentlessly seek to either buy, weaken or destroy it. We must realize that the US has a clear interest in a weak Canada, and never again make the mistake of allowing them to weaken us through their capital and insidious influence.
American here:

Keep fighting ✊.

Oppose America as hard as you can.
Grocery stores need to help Canadian folks out, setup a section in their stores with Canadian only products for sale. This would make shopping more efficient for everyday Canadians knowing the section of the store they are in are Canadian made!

This includes areas marked as made in Europe, etc. excluding USA made products. 

Get 'er done Ford!!
I’ll say this, he just united all of Canada under one banner. Conservative, Liberal, NDP? That stuff doesn’t matter now. We are a nation to be feared when it comes to war. That includes trade war. 

If America wants to become isolationist that’s fine with me. I sure no country has ever gone belly up in all of history from that right?
No mention of the infinite sadness when you  discover how many beloved Canadian Brands have been sold off to HyperMegaGlobalCorps around the world.

  
Canada owns very little of itself anymore, we need to change that.
Maybe even… *gulp*… not capping our energy sector and booming our economy by utilizing our… *gulp*… own natural resources and *bites nails* keep jobs in Canada without offshoring to the US, Saudi, or India?
Diversify. Find other buyers around the globe. Even better than adding tariffs is reducing or eliminating their supply of commodities from us. The important game changers that would grind them to a halt, destroy their economy. Yea this will impact Canada in a negative way as well but that giant needs a hand slapped.
T-shirts should say Fuck Trump with either a steaming pile or a burning house .
2038 , la première puissance mondiale, le Canada
Canada-loving New Englander here. There are no words to describe how profoundly sorry I am, or how much I despise the wretched sickness that is MAGA and the Fat Orange Pig. If I could hand control of my country to you, I would do it in an instant.
Aussie lurking in the sub- On ya fellas! I'm sure Australia, a fellow Commonwealth nation, would be happy for some more trade deals with Canada.
I'm an Albertan Conservative,  putting aside our internal differences to show unity is the way!
Just cancelled Youtube premium, amazon, amazon prime, no more starbucks,  no more home depot, no more Jif peanut butter!

Encourage family and friends to buy local, buy Canadian, and if all else fails, buy anywhere but the US!
Fuck this cheeto.
How about we stop kneecapping our own energy and resource sectors with endless taxes and regulations?


One can dream...
Culture &gt; Economy
About time! 🇨🇦🇨🇦🇨🇦
I’m a pro Canada American and I’m so sorry all of this is happening. I can’t stand Trump. Millions of us stand with you. We don’t want the tariffs or the trade war. Canada is an amazing country!
Please boycott Tesla!  Elon needs to pay!
Women will be the foundation of Canadian economic resistance

This is essentially a love letter and also call for adequate recognition of women who are the out-right leaders for their households. 

Women for majority of households are the ones who do household shopping, makers of grocery lists and manage subscriptions, plan family vacations and outings and do a lot of unsung labour. 

As we all are trying to band together against attacks on our homeland, and troubles ahead are looming, it’s women who will be supporting our economy  and checking labels to see  “Made in Canada”. 

So I just want to say thank you ladies. Vive le Canada
Hire a Canadian- yey!!  Tim Hortons, Banks, Grocery Stores, Gas Stations, Restaurants, Gov of Canada, OC Transport,  yes! Hire Canadians- made in Canada."
"Trump will not impose 50% Canadian steel, aluminum tariffs tomorrow, says top trade advisor",https://www.reddit.com/r/canada/comments/1j90zl5/trump_will_not_impose_50_canadian_steel_aluminum/,https://www.cnbc.com/2025/03/11/trump-raises-canadian-steel-aluminum-tariffs-to-50percent-in-retaliation-for-ontario-energy-duties.html,"I miss the days when politics was boring.
This guy is fuckin insane, how can anyone in the world deal with a nation that is so unreliable. Everything changes hour to hour.
snip snap snip snap
This fucking guy
""But we all bought the dip,"" the advisor continued.
It's fucking impossible to keep track of this shit
Nobody should believe a word from Tangerine Palpatine from his constant flipping and flopping.
We all read The Boy Who Cried Wolf right? Was it just me?
""Ontario Premier Doug Ford said he had agreed to suspend a 25% surcharge on electricity imports into the U.S. after conversing with U.S. Commerce Secretary Howard Lutnick in the wake of President Donald Trump's threats to hike steel and aluminum tariffs on the nation by 50%.

[In a statement issued with Lutnick and posted on X](https://x.com/fordnation/status/1899531171622522925), Ford said he and Lutnick would now be meeting Thursday alongside the United States Trade Representative to discuss a renewal of the U.S.-Mexico-Canada free trade act ahead of Trump's self-imposed April 2 ""reciprocal tariff deadline.""

""In response, Ontario agreed to suspend its 25 per cent surcharge on exports of electricity to Michigan, New York and Minnesota,"" Ford said.

In subsequent remarks at the White House Tuesday afternoon, Trump said he was now looking at reducing tariffs on Canada. Asked if he would lower them, he said “probably so.”

""I’ll let you know"" if 50% tariffs on Canada are going into effect, he said.""

[https://www.nbcnews.com/business/economy/trump-canada-doubles-tariffs-national-emergency-electricity-rcna195810](https://www.nbcnews.com/business/economy/trump-canada-doubles-tariffs-national-emergency-electricity-rcna195810)
Split personality disorder on a national level.
Tariffs on!  Tariffs off!  Tariffs on!  Tariffs off!  On! Off! On! Off!
Fuckin 78 year old toddler.
And Trump hasn't gotten to Europe yet, with Canada and Mexico it has been on and off again for two months, with no end in sight.
THIS IS ALL MARKET MANIPULATION!

  
Crash the market so his rich buddies can buy it all up, then relent and they all profit.

This should be illegal but unfortunately the oligarchs won.
I'm American and this is exhausting. 


Why bother doing any business with us at this point. Every day it's something new and dumb. We're completely unreliable now. 


And idiots down here are still lapping it up. 
Bipolar politics, you hate to see it.
I miss the days where my mental health wasn’t on a shoe string every day. Where I could ignore American politics because it was status quo and “whatever”. 

Worst.timeline.EVER!
Just announced it’s 25% vs 50% now. Sweet baby Jesus he sucks.
Did he even say thank you once?
He's making a lot of rich people really mad with this shit right now, that's the ONLY reason he's walking this back. He's trying to get the market to rebound a bit
To all Canadian politicians: Please don't make threats you are not willing for follow through on!

I think members of all parties have done a great job with messaging and the tough talk has helped galvanize Canadians, but you will lose public support if you lose credibility on this issue. You are telling us to prepare for the pain, so you also need to be prepared to do the difficult things when push comes to shove. Being united and having a higher pain tolerence is the only way we will win. I don't like that Ford backed down, but I also understand we are looking for an off ramp, so if that is the plan, please tone down the tough talk until you are willing to deliver on it. 

I think donald would have backed down again, and/or we will be in this same situation in a couple weeks anyway. If he declared a ""National Emergency"" it would have been clear it was an emergency of his own making. There is zero evidence that donald is going to change his behaviour and zero evidence that there is enough courage withing the american system to stop him. If we are not willing to fight like we say we are, then just allow donald to self destruct while quietly planning more reliable deals. This on/off approach to tarrif threats and defence partnerships is only showing the world how unreliable the americans have become. This is going to make any deal they attempt to make with anyone in the world very difficult for a very long time.
Was this decided before or after Ford backed off the 25% electricity surcharge?

I can't keep track anymore.
50% tarrif woulda been suicide.
Your supreme leader seems a few cards short of a full deck.
Because Ford backed down and they met and negotiated it. Also it is tanking the markets. 

But you can bet your sweet ass that Trump crime family is profitting off this chaos on both sides.
🎶Come on, Come on, Come on, Come on, Come on cholesterol...Do your thing and end that fatass. 
How many times today did he change his mind?

Trump is looped, somebody give him his favorite Where's Waldo book and some crayons. That should shut him up for the rest of the day.
Brave of the top trade advisor to predict the actions of that twat.
Blueprint of how to deal with a bully
It’s cool. Every day we expose their incompetence.. This isn’t even Team Canada with a full bench.. One premier is enough to get the White House spinning its tires.
Is the US using a magic 8 ball when deciding on tariffs?

\*Shakes magic 8 ball\*

Impose Tariffs!

\*Shakes magic 8 ball again\*

Maybe cancel the tariffs?

\*Shakes magic 8 ball again\*

Cancel the tariffs!

\*Shakes magic 8 ball again\*

Impose tariffs!
Okay well, I look forward to him changing his mind again in two hours, and then again tomorrow morning when get gets the grumpies before lunch, and then again when he calms down after lunch, because he's a fucking toddler and it's insane that we're all beholden to the whims of a child having a tantrum.
Ping pong diplomacy 2.0.
Didn’t see this coming from a mile away.
This sub today:

- Trump imposing 50% tariff! - 10 minutes ago
- Trump not imposing 50% tariff - 11 minutes ago
- Trump will impose 50% tariff, says Canada is illegal! - 12 minutes ago
- Trump not considering not imposing 50% tariff - 13 minutes ago
Clearly what they say can't be trusted at all.
Has it been a few hours already since he imposed the tariffs and now changed his mind. Hard to keep track in Cheetos soap opera.
Call me entitled, but I would like the number of times international trade policy changes in a 24-hour period to be two times MAXIMUM.

This isn't 1945 Hungary.  I want to reliably assume whatever the trade policy in place when I go to work is the same when I check at lunch, and the same yet when I come home.
maybe wait 5 mins
Ford wins.

Ford loses.

Ford wins?
He's 80, overweight and on blood thinners.


Fingers crossed
TARIFFS!!! MAGA!!!!!

No more tariffs everyone!! MAGA!!!!!!!

  
TARIFFS ARE BACK!!!! MAGA!!!

NO MORE TARIFFS!!!! MAGA!!!!!!!!!!!!!!!!! #TSLA



I hope MAGA supporters brains are studied once this is all over to prevent this from happening again in the future.
Then again, maybe he will.
He needs to tweet it or I won't believe it🙄
Jfc how many times already and how many times will be. 🫠
This uncertainty is great
I’m so tired
I'm getting whiplash.
He will do it next week?
What an ass
I think we should increase our tariffs and electricity prices by 1% every time he does this"
"Canada 'will stand up to a bully', says PM contender Carney over Trump tariffs",https://www.reddit.com/r/canada/comments/1iewz13/canada_will_stand_up_to_a_bully_says_pm_contender/,https://www.bbc.com/news/articles/c24760vqdz5o,"He’s threatening the EU too?! According to the article… I hadn’t heard that..

So in two weeks he’s gone and pissed off Canada, Mexico, Panama, Denmark, Colombia (which he couldn’t even bother to spell correctly) and now he’s talking about going after the EU?

FFS 🤦🏼‍♀️ 

It’s fine. Alienate yourselves and become the third world. 🌎 🔥
American here. Painful to watch, not only because Canadian trade is critical to our economy (where does our lumber come from again when construction prices are at al all time high) but also because Canada is a great country, an ally and a place I've had many good memories in to boot. 

Hopefully all of the dipshits that voted for this can make the correlation in their own lives when their pocketbook is hit, but that's like asking a toaster to perform nuclear fission.
Omg if I hear him talk about how they have a deficit with Canada and we’ve treated them unfairly I’m going to lose it. 
He thinks a deficit is a monetary shortfall, and the U.S. is somehow subsidizing us because they buy more shit from us than we buy from them? 
He’s exhausting.
Jean Chretien thinks that the United States would suffer more in a tariff war with Canada.

Let's see which Canadian politicians have the backbone to respond appropriately to any tariffs imposed on Canada.


https://www.ctvnews.ca/politics/article/its-not-realistic-former-pm-chretien-thinks-trump-will-back-off-trade-war/
I see an opportunity for Canadian companies to become the new North American alternative for the world if America continues to insulate themselves. 

As difficult as it is to initiate new industries, there is opportunity for us diversify and find new paths to reindustrialize and find new markets to be partners with.
When the UK went isolationist with Brexit, they tanked their own economy and gave up the strength of the pound. 

Countries cannot take such completely one sided approaches to trade and foreign policy in today’s globally connected supply chains without causing irreparable self-damage. 

The US is on a path to poverty and war.
Can’t negotiate in good faith with a felon sexual abuser adulterer draft dodger
Canada needs to come together to battle the bully.  A strong stance on this will help either party's stance.
As an American, I hope you all stand on business. Don’t just take it. Cut the power off. This is who they voted for and they need to understand there will be consequences.
We got thru his bullshit before and we will again.     
But America is drowning in bullshit presently. Moreso that ever before.
My job is 100% linked to Steel and Aluminum here in Ontario and I'm a little worried about whats coming. That being said, I'm up for a fight. I'm up for Canada growing stronger without the US. Even if that includes some treacherous waters along the voyage.  I'm feeling good about Carney. I really believe we have to vote to keep PP out. Like for all that is great in Canada, PP will kiss the ring of Trump and lady Elon. And while I'm here. My fellow Ontario voters... Fuck Ford.
If Carney leads the Libs, I'll vote Liberal lines and if this was six months ago I'd probably kick my own ass for saying that.

I lived in Alberta for twenty years, in a boomtown, and went through the rough times there when the shitshow of 2008 happened and as bad as it got I was always surprised it wasn't as bad as it was elsewhere in the world. Now knowing he was in charge of the BoC during that period and apparently guided us through that briar patch he's the only person that doesn't make me want to give up completely and I don't give a red hot fuck what colour of pants he's wearing, red, blue, orange I don't give a shit I'll vote along the lines of that party.

If Freeland leads the Libs I'm gonna roll myself in flour then hop in a deep fryer.
This is what a dying empire looks like.  Unfortunately, we're going to get swept up in the death throes due to poor choices made decades ago.  John Turner of all people was right.
The USA-Canada Border is not secure enough. The USA has failed to prevent illegal gun smuggling from the USA to Canada. Due to illegal firearms, there has been an increase in gun related crime in Canada. The victims of firearm related crime in Canada are posing a tremendous strain on the Healthcare System in Canada and on Healthcare Funding, which is a ""NATIONAL SECURITY ISSUE"".

To protect the ""NATIONAL SECURITY"" of Canada, Canada will expropriate patents OR compulsorily license these patents of Johnson and Johnson, Merck, Pfizer, AbbVie, Abbott, Eli Lilly, Amgen, and GE Healthcare (insert other USA Pharma Companies), and allow Canadian Manufacturers to freely manufacture these medications in Canada, while paying a nominal royalty to the US pharma companies.

The Pharma lobby in the US will literally rein in the entire US political machinery to end Tariffs on Canadian Goods.

If the Orange Cheeto can cite fentanyl and border issues to slap tariffs on ""National Security"" grounds, then we can play this game as well.
Never thought I would agree with all those people chanting “Death to America” 

Seriously fuck them. All of them. They elected this asshole knowing how bad he fucked everything the first time.
The big problem with PP (among many things) is I really don’t trust that he will.
This is why I love to live in Canada. Canadians for the most part are progressive and kind people. Proud to be Canadian. Glad to see people coming together and hating Trump lol
This is exactly what the new axis of evil wanted. They know they cannot win both economic and military warfare against the USA and its (former) economic Allies so they have and will continue to launch campaigns of hatred in the form of misinformation to slowly chip away at anything they can. It really is fascinating when you think about it. Unfortunately it appears to be working.
Lets get rid of carbon tax first!!!!
LOL-- The worst possible thing for Canada is another 4 years of LIB/NDP.
Canada targets China because of US’s influence and put it self in front of the conflict hoping US will support- but got stab at the back.

Not sure who is the enemy there but definitely didnt see a friend above.
So, when can we become part of the EU?
This is why I support Carney over Pierre; he stands up for Canada instead of importing the same foreign weirdo culture of America.

Carney isn't refusing to get security clearance too!
I'm honestly so glad the Liberals are in charge right now. I trust them on international diplomacy and dread the thought of the inexperienced CPC trying to step in. Not only specifically with the USA but also with all of the other countries who are involved and will be involved over the next months and years.
We are going to regret losing blackberry, the only Canadian made phones. 

We can shut off American social media asap. Canadian companies can have Canadian social media up in a very short time frame.

Ban tesla outright.

Massive tarrifs on amazon.

Massive tarrifs on our energy and water and resources.

F@ck America
The only way I could get behind Carney is if he campaigned on cleaning house at Liberal headquarters and across the federal government

I just can't vote for a party that stood behind Trudeau for nearly a decade while they all sneered at, played identity politics with, condemned, and generally looked down on working class Canadians. 

As of right now, Carney is just another talking head to replace Trudeau. Just more of the same.
Anyone who stands with trump should be banned from holding public office, I have always hated the ucp government here in Alberta but seeing smith hanging out with and cozying up to trump made my blood boil.
There's no universe that exists where the free market allows you to stand up to a despot.
American here…please do.
I say we build a bridge connecting Canada to the EU + Mexico and make America pay for it.
My family (two small children) and I just made a plan on how we can escape the US to get to Canada. Sincerely hoping you will take asylum seekers because it's going to get very bad very fast in the US.

There is a full fledged constitutional coup going on literally right now.
Like he stood up for Britain
Okay but how? Talk is cheap and America can *easily* outlast us in a trade war. We need to be very honest with ourselves about who has the upper hand lest we sabotage ourselves for the sake of tough talk and optics (especially for the failing LPC who will benefit from this and equating Poilievre with Trump at every opportunity).  


This isn’t about owning Trump or standing up to a bully, it’s about preventing economic disaster. We need to start new trade talks with other trading partners like yesterday. We can pretend we’ll play hardball but who the hell are we going to sell our productivity to in the meantime?!
Major retaliation should now be done behind closed doors. It just fans the flames with the administration. Smarter and cooler heads and a few key CEOs in Canada could easily just ""adjust"" some things. No fanfare no aggression.
Carney can shut up, he’s not in charge of anything
As an American, please do. With everything you have. I hope every other country does too. This lunatic is going to send everything into the shitter.
""Stand up"" to Trump, retaliate and he will increase tariffs even higher.
Make this man our next PM!!
Appeasement Pierre will acquiesce to him
How? He hasn't let us know what his plan is.
I hope the worst for the USA now with zero remorse. Karma rules.
Negotiating with Trump is just stupid. 

Before you can even begin negotiations with anyone there has to be some level of trust between the parties that agreements will be honored. And we all know Trump lies continually.
The libs should have let us build oil and gas refineries.
I see the US quickly turning into North Korea, isolated, no friends, ruled by a lunatic.  No doubt the leadership  will pass to Don Jr when the orange one dies.
PP in shambles since he can't blame this on Trudeau lol
Will he stand up to a bully by fully funding NATO to 2%.

I'm beginning to think that's what this is all about. Trump wants security. We are pathetic at it (thanks Liberals). And unless we get our act together, Trump is going to use Tariffs to force countries to get stronger. No way he is going to ever allow Russia or China to set foot on North America, and the Arctic is where it would begin."
"Trump says Canada tariffs coming Saturday, ‘may not’ include oil",https://www.reddit.com/r/canada/comments/1ie2ra1/trump_says_canada_tariffs_coming_saturday_may_not/,https://globalnews.ca/news/10989873/trump-tariffs-canada-tariffs-oil/,"How can you be two days away from doing something this major and still not be sure about all the details?
outgoing office fanatical literate simplistic observation spark doll full start

 *This post was mass deleted and anonymized with [Redact](https://redact.dev/home)*
The other day he said the US didn't need anything from Canada. This is a game where he thinks he can get us to drop the price of oil. If I were in power I'd jack the price of oil way up. We can't bow down to him or it will never end.
We should require Navcanada to impose a 100% surcharge on any US flight transiting Canadian airspace, which is a shit ton of them.  Most flights from the US to Europe and to the far east go through our airspace.
Charge them an export tax on potash. It's one of the few places where we have massive leverage. Farmers in the US will revolt just in time for growing season.
He just throws shit out to see what will happen. It’s in his book, The Art of the Deal. This past week his government put out a memo stating all federal grants and loans would be frozen for 90 days so that the Trump administration could assess if they were inline with their values.  There was such a huge backlash, they rolled it back. Canada needs to not pander to him and basically say fuck you and don’t play his game. He’s a big bully and only responds to being pushed back. He’s testing us to see what we will put up with. Diplomacy does not with him. Hard lines only. We essential need to play chicken.
No problem buddy, we will put a 25% export tax on for yah.
Trump basically admitting that oil is his weak point... so make sure to hike those oil prices for the US only.
Great job, America!  

This dope obviously has no fuckin clue what he is doing.  Just like last time...

What an unforgivable blunder.  You idiots really owned yourselves hard here.  Hope it works out really badly for you MAGA dipshits.
[deleted]
Of course it won’t include oil.  He knows it would fuck him and the US worse than it would fuck Canada
It will include oil. We will make sure it does.

I’m more interested in Potash. Us farmers probably won’t enjoy that right before the growing season
[deleted]
No need for an export tax, start by cutting the discount on oil that we already give them.
Let's make it include oil, gas and energy.
Cool. Let’s put export taxes on oil 🤷
[deleted]
Oil, gas, aluminum, steel, and lumber.

Those are the big five you buy, Trump. Do it.

Well gladly use more aluminum, steel, and lumber domestically to build.

We won't be forced to sell it more cheaply to the states than our folks here at home.
If we had a competent federal government for the last decade we could have had the Energy East pipeline by now and our oil market would be completely different.
[removed]
Hmm why exclude oil, he doesn’t need it.
It feels like they're waiting around doing nothing. Provincial barriers must be removed first, and new trade partners should be pursued. The fact that they're just waiting to see if he is bluffing is a joke. DO SOMETHING CANADA.
Why wouldn’t we include whatever the fuck we want in this nonsense? Things go both ways buddy.
Wouldn't you know it?  Two country which have peacefully co-existed forever, he sees a need to disrupt. Cause fear and anger. This is who he is, the destroyer.  We love our neighbors to the north (and thank you for hockey- Let's go Flyers) - He will do whatever he has to to cause chaos in Canada. Hold fast, my friends. Do whatever you can to resist.
Please include oil so they can put new stickers on their pumps with the “I did that” slogan they love so much.
I mean. We could remove production caps and sell to Europe. We have the most environmentally stringent requirements in the world on crude extraction. “Ethical oil” “do YOU want to be caught with Venezuelan? Buy Canadian, and feel good about yourself today!”
Because if the tariffs include oil, the price of gasoline, diesel and heating oil pricing will immediately increase in the US.

That would be good for another 20% drop in his popularity polls.

Give it a few more hours and tariff exclusions will come for most agriculture.

Because inflation is extremely f*cking unpopular!  Even if you are MAGA.
Let’s cut off Hydro.
Publicly, we should ignore him. Of course, keep lines of dialogue open privately.

I wish the Canadian media would dial down the coverage, Americans do not even have this on their radar.

But Trump will have a new reason every week, a new version of the threat. If it is not fentanyl it will be DEI, clouds, the weather. We have to stop responding to everything that comes out of his mouth. This is what he wants.
If he doesn't include oil in the tariffs, he shows his true intentions: destroy our economy, and get the oil for cheap/free.  Iraq without the war.  Ottawa should impose an export duty on oil and gas equal to the Trump tariffs.  Disperse the funds raised in ways that help diversify the economy and find new global markets for our goods.  Of course Ottawa will fuck it up by giving more (all)to their chosen friends and solid voting regions.
literally a bully.

'Hey give me your lunch money or else' and you acquiesce. The bullying continues until you a paying him more and more or else he is going to hurt you. Danielle Smith is the one acquiescing instead of standing up to it and holding a united front. She needs to go. And I for one will be voting for Nenshi.
Slap an export duty on oil, natural gas, and potash.  Screw Trump.  Time to drop the gloves.
Our exports might not include oil...
I live in a border town and cross to shop in the US all the time. Not anymore.
Surprise! We're taxing the shit out of it on exports to US
Because we are basically giving them our damn oil and they absolutely need it.
It’s a way of dividing the provinces amongst themselves. Oil clearly rewards “loyal” premiers he hopes to lever out to start demanding they can join the US.

A weakness Canada has is interprovincial trade barriers often making trade in some areas harder between Canadian provinces than with American states.
He knows that Americans would freak out about paying 25% more (at minimum) at the gas pumps because of something avoidable like his own tariffs.

What a low-energy wimp.
I'm no fan of Russia, but what would happen if we shutdown our early warning radar systems for NORAD, or simply stopped sharing the info with the Americans?
At this point every country needs to stop listening to trump threats. The US is hostile to everyone and we should believe them.

Its sad that the western alliance ended with such a charlatan, but it seems china and russia won the propaganda game. Now every fucking democracy has dictator wannabes coming up.
Fuck it, let's add a 25% tax on oil exports to the US. 
Let Ford turn off the lights.
Watch it. He's gonna praise Danielle Smith for his own twisted way of trying to get others to fall in line.
We should tell Trump it’s all or nothing. If he doesn’t tariff it, we should export tax it.
If there is no 25% on oil, Canada should put a 25% surcharge on it and use it to help the pain from other exports that do have the tariff. Anyhow, he JUST said the US doesn't need our oil .....
We shouldn't live our lives by outsiders. That goes for the Canadian government and us, the people.
Let’s just up our prices on it anyways.
Ontario prepare the giant lever that turns off the New Yorks electricity.
I kinda want him to tariff oil so that American gas prices skyrocket and people in the US can be pissed.
Good. Then we can cut our supply to the US by 25%"
"Mario Canseco: Trump tariffs spark Canadian backlash—and a shift in political winds;  Polling shows strong Trudeau performance, while Poilievre struggles to define his stance amid rising economic tensions",https://www.reddit.com/r/canada/comments/1igu0xz/mario_canseco_trump_tariffs_spark_canadian/,https://www.biv.com/news/commentary/mario-canseco-trump-tariffs-spark-canadian-backlashand-a-shift-in-political-winds-10174100,"PP this was such an opportunity for an easy lay-up: just say “we will put our differences aside to work with the provinces and federal government to protect Canadians. We disagree with the liberals on many things, but we prioritize strengthening Canada and Canadians above all things.”

Instead he said Canada is weak (WTF) and inserted all sorts of partisan jabs and blaming. The Cons need to come out clearly against Trump and for Canada, but they are hedging because they’re worried about alienating certain portions of their party.

The Cons clearly spent the last two years framing this election as a Trudeau and carbon tax referendum, but the conversation has completely changed. They need to adapt, but instead keep trying to reframe it back to their comfortable ground.
PP asking Musk to advise him on the economy a week before Musk went full nazi was a pretty stupid own goal. But not unexpected.
I watched Poilievres little press conference he had going on and he used it as an opportunity to attack the liberal party because that’s the only thing he knows how to do. His comment about parliament being closed while this is happening made me laugh.
A miscalculation in politics can cost you dearly in a matter of days. Poilievre basically had a guaranteed victory in the next election, but his response towards the current tariffs fiasco have left a lot to be desired. Even if his stance were to be on par with most Canadians’ sentiment, he hasn’t been vocal or assertive enough… would be quite the reversal if Carney moved ahead because of his fumbling.
PP’s just not ready
The conservatives need to play this right, or they may lose out.  I am someone who doesn't have a political party and votes for the person and party I think will make my life better at the time of election with their policies and platforms.  And honestly right now, PP ain't looking too good.
As it should. There are too many similarities between what PP wants and what Trump wants

Poilievre wants to defund the CBC/Trump is going after PBS and NPR in the US

Poilievre wants to give US access to the Canadian banking, telecom and air industry/Trump wants access to everything

The whole transgender issue. It’s such a small part of the population but the complete erasure of their existence essentially in the US is crazy, and we have PP who doesn’t hide his distain for them either. 

The conservatives want to privatize the health care further, while Trump also continues to strip down their affordable care and Medicaid 

Everyone seriously considering the conservatives should actually read their proposed policies on their website. Very little is about protecting Canadian well being or values.
Pierre's speech was so shitty compared to Justin's regarding the tariffs. He stumbled on so many words, sounded scared and insecure.
Pp coming out talking about how weak the Canadian economy is instead of a strong response sealed the deal for me. The most we can hope from pp when it comes to trump is that he sucks up and somehow avoids trumps attacks that way.
You’re telling me the politician that’s done nothing but attack the liberal party, and waited a couple of days after each massive event to actually say something of substance, fell short and had literally nothing of substance to say while also attacking Canada while the rest of us are uniting over a common issue? Colour me shocked.
The tariff crisis will cost Poilievre the majority in the upcoming election that seemed a slam-dunk not long ago.
He's struggling because even an ounce of honesty would show that he would bend to Trump's will at every opportunity. He's a conservative puppet.
Gotta say Trudeau is working pretty hard for a guy who already handed in his notice. most people wouldn't come into the office at all by this point
Probably because the dipshit has no stance other than Trudeau bad, and when Trudeau has the entire country behind him, Pierre looks like a spineless bitch
Every political party and every political supporter of those parties need to put differences aside. We will have an election and when that officially happens then have at it. Right now, we as Canadians need unity in the face of a threat to our economy and sovereignty! Buy Canadian and support Canadians! Stand united!
PP can't come up with a rhyme for 'tariff' and it's eating him up inside
PP had my vote, not that I was happy about it. Now I'm firmly undecided. Leaning towards Carney but wouldn't vote Freeland. Trudeau has done a lot for his party, hopefully he keeps it up
No one who voted for the liberals are enthusiastic about voting for Poilievre. 
I know he's likely to be the next Prime Minister, but Pollievre seems so lost on this.  He's campaigning with sound bites, but I don't get an impression of confidence or leadership from him.  This is an existential threat to Canada, not some political difference of opinion.
PP doesn't even have top security clearance. If he turns out to be a Russian asset I wouldn't even be surprised.
Maybe it has something to do with PP echoing everything Trump said right up until he lost 10+ points in the polls, and then started repeating Trudeau, Carney, snd Ford talking points, while still trying to attack the LPC. 

It's become very apparent that PP has no actual policies. Just rhetoric.
PP is going against Canada. Don't forget him using MAGA language and kissing up to Jordan Peterson and Elon Musk. He is a traitor and still not showing unity by going off on his own thing. He would sell out Canada! Not sure how so many Canadians could not see this!
The fact that Pollievre was still trying to make the carbon tax the number one election issue as of last week is a good sign of where his head is at. 

I'm not naive, I still think he has a better than &gt;50% chance of winning a majority but he's not a real Canadian.
5D chess.

Trudeau told Trump he'd stop flirting with Melania if Trump stages a fake international crisis that allows him to win back his popularity.
Right now we are all just Canadian and must work together to protect our jobs, our businesses and our sovereignty!  Partisan politics can get bent!
The obvious answer is Mark Carney.

PP had his acid test and failed miserably.
Kinda crazy, but Trudeau actually did very well last few weeks and Poilievre just showed he isn't meant for the job. Is that a comeback for Trudeau?
What a time for Carney to be in the running. Career economist in a time of economic uncertainty? Has experience with helping a nation survive separation from key trading partners? 

Even disregarding PP being an absolute clown, Carney seems like such a good person to put my faith in. Hopefully he cleans out the Liberal Party of the bad actors that love complacency, as that would be my only issue with voting for Carney.
Kind of interesting that in the last few weeks of his mandate, Trudeau has been able to bring an unseen level for the last 50 years of Canadian patriotism.

You can hate Trudeau and what he's done, but PP has proven again he's all talks and nothing else.

This guy had an assured victory, but I don't think it's as black and white anymore.
PP late to the occasion. Sorry buddy, you look like a craven opportunist.
Man if this whole thing saves us from going conservative next election I'll be cheering
PP is struggling to define his stance, he's unwilling to voice it because he knows it will tank his chances of winning the election.
At some point, you have to act like a prime minister and be priministrial to the country. I despise Harper, but at least I can acknowledge that he can act like an elder statesman when it counts. 

Pollievre has been nothing but a partisan attack dog his entire political career, and even before he was in politics. That's his whole world. Heck, he couldn't even keep politics out of his Holocaust remembrance speech. We already see Trump in the US, and we don't need that here.
The cons seem weak to me right now. I would much rather have Carney in charge. People scapegoat Trudeau but we all know the impact of covid and QE would be long lasting. PP seems like a child masquerading as a grown up right now. If he can't man up, he needs to step aside. The last 4 years have made NDP non viable for me.
This is your friendly reminder that Trudeau knows how to deal with Trump and set the example for the other world leaders on how to manage him during his last presidency.  We picked a horrible time to get him to step down.
PP is not showing himself to be a leader.
Yeah, Poilievre's ad hominem attacks against the PM just don't seem like a good way to combat American expansionism. Plus, PP is an opportunistic self absorbed weasel that would sell us down the river for a chance to hang at Maga Lardo.
Poilievre is a spineless fool. He has zero life experience outside of being a vitriolic political hack. He doesn’t stand for anything; doesn’t have a vision for the country other than to sell it out from underneath us doing deals with people that would never return the favour. It says everything that Musk and Trump want to get him elected.
Unbelievably weak rhetoric from PP. This guy really falls down if he can't say ""woke"" every-other word.

We need rhetorical strength and patriotism in a leader, especially now. I'd take Dougie over PP in a heartbeat at this point.
Dear god please do not vote PP, he is endorsed by a nazi oligarch. Let that sink in.
And, we all saw Freeland's meh response.
Not a fan of Trudeau, but he handled this well with this one month delay. Not sure PP would handle it.
It does look like Trump just made Trudeau look good.
PP’s strategy of “Trudeau bad” is losing traction when the current federal need is to stand for something, not simply against someone."
Poilievre looking forward to blaming Trudeau for economic effects of Trump's tariffs,https://www.reddit.com/r/canada/comments/1h0j347/poilievre_looking_forward_to_blaming_trudeau_for/,https://www.thebeaverton.com/2024/11/poilievre-looking-forward-to-blaming-trudeau-for-economic-effects-of-trumps-tariffs/,"While satire posts are popular we understand that not everyone enjoys them. If you wish not to see them please use the filter on the sidebar or set your own filters to block satire content or websites.

La satire est populaire ici, mais nous comprenons que tout le monde ne l'apprécie pas. Si vous ne souhaitez pas les voir, veuillez utiliser le filtre sur la barre latérale ou définir vos propres filtres pour bloquer le contenu satirique ou les sites Web.

Filter out Satire - Filtrer Satire: https://st.reddit.com/r/canada


*I am a bot, and this action was performed automatically. Please [contact the moderators of this subreddit](/message/compose/?to=/r/canada) if you have any questions or concerns.*
Where is the satire?
It actually puts the Conservatives in a good position. They can essentially claim Trudeau is the reason Trump is punishing us.
“We Canadians aren’t as stupid as Americans”

-usually Canadians

Meanwhile:
The Beaverton spitting real facts here is the real scary thing.  They’re gonna spend the next half decade bitching and moaning Trudeau this that whatever and few are going to question it.
If this dumbasses refuse to secure our border we all gonna blame him ofc.
you're reeeeally gonna let trudeau off the hook. that's craaazy..
it will work too
[deleted]
Probably Harper’s fault!
Career politician man to the rescue is going to take over this sinking ship, nobody knows what his genius plans are to fix it (shocker he doesn't have any) and to carry on keeping housing prices high and immigrants flowing in.
Well it's not Pierre's fault so who's the one in power now that controls the Canadian border?
[deleted]
Whoever is in power in the next few years is about to get a lot of blame for Trumps horrible economic beliefs. 

The writing has been on the wall so long. The funniest thing the Liberals can do is call an election so he isn't in power by the time Trump unleashes his economic suicide. 

The Liberals good or bad will have a lot of momentum when everyone watches our economy burn down during the next 4 years so long as anyone else is in power.
This isn't even a joke. He will. Literally anything wrong with Canada in the next 25 years will be blamed on JT. His supporters still won't shut up about his dad and the dude hasn't been in power for 40 years and has been dead for 20.
Poillievre also looks forward to continuing 95% of Trudeau’s policies so 🤷‍♂️
Lol meanwhile Poilievre is saying he'll enact his own tariffs if Trump enacts his

RIP our economy I guess
5 years from now, is he gonna be still talking about trudeau the same way trump talks about biden?
If you take Trump at his word, Trudeau can avoid the tariffs by beefing up border security and doing more to stop fentanyl traffic (something we should be doing anyway). It’s a small ask compared to the damage the tariffs would do. If Trudeau doesn’t make an effort to prevent the tariffs, he deserves the blame coming to him.
you have shit like this happening in real time - [https://www.instagram.com/canada\_to\_usa\_3/](https://www.instagram.com/canada_to_usa_3/)  

The guy is openly advertising his ""border crossing services"".  He is not even hiding his face. It's good someone is finally lighting up fire under their arses.
PP looking forward to pointing to Trudeau's policies as the reason why Canada is in Trump's crosshairs to begin with. Illegal immigrants crossing into the US from the north was never a problem until Trudeau's lax visa policies 
Didn’t JT just yesterday blame Harper for not meeting the 2% during NATO meeting?!! Harper hasn’t been in power since 2015! They are all the same ! Always blame the previous guy
Kidding aside, the sitting PM for the last decade absolutely *is* responsible for the state of trade and negotiation with our closest ally.  

These are the consequences if he'd rather mutter jokes about Trump under his breath rather than forge a productive relationship with the USA which is his fucking job.
Of course he is. Just like how Trump is going to blame Biden when his tariffs increase the price of imported US goods by 25% all of a sudden.
Also known as politics 101.
[deleted]
I tended bar for years, and I can say with 100% confidence that Pierre Poillevre is the embodiment of the guy that shows up to a local bar, can’t relate to anyone, needs to insert himself in to other discussions, explaining why they don’t get it, and after maybe 30 minutes, everyone is tired of this asshole, and is actively arguing with or ready to fight him.

Edit:  He will ask a generic question that makes it seem like he might buy the place, despite having no idea how to run a restaurant/bar, or really any business for that matter.
Not that funny when it's so close to the truth.
I’d rather not catch strays early in the administration, I think Trump and Polievre will get it sorted out. I can understand tariffs (even if I don’t like the concept on principle) against countries that levy their own/have regulations that are impositions on said country, but I don’t understand what Canada has done to deserve them in Trump’s eyes. Hoping his cabinet can have that discussion further. 
lol well if the person in power chooses to do nothing once again then yeah he's to blame
I know this is satire, but to be fair:  If Trudeau is too stupid or weak (or both) to be able to fight back, then he deserves the blame.
I think we all will be.  Trudeau is doing self inflictedd wounds on himself, but because he's prime minister it's wounds to canada.
Can we drop the act that the Beaverton is a satire news organization and an actual, legitimately informative and trusted source of information?
Oh fuck. Now the Beaverton is writing PP’s scripts for him. Hmmmm.. I wonder how long before this goes from fiction to fact?
The Beaverton has been getting too real recently
I’m sorry? Who else would be responsible for Canadian border security?
So weird how bad economy can be blamed to everyone other than the person/party responsible. Even weirder to me is that many people buy that shit.
If we get our border cleaned up though he said he will not do it.


 So why don't we just get our border under control?
Hot take here, but I just want them both to work with Trump to bring prosperity for both countries.
Its already happened. [https://www.youtube.com/watch?v=UlSO0GsHEdo](https://www.youtube.com/watch?v=UlSO0GsHEdo)
I mean...Trudeau still blaming Harper after all this year...
At what point does satire stop being satire? 

PP is already doing that...
The lax border security is because of Trudeau. You can't possibly blame border security on the province, or PP or Harper!
As he should.

Trudeau apologists are a very special type of person, to just ignore everything he's done to ruin this country. Unreal.

Edit: Here they are, full force cope, downvoting, panties in a twist 😂
I don't know what's worse:

That you can't really be sure if this is satire or not, or the fact the Beaverton was beat to the punch by Danielle Smith actually doing it already.
This is not even satire.

Talk to an Albertan or rural Ontarian who likes Trump but then loses their job due to his tariffs.  Bet you a gold bar they'll say it's Trudeau's fault.
Well to be fair, in Trump’s tweet he directly cited Canada’s ‘open borders’ as a reason for the tariffs so he does have an angle here."
Trump says he is 'probably so' going to reduce Canada tariffs,https://www.reddit.com/r/canada/comments/1j8z7ht/trump_says_he_is_probably_so_going_to_reduce/,https://www.yahoo.com/news/trump-says-probably-going-reduce-192236887.html,"Trump was practically declaring war on Canada this morning in his rabid truth social post, and now he's backing off on tariffs yet again.

I'm not sure what happened, but someone very powerful talked to him, or maybe someone in his staff slipped some Nyquil into his diet coke or something.
This is genuinely the stupidest timeline istg.

Just doubling tariffs at the drop of a hat and then rolling it back a few hours later....ffs man.

When will stability return, honestly? Why do some people want a president who's *always* on the news grabbing headlines for doing something outlandish, crazy, or juvenile?
Only one of them is looking weak.
The US produces 16% of the Aluminium it needs and imports the rest, with the majority of it from Canada.

From the Defence ministry, the auto industry, the aeronautics industry and aerospace industry…. They are all up Trumps ass asking wtf is he doing. Especially when Canadian Aluminium is the only one currently certified for many sectors of those fields. 

It’s hurting Canadian industries but American industries will be devastated as well. 

 The worldwide aluminium demand is high. And all that aluminium can, and has already started to, be diverted to other markets. 

Economics 101 is more then half grasped concepts
Remember guys that the entire point of this is to delay to diversify. Companies are looking and working on that, but it takes time. Nothing will go back to normal even if all tariffs are dropped, because the entire economic model's changed.

As long as we maintain a hard stance and keep being stubborn, the US will always have more to lose due to their more advanced economy (we'll still hurt like shit, but they're going to hurt a magnitude higher).
Didn’t I just read he was increasing them like 5 mins ago?
What are we doing guys. Like genuinely. People’s livelihoods are at stake. Tariffs or not the relationship is damaged.
https://www.livemint.com/news/us-news/from-jamie-dimon-to-jane-fraser-donald-trump-to-meet-top-ceos-wall-street-bank-executives-amid-tariff-concerns-11741656759447.html

This clearly is unrelated to his recent tune change...
It was about to go crazy. 25% export duty on electricity serving a fraction of USA vs USA slapping 50% tariff on Canada’s aluminium and steel. 

They’re going to have to back out and the visit will be about how to save both of their faces without looking weak.
""The only thing that makes sense is for Canada to become our cherished Fifty First State. This would make all Tariffs, and everything else, totally disappear. "" -Donald Trump, TODAY!
Donald, we want Tariffs gone completely and I still want to see the live stream of him driving that Telsa that he bought for 3-4 hours. Even though he didn't promise that. But I want proof that he'll use it.
And a few hours ago he was definitely increasing them… 

Magic 8 ball economic decisions being made
We don’t want them to be reduced. We want them gone. Period.
I seriously facepalmed after seeing this headline. FFS out loud followed after.
#JABRONI ECONOMICS 
F*CK that guy, Warren Buffet said it clearly, those are acts of war.
You put the tariffs in , you take the tariffs out, you put the tariffs in, and you shake it all about. You do the hokey pokey, shake the market round and round. That's what trumpy's all about
Hey Canadians, can we all just go to the pub for a pint?

If you don't drink, then maybe just fries?

I need a break and would like to hang out and commiserate.
Trump had his business roundtable earlier today with major US business leaders.

We in Canada aren't the only ones pressuring Trump to remove these tariffs.

We've got official negotiations set for Wed, let's see where it leads.

Don't forget: what's important to Trump isn't even winning, it's APPEARING to win. If he starts bragging about grinding Canada under his bootheel &amp; all his ridiculous posturing WHILE removing tariffs, lol...we need to take the win &amp; let him have his fawning.
I love how Canada really made him bend the knee. 😂
Yeah he also kept arguing during the press conference that canada should become the 51th state

Wonder what Ford think about that? 

He should cancel any meeting until they drop that nonsense.
Watch what stocks his party members are buying. MTG seems to have developed a 6th sense lately in the markets
Can he just go play golf for 2 years and leave the world alone.
Canada needs to find stable trading partners IMMEDIATELY
He’s such an evil person. He loves the chaos.
Snip Snap! Snip Snap!
""Doesn't need Canada"". But daily tariff threats since he's been elected.

What a deranged MF.
I don't even know what they are trying to negotiate. Can't trust anything signed by America, now and in the future. 
This is why America right now is poison to invest in. The regulatory flip-flop, it's going to spend billion on shoring manufacturing and other formally outsourced activities; when the federal government flip flops like a bass on the line.
We're talking about the 50% on steel and aluminum, not tariffs in general.  Not the great news you think it is.
Don’t talk the talk, walk the walk Donald! Can’t even commit lol so pathetic.
Yeah, this week. Then his adderall prescription will get refilled and next week it'll be ""CANADA MUST BOW TO ME OR I WILL OUTLAW SYRUP.""
Ape is going to Ape
This is what he is doing in the US. Bogging down headlines with executive orders and rage bait. Hold the line Canada Xoxo.
Yeah, this is in response to Ford pausing the 25% hike on electricity.
Weaksauce, again from a Russian pussy.
Lmfao this dudes an absolute lunatic. What is even happening right now
Cool. Of course, he’s probably just going to change his mind in an hour and say “500% tariffs!” because he has no idea what he’s doing.
Reduce isn't eliminate, put some more rocks on his chest....
I’m thinking we should start randomly switching their power on and off at random times and say that’s just what we felt like doing today and we don’t care what it does to their electricity network.
His tariffs shift just as much as the shit in his diaper.
Not what the US news says! Fun experiment, watch the Canadian news, then watch the American news. Then a couple of hours later watch the European news. This is seriously a world of disinformation now.
He’s such a colossal twat.
Trump sounds like my father who has dementia. Rapid mood swings. 
It was such a relief when he lost in 2020.. what a nightmare we’re living in
Needed to happen. We took off the export tariff as a measure of good faith, it was only fair they back down too. This meeting this week will let us see how serious they are about de-escalating further.
Imagine playing chicken with your own country causing your own recession.
I am now terribly afraid to see what new horrors occur when we get into 2026.
At this point I think I’m becoming an accelerationist and just want him to go full out so the Americans get fed up and this ends quicker
When is he announcing retirement?
Shocking…didn’t see this coming"
Tariff war: Cross-border shoppers hit with 25% surtax on U.S. purchases when re-entering Canada,https://www.reddit.com/r/canada/comments/1j5pm39/tariff_war_crossborder_shoppers_hit_with_25/,https://nationalpost.com/news/local-news/tariff-war-canadian-cross-border-shoppers-hit-with-25-surtax-on-purchases?utm_source=twitter&amp;utm_medium=organic&amp;utm_campaign=NP_social&amp;utm_content=news,"""What's the current status of Trump's tariffs?""

""I'm not sure. The last I checked was an hour ago.""
Not a single fucking Canadian should be crossing border to go shopping. It should be 100% surcharge given the situation. Have some patriotism for your country and stop buying American products.
What Canadian is crossing the border to go shopping. Is it 2007? There are no deals to be had right now with our dollar where it is.  
The Officers at the Niagara/Ft. Erie border arn’t showing any discretion either. If you don’t have a personal exemption (and you won’t have one unless you spend a full 24h outside of Canada), you’ll pay a 25% surcharge on all USA goods.

This means on a USD100 dollars of Trader Joes you’ll pay:

13% HST on the Canadian dollar amount
Plus 25% surcharge 
Plus 13% HST on the actual surcharge

So at today’s exchange rate you’re looking at 60 dollars Canadian for every 100 USD spent on American goods.

They’re even in sending people who spend 20 USD dollars because that still generates $12 in revenue.
Good. 

Buy local and elbows the fuck up.
The article is wrong. The tariff does not apply to every good, only the goods listed on the surtax order.
This is a real war. We have to take sides and I would think we would want to be on the Canadian side if we're Canadian.  And I think if we were American, we would also want to be on the Canadian side.
Good.  They shouldn't be shopping over there under current circumstances.
To clarify the headline, it is only if the total is above the blanket personal exemption (which is C$800 for any trip over 48 hours).
[deleted]
Who goes to the US to buy product during this whole thing. First off, clearly we are in the midst of a tariff war. Secondly, the exchange is atrocious it's not like you're saving anything.
unpatriotic idiots still thinking that buying in the US gives them cheaper deals during a tariff war

fuck'em
You get what you pay for, don’t go to the fucking states and spend money. We need a snowbird tax while we’re at it
Border towns and cities are going to have a harder time breaking away from buying American than the rest of Canada. But they need to get on board and stop going to the USA for gas and groceries. 

Buy Canadian people
SNL needs to do a skit like in Wayne’s World where they’re moving hockey stuff on and off the road. “Game on!” Would be Tariffs ON, Tariffs OFF! Just back and forth constantly. Lol
Good
What idiot is cross border shopping right now?!

The prices are so bad AND our dollar is terrible.

Let alone the whole buy Canadian thing. 

My parents live on the border and haven't been in ages because of outrageous costs
Does the personal exemption still applies for more than 48hours out of the country?
Why are Canadians shopping in the US is the question and then there’s our dollar - 70cents??  I have no sympathy here.
Donald Trump. Making Canada self sufficient one tariff at a time.
I saw this a couple days ago and I remember a person saying they went for the cheap milk....My thought was...WHAT...you don't actually put that... bovine growth hormone... shit in your body do you?  I get it people are struggling to makes ends meet but really????


“Ladies and gentlemen, the greatest, smartest people—maybe in history—

We are doing incredible things for this country, folks. The economy? Booming! Jobs? Better than ever! And tariffs—beautiful tariffs—are how we keep it that way. Now, people say, “Sir, what’s the deal with tariffs? Are they on, are they off?” And I say, “That’s the beauty of it! Nobody knows!”

One day, no tariffs. The next day, boom—tariffs! It’s called keeping them on their toes, folks. Some say it’s unpredictable—I say it’s 4D chess.

Now, today, I wake up, and guess what? My servant—great guy, but not always the best—he didn’t cut the crust off my PB&amp;J. Total disaster. I didn’t enjoy it. And then—the sombrero. I have a beautiful sombrero, folks, a gift—maybe the best sombrero, very classy—and it falls off the hook. Just like that. I take it as a sign. Tariffs on Mexico? Back on! Sorry, Mexico, but that’s how it works.

And Canada? Oh, Canada. Folks, I was not happy this morning. Melania—beautiful Melania, best First Lady ever—she called me “Justin” while we were playing around last night. Justin! Can you believe that? Not good. Tariffs on Canada? You better believe they’re back on. Big ones, maybe the biggest ever.

Now, will they stay on? Who knows! Tomorrow, maybe I’ll have a great sandwich, maybe Melania says the right name, maybe we take the tariffs off. We’ll see what happens.

Thank you! God bless America! And God bless my beautiful, tremendous tariffs!
Can we stop posting links to this American-owned rag.
I need to buy at least $2k worth of auto parts and regardless of whether I buy them here at the dealer or at an parts store, they all transit through America. My parts suddenly got 25% more expensive.... RIP wallet.
I’m going to the US next week with my family to visit my sister. We use nexus and plan on buying nothing aside from consumables. The exchange rate make this an easier commitment to live up to. 

Curious if nexus people will still warrant an extra close look.  I’m fine if they do.  I’ll proudly say ‘We bought nothing’.
Only those goods above your personal exemption.  You were already NOT exempt from provincial and federal taxes if you were bringing back goods worth more than your exemption. This adds the tariff tax too for goods over the personal exemption.
What happens if you drive into the US to meet non-American relatives also visiting the US (their tickets are non-refundable, at least it's to a blue state), and they give your kids a gift from their home country (clothes, toys)? Ask them to give us their receipts for our return crossing of course and declare them of course, I'm just curious how CBSA agents would assess that for customs/duties since it's not a US purchase (nor a US gift).
1000% tariff on oranges
I hope long term the personal exemptions are actually used. We all know we usually get waved through no questions asked etc. but Canada has some serious economic conditions to contend with. Long term wouldn’t it encourage people to buy Canadian etc if the rules actually applied?
Buy Canadian!
This sucks, I've gotten used to buying a few things regularly that just aren't sold up here. My precious US-only Core Power flavors
Why are they still cross border shopping ?
[deleted]
American here. Don't buy from the US. Buy domestically and establish/enhance trade relationships elsewhere.

Unfortunately this sh\_tshow in the US is just getting started, and Trump is just a symptom, plus we don't have a Democracy anymore so this antagonistic attitude towards Canada for no good reason (politicians deflecting from their failures) will only continue as things worsen in the US.
Gas is 40 cents cheaper in the USA (sarnia/port hope) with exchange and grocery prices are way cheaper too.  Emotions aside if you want Canadians to not go shopping in the USA than lower prices here.  Yelling traitor and other BS slogans is making it worst because you are creating hate and divide..... grow up.
That's fine. We shouldn't be crossing over to shop in the first place.
Good.  Spend your money in Canada instead.
Looking forward to video of these self centred people crying about this.
I mean our dollar is so crap anyway, what could be worth crossing the border to buy?
Charge more on anyone spending money in states rather then Canada let the traitors pay the toll
Good. Why are they going there to shop anyways. Saw some lady on the news smirking while she explains she’s only shopping locally now because of the surtax. 
Have some patriotism.
Should be higher. These Canadians are an embarrassment and should not be shopping in the US."
Donald Trump doubles down on threat to slap tariffs on Canada as British PM declines to stand up for Canada,https://www.reddit.com/r/canada/comments/1izsszo/donald_trump_doubles_down_on_threat_to_slap/,https://www.thestar.com/politics/federal/donald-trump-doubles-down-on-threat-to-slap-tariffs-on-canada-as-british-pm-declines/article_8b481ae6-f530-11ef-ad2c-ab9496a58153.html,"Say it with me fellow Canadians: We. Can. Only. Rely. On. Ourselves.


It's time to get serious and realize no one is riding to our rescue. It's up to us.
It definitely has been eerily quiet from Europe while our democracy is under attack.

EDIT:  Link if you got paywalled [https://archive.ph/9GGgt](https://archive.ph/9GGgt)
Churchill rolling in his grave....
Canada has been there for a ton of countries without asking for anything in return.  And in their time of need, THIS is the sort of support they receive? 

Bunch of fucking cowards.
Brexit has GB in a weak position. They didn’t used to cower from fascists. 
I think the Europeans think laying low will save them. Good luck with that.
Not reading too much into Starmer’s comments but it’s bringing to mind the kind of dynamic our forefathers were prescient about. A big reason they pushed for Confederation is because they suspected Great Britain would not give enough of a shit about us in the event of threats from the US, so they wanted us to have our own army. 

Anyway, while we shouldn’t jump to conclusions since it’s possible Starmer just didn’t meet the moment this time or sees no benefit in taking this kind of thing seriously at this point, it will do us good to take a stoic attitude about it and be proud to have some considerable economic and other means at our disposal by ourselves.
I FUCKING HATE THIS TIMELINE WHERE FUCKING WORST PEOPLE ARE WINNING FUCK
I don't even know what to think, so here is just a silly idea that popped into my head. End of the day, politics between world leaders is like a dance. You have to give a little and get a little. You have to claim a win. This might be in the ""fight for another day"" category thet hopefully we'll never cross.

My understanding is that after the meeting, it was discussed that Russia will be getting another year of sanctions. That's a HUGE WIN. Of course Trump can change his mind any moment, but it's a big win!

As a Ukranian-Canadian, all this reminds me of 2013 when Russia started talking about helping Ukraine with their problems and how the health care will be better and citizens will be happier, etc. and no one in the free world thought it would be possible for Russia to invade, until it did.

I'm hoping history doesn't repeat itself here.

I don't even know why I'm writing this. Just looking for any possible outcome where something changes in Trumps mind and he realizes on what side of history he should be on.
Yeah, it's disgusting that the country we saved from the Nazis during the Second World War refuses to stand up for us during our time of need.   King Charles has been quiet.  The British PM was cowardly at the press conference.  At least Macron of France had big enough balls to call the orange turd out.
Jokes on the orange goof, we started boycotting on day one of the threats!
I guess that should shut up the CANZUK riders. UK is another country going downhill thanks to its own right wing nuts
I mean if King Charles isn’t going to support Canada or denounce the US for their fucking insanity in the last month then it’s probably time to get rid of our monarch.
When this is done, we need to get rid of the monarchy. It would be good for unity as well because Quebec and FN people would be happy about it. U.K will throw us under the bus the moment it is convenient
Starmer was a coward but we don’t need anyone’s help. 

The economic reality is that we’re in a very strong position relative to the US. The US desperately needs our cheap energy, potash, minerals etc. The US tariffs alone, even if we did nothing in retaliation, would completely screw the US economy. 

This is the underlying reality of the whole 51st state nonsense. It’s a confession that they need us, and they are embarrassed by their weakness. And speaking of cowards, Trump would never have the balls to order an invasion. It’s all empty talk from a guy who is holding a weak hand.
Fuck the UK.
The UK is a shell of it's former self... it's a country in decline.
Deep breaths
Obviously they forefieted their balls along with their empire
If Canada stays a country after all this, the monarchy is completely finished. The one time we needed them, and they turned their back. Never again.
Canada is just finding out that in global geopolitics there are no permanent friends or enemies. Just alliances of convenience.
People calling for the end of the monarchy have no idea what a bad idea it is and would likely mean the end of Canada. 

No Canadian currently alive would see any sort of monetary benefit from it and it would take maybe 100+ years before we started to save money due to the costs involved.  

It would require every level of government across the country to spend 5-10 years working on rewriting all law. 

We would need to get all provinces on line and it would be a nightmare dealing with the asks of some provinces(Quebec and Alberta).

It would make us more prone to foreign interference from the likes of the U.S. or Russia. 

One of the benefits of our current setup is that there is no executive power. Which, looking at how that’s being wielded in the U.S., makes our country more democratic.

Even if it was a good idea and would go through without issues, it would be like painting the walls while the house is on fire, especially in our current geopolitical climate.
Starmer hasn't sorted his own shit yet.  Take it easy. Has Canada jumped to the fore, extoling something something Britain, in a concerted effort to jump under the gun, while actually responsible for another country altogether?
Bring it! Hard and strong you fat orange fuck.
Done with the threats, we are a self sufficient sovereign nation…fuck him.
Like we have to pick up arms right? 

Our government needs to give us access to weapons like yesterday.
Whelp, looks like we are on our own buds. You all know what we need to do…

  
Release the geese.
Why the hell are we part of the Commonwealth if the UK won’t stand up for us against the annexationist threats from the US? Canadian soldiers have fought and died with British soldiers from the Crimean War to  WWI to WWII to Afghanistan. Starmer might as well wave a piece of paper and say, “Peace in our time”.
“You mentioned Canada, I think you’re trying to find a divide between us that doesn’t exist. We’re the closest of nations,” Starmer
The UK sold Canada out to benefit themselves. We’ll can stand up for ourselves because we are Canadian.
Fuck Trump, l won’t blame any other country for this. This the US BS.
Do articles like this seem a little engineered to anyone else? Because publishing this would be a great way to drive a wedge between Canada and its allies. 

Europe and the UK very much seem to be on our team. Just because they haven’t come out and bitch slapped Trump in public yet, doesn’t mean they’re not* working closely with us, and have our backs.
It'd be nice to see more support but it's not particularly the British PMs job to argue on Canada's behalf .
Are tariffs always slapped or can they be applied in other ways?
“He rejected an assertion that U.S. tariffs would paid by American importers and consumers, telling a reporter “They’re not, no, I think they’re paid for by the country.””

He seriously cannot be this stupid can he?  Isn’t that what he has economic advisors for?   If he brings down the world economy cause he thinks the US is going to get paid 25% on imports from the exporting country, he will go down as the most unfit leader in the history of the world….if he already isn’t
Anyone else ready for the tariffs? I'm more tired about the threat of them than anything.

And let's trade our rare earth minerals and oil to China/Europe.
British PM should be in damage control mode. He could have soft pedaled a basic non answer Trump wouldn’t understand like “I respect the sovereignty of both the US and Canada and enjoy good relations with both countries.” Instead he attacked the question thereby bending over to Trump. I imagine there was a difficult conversation afterword with Trudeau.
Why on earth we would expect the BritPM to stand up for Canada?
He literally said you were trying to find a divide between us and Canada that doesn’t exist and we are closest of the nations
We don’t need them to stand up for us but it would be nice to hear them speak out in solidarity.
Ok cool so can we finally get rid of the pictures of the queen and king everywhere? And basically the whole monarchy BS?
Canada is alone. For all we help other countries no one helps us. Only ""ally"" to help us gas been the USA. Canada is alone. Next time a country asks us for help we might st say no. 
starmer is a weak tory prick so this is hardly surprising.
Can someone explain to me how beefing up the Canadian border prevents unwanted goods and people from entering the USA?

I always thought our border patrol seizes  these things upon trying to enter into Canada.

When people and goods are moving from Canada to the USA, it’s the USA government responsible.

Explain like I’m 12 please
Disappointing from Starmer. As if any Trump won't wake up tomorrow and ignore any deals they worked out. You have to stand with your allies, or we all fall.
I'm sure if anything did happen, Canada would be backed by most of the free world. Europe, the UK and the monarchy wouldn't stand by and let it happen. However I think it's prudent not to flame the narrative in public. He's such a petulant man child, embarrassing him on the world stage could lead him to being more unpredictable. I pity all leaders having to negotiate with him and his team ..... But be under no illusion, we stand by you Canada..... The UK is pretty horrified at your predicament....

People are taking this Starmer thing WAY too seriously. Like, the ""no divide"" was during a press conference where the divide was overwhelming. Where Starmer was saying things completely at odds with Trump. So when he says ""no divide"", it's bullshit courtesy, not reality.

Further, people expecting specific statements on Canada -- ala ""we will nuke anyone who threatens Canada"" -- are not being reasonable. Thus far Trump's comments and ""threats"" relative to Canada are tosser things, and there really isn't anything to denounce yet. Further every world leader and their underlings knows that if you speak against something, you'll make the orange cheeto triple down. The most dangerous thing the UK could do is strongly announce being against something, as that would make Trump triple down on being for it, cheered on by all the American exceptionalists.

These press conferences are just an endless waste of time and media attention. Everyone needs to stop jumping at every idiotic thing said.
The UK has never stood up for Canada, it is a false narrative fed to Canadians on Remembrance Day. The reality is Canada has always been used as a political pawn by the UK, our soldiers we fodder for elite English generals to throw over the trenches. They also sold out an enormous chunk of our pacific Canadian coast line when it served them in negotiations with the Americans. Ask any European, the UK is not to be trusted more than the Americans.
I don’t get why everyone is afraid of this pathetic man. I’ll never understand it."
Trudeau says Canada to impose 100% tariff on Chinese EVs | Reuters,https://www.reddit.com/r/canada/comments/1f1octa/trudeau_says_canada_to_impose_100_tariff_on/,https://www.reuters.com/business/autos-transportation/trudeau-says-canada-impose-100-tariff-chinese-evs-2024-08-26/,"This is to align with the US 100% tariff on EVs. Once the US imposed that, manufacturers started dumping EVs into Canada.
Where can I find a Canadian-Brand EV? Please tell me Trudeau.
GOOD, I never buy anything made in China! No phone, laptops and especially cars. 

-I'm writing this letter on a rock I found in Algonquin.
Gotta protect the automakers with their $90,000 ""domestic"" trucks and cars.
Cool, I can continue to not be able to afford an EV for the foreseeable future then.
I wonder what tariffs China is going to put on Canadian goods as a response and how many jobs and sectors will be hit by them.
""Everyone needs to switch to EVs by 2035!""

""No No, not THOSE EVs.""

Yeah, this isn't about the environment, is it?
1. Raise carbon tax so utilities, transportation costs, and overall cost of living becomes challenging for the average Canadian, with the goal of ""reducing emmissoins"";

2. Place a ban on gas powered vehicles, which sell for about half the price of an EV, by 2035;

3. Add tarrifs to further increase the relative costs of EVs;

4. Compel workers back the office;

5. Celebrate your environmental achievments with a private jet to a nearby location that was driveable.
If anyone’s ever seen an EV from China you’ll understand why this is happening. China is miles ahead of the EV game and their basic EV cars would be considered luxury vehicles here.
Canada: taxes using carbon

Also Canada: taxes not using carbon
Such lack of imagination!  
Why didn't he turn the table and told the Chinese to build their cars and batteries in Canada if they want to sell them here.
Chinese were famous in the 80s and 90s to force foreign car manufacturers to have a JV to build cars.
Protection for American auto makers
This will surely make EVs more affordable and help transition us off gas vehicles... moron.
Awesome news! This will definitely increase sales of Canadian EVs. Oh wait...
Is he only doing this cause the US did?
How do you square climate policy with this? You’re restricting access to the cheapest EVs.
China has already won the EV wars, the rest of the world just hasn't admitted it yet.

If this was a serious attempt at maintaining the domestic auto industry, it would come with strings attached. Something like ""we'll prevent BYD from absolutely destroying your market for the next 3 years, but in exchange you have to introduce cheap compact city EVs with &gt;200km range"". I suspect it's still too late, but that would at least give Canadian industry a fighting chance. Instead we'll keep pumping out moronic tank-sized trucks, then act shocked when a company making sane sized cars that cost 1/5th as much eats our lunch.
Canadian govt: consumer must buy EV starting 2035. O but allow me to tax the shit out it first
""Buy an EV!""

...  
  
""Not like that!""
Genuine question, are we getting any other imported EVs from other countries?  Are those have tariffs imposed on them?  How much are those other ones cost?
But I thought we cared about global warming?? What about banning gas vehicles??
A 150+ year history of Canada stifling competition and encouraging oligpolies.

It works for a while but eventually nations that do this fail, as we're seeing with our unproductive economy.
So we’re not supposed to drive “polluting” ICE vehicles, but we’re not allowed to buy cheap EVs. 🤡
Great; less competition for Canadian car companies /s
Chinese evs, and cars in general, are so far beyond what we have in North America. These laws are only to keep American automotive companies from having to actually innovate.
Just don't be mad when China retaliates.
People worried about inflation should be more concerned about the tariffs on steel and aluminium. Those tariffs should be getting the headlines because more much people (basically everyone) will be affected by that than the EV tariffs.
Nothing says ""we take carbon emissions seriously"" like effectively banning Chinese EV's like BYD which is selling it's seagull model for 11500 dollars (you can't even buy half a new EV with that money here).
Stupid.  We should have copied the EU's evidence based tariffs, not the American's kneejerk protectionism.  And while we are talking about cars, we should also allow both US standard and EU standard vehicles to be sold in Canada so we can have better access to smaller vehicles that don't sell well in the USA.
Why make it so consumers cannot afford cars?
Leave it to Canada to shoot itself in the foot trying to stick it to China.
Mexico is already getting a BYD plant in the next few months and that's probably where all BYD EVs will be coming from, tax-free. Canada won't impose that tariff on EVs assembled in Mexico.

Big corporations can easily circumvent these dog whistles. This won't stop anything.

If Canada was smart, we would have offered to host those plants ourselves, but CHINESE BAD (even though everything we buy has parts made in China).
This is the dumbest thing I’ve seen them do yet

Incredibly hypocritical, forcing EVs but then the actual affordable ones are now unaffordable??
Isn’t Trudeau banning all gas cars by 2035?

Now he’s restricting access to the Canadian market for cheap EVs?

Basically Trudeau isn’t even hiding anymore that he wants to make life as difficult for us as possible
Globalization and Free markets are only good when you're the one dominating them.
Wouldn’t want us poors owning something
lol I remember 10-15 years ago western countries used to extol the virtues of free trade and look down on the asian countries for tariffs, calling it ""protectionism"".
In many countries you can buy a new EV imported from China for decent price. For example in Ukraine you can buy a Volkswagen id4 for 30K USD. In Canada the price for the same car, made on the same factory is over 60k cad.
Always a copycat , now acting after being called ut by USA and domestic opposition.
This shows the hypocrisy of the liberal government. 

""We need a carbon tax to make ICE vehicles more expensive to operate and comparable to EVs until we can cheaply produce EVs.""

Now that the Chinese can produce cheap EVs we need to tax them because they are too cheap.

 It was never about the environment. It was about control. If it was about the environment we would welcome the cheap EVs.
cmon man i just want a BYD.....
American capitalist: competition fuels innovative!

Also American capitalist: whoa whoa hold your horses
Most Canadians can’t afford a North American made EV.  So how does this line up with their climate policy.  Oh wait, they’ve always been hypocrites
politics are so inconsistent. as much as I support securing canadian jobs the liberal government has consistently focused on environmental concerns (not saying I agree with all of their solutions - just that they have made it a staple issue). To put a 100% tarrif on what will be the cheapest EV vehicles due to chinese manufacturing scale is pretty brutal. We should be competing without tarrifs if our products are so good. I cant say I love EVs but they will reduce how much carbon we are putting into the air compared to now, so we should probably encourage that.
Clearly this is because the US imposed the same tariffs. Hopefully that means they’ll lift some tariffs they place on Canadian imports. If not then we really are just puppets for the Americans
This is because China is releasing extremely affordable EV’s (10-20k USD). They need to keep the scheme going and prices high for all the auto companies and lobbyists.
Awesome, we should do the same for phones. Then we can all buy a poorly engineered $2,000 North American made smart phone.
Interesting to call back to this article and the comment section from just 2 weeks ago when Poilievre called for tariffs

https://www.reddit.com/r/canada/comments/1eoqlfk/poilievre_calls_for_tariffs_on_chinesemade_evs/

The overwhelming sentiment was anti-Poilievre and the idea of tariffs. Wonder if the same people feel the same way. 

I wonder what happened? It was just 2 weeks ago Poilievre made comments supporting tariffs and Trudeau called the idea ""silly"" (https://www.cbc.ca/news/politics/trudeau-poilievre-criticism-goodyear-announcement-1.7292143). I know every single politician double speaks, but it seems pretty rare for a politician to go back on something in just under 2 weeks, and even support something their opposition also recently supported. I can see both sides of the pro/anti tariff argument.
Haha there goes your affordable cars and free market. The govt doing everything they can to keep vehicles super expensive and fk the average citizen. In a free economy this would make the competitors lower their price and make vehicles more affordable for everyone. 

Hypocrites how don’t you want to go green and save the planet for the global warming now?
Gotta protect those monopolies at all cost."
Canada vs Elon Musk: Targeting the world's richest man has its risks and rewards - Tariff war puts Donald Trump's efficiency czar in Canada's crosshairs,https://www.reddit.com/r/canada/comments/1ikqou5/canada_vs_elon_musk_targeting_the_worlds_richest/,https://financialpost.com/technology/canada-targets-elon-musk-tariff-war,"[removed]
[removed]
The real risk is doing nothing. They’re uniting us. I hope our federal government, regardless of which party wins, has the balls to stand up to these fucking nazis. Let’s fucking go eh!
“Efficiency czar” is an interesting way to spell “puppet master.”
The same Elon musk that endorsed Pierre? 

I’m not an expert, but it’s my opinion that if Musk and Trump want Pierre in power, we definitely do not.
Starlink really should be treated far more harshly than just ripping up contracts.  As an ISP this guy gets access to every single thing you do when you use it, and given the state of things should probably be considered a national security threat at this point.
Hopefully Canadians will follow Europe's example and stop buying Tesla's.
The world needs to tell President Musk and his First Lady Trump to go fuck themselves.
Czar... Isn't that word taken from Russia
Robins job with Batman was to largely dance around on the outside in bright colours and cause distractions while Batman ripped people apart from the shadows.  

Trump is Robin, Elon is ripping apart the US while trump creates a spectacle of distractions. He’s even brightly coloured (orange)
No downside, fascism must be stamped out.
Trump threatens to annex Canada.


M u s k put him in power using the full force of his personal wealth and propaganda machine.


What does that make M u s k as he now carries out Trump's assault on American democracy and government?
F Elon. Don’t tell me one man is more powerful than our entire nation.
Just a friendly reminder that the owners of this the Financial Post are MAGA Trump supporters from the US.
A little off topic, but why the hell did everybody start calling people ""in charge"" of things ""czars""?  
I honestly haven't followed it. At first I thought it was just conservatives calling Kamala the border czar as a dig at libs being communist or something. But then I heard (Didn't corroborate) that the biden admin was calling her that. And now I think I've heard republicans try and call like everybody the something-czar.

Why the hell did this happen? It just seems so odd.
Fear?? Elon is a PR guy not a war lord. If he threw a punch would you even notice ? 
 We decided where to spend our money. You only need to drop Twitter, sell your Tesla’s and tease his tiny ego by just saying no a lot. 
 As for Trump just keep saying president Elon.
Block twitter and 100% tariffs on teslas.
This guy's hubris knows no bound. He really thinks he knows more than you and needs to impose himself on the world, including Canada.


E l o n M u s k praises Poilievre, mocks Trudeau as he steps into Canadian politics


https://www.cbc.ca/news/politics/musk-canada-poilievre-trudeau-influence-1.7426954
Does Canada’s aerospace engineering industry do much or any work for SpacEx?
USA can break trade agreement citing national security and ignore international tribunals, but yet if Canada does it for starlink we'd get sued??
Should def check his ass for drugs when he flies into Pearson to visit his mum in Toronto.
But individual Canadians can choose not to buy Tesla or use X
I don't care what the risks of standing up to Musk are. The risk of *not* standing up to him is that we become a nation of bitches.

Our grandparents didn't raise us to be bitches, and they didn't raise us to roll over for fascists. Fuck that.
The Tariffs massively benefit Tesla. Almost the entirety of their production is domestic.

The other auto manufacturers would go bankrupt fairly shortly after those Tariffs go live, due to their NAFTA based production.

Combine that with the removal of the EV credits....
If we want to punish Elon Musk, meet our climate goals, create new jobs, and provide affordable cars for Canadians, we should drop our 100% tariffs on Chinese EVs and allow companies like BYD to build factories in Canada.
Speaking of crosshairs, signed up for firearms training. Just doing my bit as a loyal Canadian. You're welcome 😊
Is it possible to call him a traitor and revoke citizenship
Imagine for a few minutes you had no idea about any of this. The last 9 years esp. How blissful first of all. Maybe it’s after the Berlin Wall came down, before Desert Storm, things aren’t fantastic but steps are being made in the world, and it’s not scary for a lot of ppl - it’s so so on a Tuesday. (Yes, I know there were atrocities happening still, I’m sorry, bear with me) Or it’s now and you have a good meditative reset and forget for a bit.

And you’re back….

How f&amp;@king insane would it be to read some of these headlines that are actual reality of the last couple weeks. 

Without any context, who tf would question what that hand gesture meant?! Twice. 

How is ANY leader or representative in Canada, let alone one trying for PM, not giving that whole crew the proverbial finger with every statement? (Yes I know Liberals have big issues too)

51st State? Greenland? Wtf?

Who would actually have to wonder if Ford would gradually sell us out to them if he wasn’t faced with being screwed as well last wknd? Healthcare, education, green space all at risk, but a fancy spa …gets a leg up. (Sorry for the province specific note).

What are we doing here? It’s Biff and his crew from Back to the Future 2 in the White House. It’s bad scripted villainous reality tv with nuclear codes.

People are likely stuck avoiding a break from all of it because they don’t want to come back to it in a week to hear it’s 3 notches worse. 

Wild.
Transnational billionaires are a global problem.
We should ban X for national security reasons. Tariff Teslas 100% or more. Revoke his citizenship. But I don't think rural Canada can do without Starlink. 
Always remember the quote by ""former US Secretary of State, Henry Kissinger""

""**it may be dangerous to be America's enemy, but to be America's friend is fatal**,

Don't hug them; they will bite you.
Everything has risks and rewards and I feel most sides of this debate, but Canada should NEVER bend the knee to fascist bullies!!
Need an operational government.
[removed]
Going after Elon doesn't do anything. It doesn't fix the problems that have allowed the US to economically leverage Canada this way.

If you wanna boycott his shit, if the government wants to impose tariffs, good, do it. But don't pretend that it's going to change the tangible reality of the situation. It's vindictive, and yeah, it feels good to say ""fuck you"" with your wallet. But the $7B Tesla makes in Canada each year is nothing compared to $440B that we export to the US each year.

I don't think the US government is going to change their minds over a targeted instance of economic cancel culture. It's pretty clear at this point that they have bigger goals. We're talking about leaving the cinnamon out of the pie, they are talking about eating the whole thing. Don't get distracted.
What do we want? Chinese EVs.
When do we want them? Yesterday.
Czar this, czar that... we need a Czar to control the czars!
As an American, please stop him since no one in power on our end seems to be able or want to...
Just be passive about it. Tesla does not have the best or the most efficient chargers to award a contract to. Just make him start paying paying other companies for patents if his chargers to get government contracts. Done. There are other forms of leverage such as being crazy and only participating in space missions that involve Bombardier.
I love how we are so anti Russia and then all of a sudden Trump gets in office and the West hates eachother and starts throwing the word Czar around wtf lol
Canadian here, I hate Elon so much. We should ban him and any of his companies from operating in Canada. He is a scourge to anywhere he operates. This man is evil and the longer Western nations allow him to profit off of them the worse and more emboldened he is going to get. We have to have the will in politics to kneecap billionaires and redistribute a major portion of their wealth to benefit all of society instead of a very small group of wealthy elite!
We just need to drop our tarrifs on BYD cars...
[deleted]
100 % tariff Tesla if we see a trade war !
If Canada France and Germany want to team up to financially draw and quarter him, I salute them.
Musk's Canadian passport should be revoked. Supporting and enabling a fucking clown that undermines our sovereignty... Fucking traitor.
There's a reason Elon, Trump et al. support P.P. If you think there haven't been quiet conversations in the background of ""we'll endorse you, flood social media for you, but when you get into power, these are our expectations"" then you aren't paying attention. Pierre will be a puppet that will roll over and open Canada up for the taking.
As an American. Please Canadians, demand your government bring max financial pain to Elon and every subsidiary he owns.
Sales of his Swastikars are plummeting in Europe and will probably do so here as well. We should get rid of the tariffs on Chinese EV’s that we only put in place because the Americans wanted us to, so Elon could have pretty much a monopoly on the EV market. I hear BYD have better vehicles for lower prices anyways.
Just remember that when politicians talk about finishing efficiency they mostly mean the efficiency of funnelling tax dollars into their own pockets not making government work better."
'We will not budge': Ford says 1-month delay on auto tariffs not good enough,https://www.reddit.com/r/canada/comments/1j4ffp5/we_will_not_budge_ford_says_1month_delay_on_auto/,https://www.cbc.ca/news/canada/toronto/ontario-tariffs-auto-industry-1.7475578,"I am enjoying the united Provincial and Federal response. Makes us look in formidable.
Very proud of this.  The Ontario auto industry is massive and it's gotta be tempting for Ford to bend. 

Together we're strong.  Elbows up
Ford is right. Trump is going to pull this every month.
The on/off tariff negotiation is stupid.  Trump declared economic war on us over virtually nothing.  

The supply chain with automakers has existed for at least a couple decades if not longer. It will take a lot of money and time to move operations from Canada to USA if that's what Trump is expecting.  

Canada is best off cutting some of our reliance on USA. 

We ain't doing this 30 day pause every month. 

Trump unlocked a fury inside a peaceful nation that will not quell so easily.
Don't give an inch. The free world is waking up and taking a stand again Donald and MAGA.

Look at the fire of a speech from a senator in France today. Straight up called Donald a traitor.

A new alliance will replace NATO. Buckle up.
Enough of all this bullshit. He's just gonna change his mind again tomorrow anyway.
I say this a lot, Ford is like the annoying hockey uncle that shows up to every game and screams at the refs. 

But he's the guy you want at your back when a fight breaks out in the parking lot.
PP needs to take some lessons from Ford.  Ford knows how to read a room.  Pulling US liquor off the shelves, wearing a hat that says Canada is not for sale....


There's a lot to criticize with Ford, but he knows how to step up to the moment.
So proud to be a Canadian right now!
I’m so thankful to Ford for not taking the win for his province and seeing it’s just a temporary attempt to divide us. He’s exactly what Canada needed in Ontario at this time. 

Now just smile and push that turn off electricity button.
Every time they perpetuate the disgusting fentanyl lie, we need to absolutely blast them. Their lies cannot stand.
Who had ""Doug Ford leads Canada through Trade War"" on their 2025 bingo card? Sure as hell not me... Im definitely here for it but never saw it coming. Just wish my premier would stop eating lead paint chips with a side of paste. As an Albertan I feel compelled to apologize to the rest of you... Even though I didn't even vote for the lousy wretch.
I am really liking Doug these days.

(something I never ever thought possible and I am sure I will go back to hating him soon)
Well, I don't think Trump is holding back on autos because of Canada gov. He's holding back because he doesn't want the manufacturers to suffer. Canada could've done nothing and the autos still would've been excepted.
i have never seen the country so united. FUCK the USA and FUCK donald
Alberta announced the same as Saskatchewan to ban ordering anymore US Liquor
A user that works for GM said that their trucks crossing into America were told by HQ to turn around and come back if they weren't across by 23:59.  I'm not sure what's going on, but maybe stockpiling cars and parts for Canadians, or waiting to send them after the tarrifs kick in so they can stick it to the states.
The only reason the 1 month exists is for the US car companies to confirm to trump  that they're going to open plants in the states. That's all it is.  Nothing to do with helping Canada. In fact it's to hinder it 
Delays are harming us, time to make these pigs bleed.


I LOVE that we aren't playing their game anymore.


At this point I think we should enter a mineral contract with France/Britain for nukes.
Hell yeah Dougie
I don't like Ford, but I like patriotic Ford.
Turn it off Doug. Lights out.
 The pause is not to for our benefit, it's to minimize disruption over there.  

We need to put an export tax on every exempted item to make the tariffs effectively 25% across the board.  

Even better, every exemption or tariff reduction gets a 50% export tax so it hurts them more.  They're telling us what they need from us.  Make them pay for it.
I’m excited to see how Ford handles things with Trump. This could provide a great example of how to navigate the Trump administration.

🍿
Hell yea Doug! Elbows up! We'll win this thing against dumbass Trump in the end, he's a weak stupid cowardly opponent.
Don't let those bastards up for breath. They will fuck us over if we do.
Doug Ford, isn’t my favorite person. I don’t even think he is a particularly good person in general. That said, I think he’s exactly the type of leader we need at the moment. I’ve been pleasantly surprised by the firm response from both the Ontario PCs and the Federal Liberals.
Good. There's two sides to every deal and we can't let one side dictate every term.
I never vote conservative in my life and that is not going to change, but to get around a bully you need a bully. If Doug Ford run for Prime Minister, I will surely vote for him. Canada should get a bogus reason like some kind of equivalent of fenanyl to impose tariffs on on the us.
With the giver at a federal level is such disarray, it’s awesome to see the premiers step up for the good of the country as a united front.
100 percent tariffs on Tesla’s I noticed a truckload of Cyberjunk trucks crossing the border late last night trying to beat tariffs Fck Elon
The north american auto system is a finely tuned and perfected ecosystem that is built on stability.


The threat of tarrifs even with deferrals is extremely damaging. There's a reason to for existing agreements, even Elon Musk knows this.
This is absolutely the correct response. Donald demonstrated how weak and pathetic of position he has.
Every Premier should be the attack dogs here and making similar demands. That gives the Feds lots of wiggle room to negotiate and appear reasonable. 

Smith and Moe are fucking it up though because they are weak and pathetic.
Yeah Doug!!!
He was made for this fight.
I've never really heard positive things about Ford. But this makes him look strong.
I don’t understand what’s there to “budge”. The enemy decided to attack you, publicly announced it, and now is just picking the most convenient time for them to attack you. To hell with those traitors. Shut the power down too.
Team Orange is just going to back and forth until everyone gets tired and accepts their demands. I’m glad we’re no longer playing that game. 
He's turning the tables on Cheeto Mussolini 
So as far as i know the provinces have banned US liquor. They don""t put tariifs on. The feds do that.
Good for him The entire world jumps at every asinine thing he does.
I am applauding this stance. We got this. 
All Canadian PT’s need to keep their elbows up and fight. Stick it to the US and make them regret taking us on.
In 100% seriousness ...Ford is absolutely correct..wtf ..how can we support the USA in a selective lifting of tariffs on Canadian products to serve Trumps manufacturing agenda. Lets not just sing a song about how great we are as Canadians but instead for the first time since WW11, stand together as Canadians, (not provincial residents) from coast to coast, halt or modify our exports to the USA, stop buying products from the USA and those that have monies to share, help your fellow Canadians. It is too easy to do nothing and simply paint our backs with the red and white Canadian Flag and brag to each other. There are 100 s of thousands of small business people relying on sales to the USA to feed their families. No matter how big or small the business is, Canada must present as one nation for all our people. Auto parts or potash are no different than the health care product, learning aids or family farm products that individuals have built a business over many years and now support many many workers and their families. If we could all pretend that we are Ukranians, we might gain the testicular fortitude to stand up to Donald in his costume.
WTF is this timeline...i am cheering for Douggey F ing Ford.... =O !!!
Shut off their power.
Yeah, fuck this ""delay 30 days"" nonsense. Shit or get off the pot.
Don’t dare budge.

You can see the US administration flinch when they realize the impact their stupidity will have when they delay or dodge.

Their trade war is a terrible idea. We need them to break it off completely and never revisit it.

If we don’t there’ll always be a level of uncertainty that acts as an anchor on trade.
Step it up, Douggie. We have tariffs on us and you've put in none. Electricity not in place, and none afaics on current exports. I'm being a pessimist on the Starlink actually being torn up until I see follow through on export taxes.


Follow through, please. "
Vancouver Canucks fans boo U.S. national anthem following Trump tariffs,https://www.reddit.com/r/canada/comments/1igdsow/vancouver_canucks_fans_boo_us_national_anthem/,https://www.ctvnews.ca/vancouver/article/vancouver-canucks-fans-boo-us-national-anthem-following-trump-tariffs/,"When your closest friend stabs you in the back, do you turn around and give them a hug?

Standing and showing respect during a national anthem isn’t a law. It’s a convention done to show mutual respect. Our closest partner has now demonstrated they do not respect us. And it’s not just the tariffs. The US has expressed they do not even respect our *sovereignty* or our status as a nation. 

Why would we respond with civility?
At least they clapped for the singer. No beef with her, or any of the performers. Just angry at the situation.
So far, Vancouver have booed the loudest it seems.

But man, I feel like Montreal are likely to really show everyone else how to do it.
I’m at the game (intermission). It was so fucking loud 😂
Honestly, this is the most Canadian flavour of civil disobedience I could imagine.

🇨🇦 Boooooooooooo
Watching American subs cry over getting their anthem boo'ed at the Sens game yesterday has been great.

They earnestly feel like it's totally uncalled for, like they've done nothing that would warrant us boo'ing their anthem.
Congratulations, FOTUS and MAGA. You have managed to make the friendliest country in the world your enemy. It's like a getting a Golden Retriever to maul you.

Tired of winning yet, MAGA?
Get used to this.
There something very Canadian about showing unity by booing another country at a hockey games after they stab you in the back.
As an American and a Trump hater, I would like to point out that while there are fewer and fewer of us it seems. We still exist. We are gutted by this. We can also no longer deny that the majority of people here voted for this idiot. I understand that we must all be lumped together at this point, similar to Russians it feels. There are still some of us, more than you think, that only wish the best for our Canadian friends. Best of luck to both of us 🙏
Awesome. Keep it up, guys. If nothing else, his voters are melting down over it.
Go Canada.  A trust has been broken.
Fuck yes keep it going!
Proud to be a Canucks fan. They sing O Canada pretty load too.
Proud to be a Canucks fan.
I was at that game today. I stayed seated, kept my hat on and booed till my lungs bled. And then I got up, sang my heart out at our anthem and teared up at the pride I felt for my country. 

Fuck America, fuck DJT and fuck MAGA
Ya, I don't have a problem with that.

\#fuckyouUSA
This makes me proud
Gloriously loud.

Well done, buddies.
Good. 

When I go to a Jays game this summer I'm sitting when the American anthem comes on and I'll boo while sitting. I'm hoping some MAGAs are around for the game, too.
F*ck Trump!
Good
This will sound stupid but I’m an American and I truly want the USA to brutally lose this trade war and hopefully cause a massive government upheaval/revolution/whatever. I barely made it through 16-20 and it’s been less than 2 weeks of this shit.

Anyways, I’m with you guys. Whatever it takes.
We did a bleddy good job of it too!!!
🇨🇦✊🏻
We've earned it.
Booooooo
Good
To make up for it we'll cheer extra loud for hurricanes and wildfires.
I’m ok with cheering and team in respect for the individuals , and booing their national anthem
Proud of my city!
As an American I applaud you for doing this 🤝
I truly wish that the various arenas stop projecting all the shimmering stars and stripes and American flags around the bowls of the various arenas.  Enough already.

I also would urge the fans at the games to not only boo, but to turn their backs away from the ice.
25%Tariff on US songs
I will not be blackmailed by some ineffectual, privileged, effete, soft-penised, debutante. You want to start a street fight with me bring it on but you're gonna be surprised by how ugly it gets, you don't even know my real name- I'm the f***ing lizard king!
Time to start burning their flags.
And we deserve it.
I've yet to see an American opposed to these taxes 

You reap what you sow. And you do neither. 

Figure it out.
Politics aside, how can the balance of the world put trust in an agreement with Americans? After negotiating and signing an agreement, the next president has the power to nullify what was agreed upon at his/her will. Not good.
🖕 you Trump
Our southern neighbours are a bunch of stupid fucking bullies.
🇬🇧❤️🇨🇦
My only issue is while we are booing, we should either stay seated or kneel.

That’s the shit they really hate, right Colin Kaepernick?
Is it just me or did they adjust the audio levels after 3-5 seconds to minimize the booing on TV?
Where was this national patriotism the last 10 years?
Bc is by far the most chill Canadians some may say passive... so good to see
🇨🇦 🍁 🇨🇦 🍁 🇨🇦 🍁 🇨🇦 🍁 🇨🇦 🍁 🇨🇦 🍁 🇨🇦 🍁 🇨🇦 🍁 🇨🇦 🍁 🇨🇦 🍁 🇨🇦 🍁 🇨🇦 🍁 🇨🇦 🍁 🇨🇦 🍁 🇨🇦 🍁 🇨🇦 🍁 🇨🇦 🍁 🇨🇦 🍁 🇨🇦 🍁 🇨🇦 🍁 🇨🇦 🍁 🇨🇦 🍁 🇨🇦 🍁 🇨🇦 🍁 🇨🇦 🍁 🇨🇦 🍁 🇨🇦 🍁
u/Floatingamer
Good!!!!
I don't like what their government is doing. I have no issue with the American People, many of whom are on our side."
Canada threatens ‘single largest trade blow’ to U.S. if Trump follows through on tariffs,https://www.reddit.com/r/canada/comments/1i51688/canada_threatens_single_largest_trade_blow_to_us/,https://www.ctvnews.ca/politics/article/canada-threatens-single-largest-trade-blow-to-us-if-trump-follows-through-on-tariffs/,"This story isn’t even making the news in the US. 99% of Americans have no idea that there’s some sort of trade dispute between the US and Canada.
The US imports a large number of eggs from Canada [source.](https://oec.world/en/profile/bilateral-product/eggs/reporter/usa) So any trade war is likely to raise egg prices.
Why isn't a massive price increase on our fresh water exports to the US being considered? That will get their attention.
To everyone saying it’s not in our best interest to start a trade war with America, you need to understand that they escalated this scenario and we are just reacting. 

But we do need to react. You can’t let a bully go unchecked with their transgressions. Even if we feel the pain more than they do, we need to send a message. That actions have consequences. 

It may be a rough few years for us but anyone with a spine is going to understand when I say, I believe our hands are tied.
This is what politics has gotten to with our closest ally. Shame!
The article doesn't explicitly state what the ""single largest trade blow"" is. It's just vaguely mentioning energy exports and other resources. And the link about the ""three phased response"" is a dead link. Am I missing something, or is this just shitty journalism?
You want to smash the Americans? Hit them hard with an electricity embargo. No more exports to new york.

Follow up with denying airspace access or reject their flight plans through Gander oceanic airspace to N-registered aircraft. Europeans are still granted.
Four years or less of this lunatic.
This is going to be a bad week for Canadians and Americans both.
I’m absolutely ashamed to be an American
There’s a simple solution. Slap the export tariffs on energy and raw materials and diversify trade partnerships with other countries.
Mexico and the EU are working on a trade agreement. Mexico as well said tariff retaliation. This could very very ugly. For everyone. Canada and Mexico are who the USA exports the most to.
Sane American here. Let us have it. These knuckledraggers need to have the worst 4 years of their lives to wake the fuck up. I'm here for it.
Trump's going to have a major health scare soon enough. He barely survived covid.
I bet people talking about ""cutting off"" water from Columbia river have never seen the Columbia river :) 

I guess they should start thinking about where they would divert that much water.
Won’t responding to trumps tarifs by implementing our own tarifs just make things more expensive for Canadians? Once again getting screwed by policies we have no control over. Taxes going up,   Inflation going up, gdp going down, and now some tarifs. Wonderful.
[deleted]
Well, except for Alberta.    Danielle Smith is a traitor, don't forget that.   And whatever you do, don't quote that and post it everywhere so that we make sure Google results for her name are forever glued to the word ""Traitor"" until the end of time.
Man this is like trying to make your ex jealous when she literally doesn't even think about you anymore. 

Trump has 100 things on his plate this weekend and Tuesday he might even forget about Canada for a week or two since his lightning rod is done in Trudeau
aren't we just gonna create massive Canadians layoff as soon as we do this ?
The federal government should review some of its procurement approaches that effectively favor US vendors.

I understand that there are standing offer arrangements that allow departments to buy from certain vendors with minimal administrative overheads. This includes large software vendors such as Adobe, Microsoft and Oracle. There are similar arrangements for IT equipment. The net effect is to lock government IT procurements into a relatively small number of US vendors.

DND is another problem area. There are lots of procurements that are sole sourced to US vendors on questionable grounds (e.g., we have to buy this to be interoperable with our allies"" or even just vague claims that xyz is the bet product. I know of small and medium sized Canadian companies that have highly competitive products, but are completely unable to sell to the federal government.
As an American i say dont wait for the tariffs go after dipshit asap
I have very little confidence that our government will be able to handle this situation properly, and without making things dramatically worse for Canadians who are already struggling.

We can not win a trade war with the US, and even if we ""win"" that fight in a couple years, it will be after a horrible Canadian depression.

I honestly have no idea what the right move is here, but the liberal government hasn't exactly done a great job putting its citizens first.
Has to be done, all part of the dance in negotiations"
"Trump says Mexico, Canada tariffs will start March 4, plus additional 10% on China",https://www.reddit.com/r/canada/comments/1izgkx1/trump_says_mexico_canada_tariffs_will_start_march/,https://www.cnbc.com/2025/02/27/trump-says-mexico-canada-tariffs-will-start-march-4-plus-additional-10percent-on-china.html,"Yesterday they were paused until April... Now this? What a joke.
""Hold me back!  Guys, hold me back!  I'mma do it!  I swear!  Hold me back!""

Whatever smolhands.  You might notice that no one is responding to you anymore.  That's why you keep saying stuff, like people should pay attention.

Stay the course, friends!
I mean just fucking do it at this point.  Let the stock market crash and have Wall Street tell him to cut the shit.  Or the tariffs stay for a few weeks and inflation spikes through the stratosphere.
Yawn.

Either shit or get off the pot. I'd rather we get tarrifed at this point so it'll force our leaders to get off their ass and find alternative trade partners.
And are the ""reciprocal"" tariffs supposed to be a response to our reciprocal tariffs?
Like, ""i tariff you! You tariff me? Now I tariff you again!""
Dude.
I'm sure we're all shocked that even though the amount of fentanyl going into the US from Canada is minute and we jumped through his stupid hoops, he's plowing ahead without any thought. I can't believe how many idiotic Canadians thought this was actually about fentanyl.

Respond with an extra 25%+ fee on electricity and anything else we want. No potash sales, and fuck him if they think they're getting a single egg from us unless it's hurled at him. Focus on interprovincial trade and a future where we don't need to rely on them to buy or sell a thing.
The chaos seems to be the point . I'm so tired of this twit.
This fucking country with its social media companies, war machine, and AI bullshit is the scourge of humanity and all parties come to an end eventually.
This guy is a clown. I'm ready to go through a little pain just to watch this shitshow implode.
&gt; "" illicit drugs “are still pouring into our Country from Mexico and Canada at very high and unacceptable levels”

Putting Canada in this sentence in the context of fent is hilarious. **0.2%** comes from Canada and the massive majority is stopped. Our border is both the largest and most secure land border.

There are other things to rant about than drugs at the Canadian border, which is literally a non issue.
Is this supposed to scare us? I’m laughing at this point. I’m pretty sure the intention is to destabilize us but I’ve never felt more united with my fellow countrymen. I know I’m not the only one.
At this point the flip-flopping has to be a joke.
Im getting tired of this on off game by Trump. It’s just a game for him. All this is done is make me more mad at the USA. 

We have cancelled all of our plans to visit the USA for the next 4 years and maybe more. 

Next year we are looking at Portugal. 

We had these kinds of bullies when I was growing up. Today most of them are in jail.
He probably wants to back out but needs to find a shitty reason without loosing the face.
did the brain worm already get to him? Just choose a date damn
He’s gonna back out on march 3rd at noon. Who’s willing to bet with me?
This is like that meme with the truck about to hit the pole but it always cuts to another angle of the truck about to hit the pole.
There needs to be a ban on any news on this aside from literally ""they have gone into effect"".

I would peg odds of these tariffs going ahead at barely above 0%. This is the imbecile's brinksmanship being run yet again, because idiots keep dancing to it.

DO IT, YOU COWARD. DO IT.
Is it cliche to reference the boy who cried wolf?

Fuck all the way off Donnie
“Blah blah blah blah blah blah blah. “ that is what the world hears now. 

He is a joke.
Tariffs now, tariffs suspended for 30 days, tariffs April 2nd, tariffs March 3. Just dangling that carrot. The ""keep 'em guessing"" approach doesn't work for a global economy. It only increases speculation, uncertainty, and tanks reliability. Unless, that's the whole point...
Guys he’s literally a demented old man. He’s not alert and oriented x3.  He’s confused about the dates. /s
Just fucking do it already, fucking psycho
Ok Krasnov, no one cares anymore
*yawn*
Sure, Jan.
In late march he will say they’ll start in may. It wasn’t a bad bargaining tool at first but it is getting to the point where he has no credibility left.
Trudeau on Twitter: SO DONALD SAID HE WAS GONNA LAY DOWN SOME TARIFFS, AND I SENT HIM A PICTURE OF A CARTON OF EGGS, AND HE SAID 'WHY ARE YOU SENDING ME A PICTURE OF A CARTON OF EGGS' AND I SAID 'YOU'RE GONNA HAVE TO FIGURE THAT ONE OUT DONALD'
Every time the media publishes Trump’s “illicit drugs from Canada” line without challenging it on the basis that 
a) the official numbers are basically zero, 
b) the officials who published the official numbers have acknowledged that they are inflated by 50% because of a big drug bust mistakenly attributed to Canada 
c) there are way more drugs (and guns) going the other way and 
d) it’s not Canada’s job to police the US border anyway

It amounts to journalistic malpractice
There'll be an 11th-hour deal reached on Monday. Trump is doing this to manipulate the stock market to help his rich buddies make money.

At this point, I think enough Republicans realize these tariffs will cost them the midterms if they're implemented.
Trump should invest in its borders and stop illicit drugs. Unless Trump is proposing a joint initiative it would be the responsibility of the US to tighten its borders. Nothing to do with Mexico or Canada.
Just fucking do it already then. I cant take this shit everyday
What will piss me off even more is that if the US economy crashes due to all these tariffs on Canada, Mexico, China and the EU (and it will) he’ll remove them and be hailed as a fucking hero. For something HE CREATED
Stop worrying about it. Canada is ready to fight. He's crumbling the country and his party from the inside out. It's happening.
Trump says a lot of things.
The US is the world's biggest joke.  What a shit hole of a country
Let's dance fat man. 

Trump the edge lord ain't doin shit
Guys. Ignore him. Read the tweet or whatever his shitty app calls them. There's miles of wiggle room. 

“We cannot allow this scourge to continue to harm the USA, and therefore, until it stops, or is seriously limited, the proposed TARIFFS scheduled to go into effect on MARCH FOURTH will, indeed, go into effect, as scheduled,”

The guy is a moron. But he's not going to put the US into a recession with 25% import tariffs on two countries the US fundamentally requires cooperation with.
Sounds like Putin with his nuke threats.
Oh just get over yourself already
Clearly market manipulation. Looks like the desired put option strike price is out of reach so he is ramping up efforts to tank the market
This is getting very tiresome.
Didn't he just postpone it until April? Why is this bipolar Orangutan still the POTUS?
Bring it on loser
Enough talk. Let’s do it then.
It's not March 4th yet.  Deliberately muddying the waters on this yesterday, suggesting they may go to April.  Hearts aren't in it, and nervous about the backlash.
I laughed out loud listening to his press conference yesterday when he said ""I like Trudeau, he's a good guy"". If you ever questioned whether Trump was full of shit or not, this was all the proof you need.
Americans are set on destroying their reputation as a stable economy with this flip flopping. Businesses there should consider moving to Canada because we are the strongest STABLE and PREDICTABLE economy in NA who is open to free trade.
I am kind of sorry to say this, but any Canadian who still supports this man is a moron or traitor.
Whatever, just let us know when he dies."
Canada to divert aluminum to Europe in response to Trump tariffs - National | Globalnews.ca,https://www.reddit.com/r/canada/comments/1igw5dd/canada_to_divert_aluminum_to_europe_in_response/,https://globalnews.ca/news/10995839/canafa-aluminum-europe-trump-tariffs/,"[deleted]
I'm so proud of Canada right now.
Keep it up, lads. I've never been so proud of my country.

Here's a sign of the times. I live in a super redneck area of Ontario. A guy who flies a Trump flag by his house *took it down* and replaced it with ours.

People here who absolutely hate Trudeau and love Trump are starting to change their tune.

Fuckin' giv'er. Let's not stop until we divert *all* our exports to the states to other countries.
Good, they can suck my sheet metal cock
Trump wants trade imbalance fixed then fine, this is how we fix it. We just sell the items they don't seem to want to other countries.
This is potentially bigger than it sounds at face value. The US simply does not have enough domestic aluminum production to meet domestic demand, they very much needed our supply. So as to what happens to their industries that need aluminum now; well frankly I don't fucking care anymore. They did this to themselves.
It left as aluminum and arrived as ""aluminium""
I'm from the EU, we are in the same boat (Greenland) and we should stick together while we can. There might be the opportunity to build something out of this mess (the right wing is gaining traction here as well so we need to hurry)
I’d rather join the EU before we ever join those drunk bastards below us. Led by an orange dunce cap. We don’t tolerate bullies. They are the only country I’ve ever heard of that has their citizens pay for health insurance where any life condition can bankrupt them and then allows those same citizens to get taken advantage of by companies that use AI to reject the majority of cases wrongfully. Why the fuck would anyone want to join that bullshit. The United States isn’t a country. It’s a company and their citizens are treated like slaves. Their government is ran by corporations that looks to take as much as they can from them while giving them as little as possible.

Ours is bad but no where near as bad as theirs
The EU should quickly sign a free trade agreement with Canada. It's important to stand up against this idiocy
We can solve the US trade deficit with Canada in a day. Just stop all oil and gas sales to the US and they can enjoy their $80 billion goods and services surplus.
Even with the pause, do it. Don't change course.
If you really want to hit them hard then divert Saskatchewan Potash to other markets. Brazil and China and many other countries will likely buy the excess production. Potash production in the US is only about 400,000 tons a year. Saskatchewan exports to the US are about 22,000,000 tons. And they can’t buy it from their enemies like Russia,Belarus or China. They can buy Aluminum wherever but they need our Potash. Critical for any flowering crop which is about all of them.
I'll even start calling it aloo-mini-yum if it helps.  Just hope the Europeans don't buy it at a discount just to turn around and sell it to the US at a profit.
If the previous conservative government stayed in place Canada most likely would have completed its LNG terminals and required infrastructure and the European market would have been more than happy to buy Canadian natural gas instead of russian.  
[https://natural-resources.canada.ca/energy/energy-sources-distribution/natural-gas/canadian-liquified-natural-gas-projects/5683](https://natural-resources.canada.ca/energy/energy-sources-distribution/natural-gas/canadian-liquified-natural-gas-projects/5683)

Feds 'not interested' in investing in LNG facilities: energy minister

[https://www.ctvnews.ca/politics/article/feds-not-interested-in-investing-in-lng-facilities-energy-minister/](https://www.ctvnews.ca/politics/article/feds-not-interested-in-investing-in-lng-facilities-energy-minister/)
Are they still going to do this with the tariffs paused? I sure hope so
Never trust a negotiation with an American ever,
Aluminium\*
I really feel Canada needs to explore joining the EU and potentially adopting the Euro. Obviously they would have to charge the only European countries rule but other than that Canada is more ""European"" than many of the other members.
Fuck yes.  Fuck these losers.
🇨🇦
Can someone explain this to me?

~~A~~ all shipments of aluminum are redirected to Europe instead of US because of Tariffs?
I think we should call back Saab and get that Grypen plant to......
Canadian living in the US. GO CANADA!! SO PROUD OF YOU! At this point I dont even care about the US economy tanking!
Agreed! I'm sick of fat Americans and their brain rot decision making.
Excellent!! Now do potash!!
Hold the line Canada. Nothing scares bullies more.
Don't stop now. This is our golden chance to start divert and find other markets to our prodcuts
I’d rather pay more to deal with EU than continue trading with the US. They’ve shown their true colours this month. Ironically the same colours as the last country to invade someone.
So now there's a month's delay can we still go ahead with the Aluminum to EU? No dithering?
Yes, give us more of that sweet sweet aluminium.
Keep it up. Even if the USA says they will remove the tariffs, divert trade to other countries.

More trade partners mean less US control over Canada.

I just hope that our politicians just don't sell out to the oligarchs in this country. Canada still needs competition, and it's severely lacking
Whats interesting is that certain US software companies can’t really stop services to Canadians since the whole world is watching and consumers in other countries would simply stop using these services as a precaution to safeguard their own needs. Companies like Netflix, Microsoft, Apple, Google, Zoom, WhatsApp, Reddit, etc.
Proud of my country. We're doing more to stop this fascist clown than the Democrats.
There aren’t any details in this article. It’s all speculation based on futures prices. Has anyone read anything beyond the headline?
Wait until potash gets rerouted. US farmers will be able to grow dandelions and collard greens and that is about it.
Good, now figure out how to get oil to the rest of the world without having to through the US
Just gonna repeat that we should also start pronouncing and spelling it ""aluminium""
First stepping stone to fully distance ourselves from the US entirely
This is the proudest I’ve been been in my country.
Thanks Canada! Europe actually care, wonderful news.
I really hope we don't make ""concessions"" to delay the tariffs like Mexico did. 

I'd rather show Trump that we will not be pushed over, even when it may cause short-term pain. We'll make new alliances.
Let's show them the true meaning of don't mistake our kindness for weakness.
Does this mean we can fly our flags again without being associated with trucker convoy?
Next.potash

90 percent of thier potash comes from us.

Agriculture has many headwinds in the US right now.

Workers deported, leaving or not showing up
California water reserves being dumped for no good reason

Fertilizer cost going up will hurt.

Food costs are going to go up.

At home I am growing what I can this year.
I prefer saying Aloomiyum than Aluminum
Oh, yeah, sure, let's make ourselves more financially integrated and subordinate to American institutions, that sounds like a FUCKING GREAT IDEA.


Trump can go fuck himself.
Go with reducing interprovincial trade. Build ties with BRICS and EU. We should no longer be held hostage by anyone nation.
Can we add ""export tariffs"" to the trade war? Ideally on things they really need.
So what can we from Norway/Europe do to help u guys? Really hope things work out for u!"
NDP wants tariffs on Teslas and a $10K made-in-Canada EV rebate,https://www.reddit.com/r/canada/comments/1imeb8t/ndp_wants_tariffs_on_teslas_and_a_10k/,https://www.cbc.ca/news/politics/ndp-tesla-tariffs-1.7455273,"We had a $5k rebate. Stopped just recently. Ran out of money it was so popular.
Absolutely sick and tired of rebates like this on products that only upper iNcome Canadians can afford. Same with many of the home rebates. The majority of taxpayers are literally subsidizing shiny new home improvements that they can't afford themselves  by paying sky high utility bills and taxes.
There shouldn't be any government rebates for EVs. 

People that can't afford an EV should not be subsidizing wealthy people that can.
Those Chinese evs are popular and a hell of allot cheaper, maybe we could lift the 100percent on these and place a 100percent on Tesla.
This party is a lost cause right now. We have an existential trade crisis and they want to fiddle with EV subsidies. Golf clap, Jag.  Infrastructure is not ready, geography in much of the country outside urban centres makes them impractical. Plus if we are being economically and politically undermined by a neighbouring nation perhaps that should be a priority right now? But yes, by all means let's talk about giving away money to the people who still have jobs to buy an EV from a communist dictatorship. Excellent choice.
They really do not care about the deficit. Scary to think what next years deficit will be
I hate Musk and would love anything to hurt his business but we’re a few steps short of such a specific action. 

The argument here is he supports Trump and is basically running things so we punish him. But before then, we need to be brave enough to declare the US a rogue state. Otherwise we’re just going after people for supporting their politicians and working in their administrations - both of whom are at this point, officially, our “friends”.

What I would do to piss USA off is immediately remove all tariffs on Chinese EVs.
Lol, so rebates for no one? :D
Who TF does this clown think is buying EVs? Why do they have so much disdain and disconnect for the lower and middle class?
Why not tariff all imported EV's and let Canadian ones stand on their own merit?

I don't want to subsidize someones car.
The most irrelevant man in Canada. Singh is a joke
That won't hurt Elon, Tesla was a just means to an end. He doesn't need it anymore. It could fold tomorrow,  and he would be just fine. You can't barely scratch his level of wealth, plus he has his hands directly in America's cookie jar now.
That's nice, how about something more useful for the common man like food and housing. I don't give a shit about these expensive car rebates.
Why rebate electric vehicles?  Why not give a rebate on solar panels. Far better for the environment than a new car.
I think we should let off on trying to manipulate the ev market.  Let in chinese ev's, don't tarrif teslas different than other us products. They're already expensive enough. 

You can do a moderate incentive to get people to buy canadian or ev's but you should be aware that it is 100% a subsidy for the upper middle class paid for by everyone else. The worst financial decision is buying an ev you can't afford.

Unpopular opinion, but the tesla hate is unwarranted.  They sell cars. They made ev's mainstream. You can either buy one or not.
What Canadian made EVs exist?
Crazy idea but maybe the government stops handing out money
Ndp just trying to stay relevant in the news
… I feel bad that bus dude is subsidizing car dude… so car dude can save on gas. PLUS which car might that be ? 

How about we build great products at fair prices and let the market choose.
That's a silly thing to do. I thought this individual was for EVs. I know he doesn't drive one. If he did, he'd know Teslas are the best EVs on the market, so with this threat, he wants to only make sub-par EVs available to Canadians.. Remember the Lada.. Sounds about right coming from this individual and his party.
Tariffs on Amazon would be great.
How about we use the deficit to make our cities less American? An automated light metro, like the SkyTrain or REM, would help us achieve our climate goals and make our cities financially sustainable. Instead of copying American-style detached single-family housing, we should be building row houses, multiplexes, and mass-produced social housing. How about planning reform to finally get us off urban design that was built on an American court case (Euclid v. Ambler). 

Why do Canadians have to follow American progressive policies that have failed to deliver socialized healthcare and transit for Americans, instead of leading the charge on good policy? 

Ugh!
How about the gov stop taking our money and giving it to rich people.
Fuck the NDP, and tuck Jagmeet Singh. How is this corrupt piece of shit still in play.
Being anti-car, being anti-EV....these are regressive ideas. Yeah, public transit could be better. Yeah, we should stop giving well off people any kind of non-business related subsidizes whatsoever. 

But that doesnt mean ""all EVs are bad"" because tax credits for them went to people who didnt deserve it. And no, public transit is not the end all solution to everything. You cant have public transit running on every goddamned street in the country 24/7 and it still be affordable. 

Shunning good concepts like EVs, and embracing bad concepts like abolishing the automobile is not the behavior of a smart country. Doubly so in a country like this which has vast travel distances and plentiful electricity. If todays EVs are garbage, we must design better ones. If todays public transit is insufficient, then it must be improved. 

We should try to do more problem solving.
NDP what? Who?
Well, Singh got this half right.

Since all of Trumps actions at/for/against/about Canada are not based on any facts, a 100% tarrif on Tesla is the completely correct reaction. Punish Elonia. No other reason required.

A $10K rebate for a Maple-EV? Kewl. That will cost the country nothing. Nobody who's got plants in Canada are going to change those plants into EV plants.
Why doesn't the NDP want a 100% tariff on Starlink too? Its also musk.
The problem with socialism is eventually you'll run out of other people's money
I’m on board with an EV rebate when buying a Canadian made vehicle from a Canadian Car company.

In other words, don’t subsidize the car so much as subsidize bootstrapping some Canadian car brands.

We make 1.9 million cars annually, but basically all of them are US brands.

We obviously know how to make cars, let’s give the world an alternative to Tesla.
Those Chinese evs are popular and a hell of allot cheaper, maybe we could lift the 100percent on these and place a 100percent on Tesla.
Just allow Chinese EV’s in tariff free, that will take care of Tesla and the environment
I feel like this guy just reacts constantly without thought and reflection. Not the type of leader anyone needs or wants.
Electric cars not so important all of the sudden 🤣😂
[deleted]
Tariffs on ALL US-made cars.
Subsidies go directly to the manufacturer not the customers.  Manufacturers just inflate the price.
In before he uses this as a reason to support the liberals again lol
Remove tariffs on Chinese EVs and let me buy a BYD you cowards!
Teslas are death traps. Highest fatal accident rate of all car brands:

[https://www.roadandtrack.com/news/a62919131/tesla-has-highest-fatal-accident-rate-of-all-auto-brands-study/](https://www.roadandtrack.com/news/a62919131/tesla-has-highest-fatal-accident-rate-of-all-auto-brands-study/)
This guy comes from the same clown school as Trudeau.
Tarrif yes. Subsidy no, unless the companies are looking to expand their manufacturing in Canada. Then yes, as it adds new jobs.
TariffTeslaOutOfExistence
CAA [Has a word to say about EV's](https://www.newswire.ca/news-releases/caa-conducts-road-test-of-ev-range-charge-in-winter-conditions-871713310.html) that is *Seriously* worth the read and digestion.
He's not wrong. Get BYD to open up a factory here, fill it with union members, and trash the American companies. We could have EVs for $20-$30 thousand and with a $10 grand rebate it would only take about 5 years to clear the streets of gas guzzlers.

Every time Ford and the other companies are asked why they haven't gone for a full push into EV they always say it's what the consumers want. So let the market decide, capitalism baby.

Singh needs to push NDP is for Unions. With American companies like Amazon and Starbucks actively Union Busting the NDP should be the champion of Canadas trade unions like in the past.

I'm always surprised to hear the guys on the floor championing the Cons when it's the Cons who are actively Anti-Union in favour of American corporate needs.
There should be no rebates to Tesla because Musk is a foreign government official (DOGE). It’s akin to bribery of a foreign government official. 
We should remove the 100% tarrif on Chinese EVs that were placed last year. Chinese EVs are detrimental to American car brands who cannot compete at those prices
Teslas in Canada are already double the price of what they cost in the United States.. if you’ve driven by a Tesla dealership recently you will notice that their lots are absolutely packed with new stock.. doesn’t appear that anything is selling. A stark contrast from the previous couple of years where their lots in Canada were completely empty most of the time..

Who would buy a new Tesla with even further price increases attached?..
Sure seems like a 180 degree change in policy. 

Suddenly they have a very anti-environment agenda?
NDP keeps on NDP'ing... All talk and no substance"
"Alberta won’t support feds plan to deal with Trump tariffs, Smith says",https://www.reddit.com/r/canada/comments/1i2a5u2/alberta_wont_support_feds_plan_to_deal_with_trump/,https://calgary.citynews.ca/2025/01/15/danielle-smith-trump-tariffs-canada-plan/,"She is quite literally the odd one out. ***All*** the other premiers approved the joint statement, including Scott Moe who up to now had said essentially nothing.

At this point she is putting her need to appease trump over the good of Alberta and Canada.
Horrific politician and a worse Canadian
Maybe we can recall her. There’s legislation in place in AB.
[removed]
Signature or no signature she cannot stop the feds from enforcing what they think is best for Canada.
This coupled with her recent trip down to Maralago makes me think she is literally Trump's trojan horse inside our Confederation.
Smith is effectively a traitor at this point.
#Canada first, Smith last!
1. Visits Trump

2. Goes on Vacation during Premier's conference

3. Refuses to Sign

4. Will soon attend Trump's ceremony



Anything wrong with this sequence of events?  What an embarrassment.
I’m curious to know what her ultimate goal is being on his side and not the side of the majority of Canada. 

She can go down there and suck his dick all she wants it’s not gonna change anything. The rest of the country is still going to oppose Trump‘s threats to us, regardless of what she wants.
She is on vacation in the US and her first order of business after her vacation is to go to Washington. 

I would hope that someone is investigating her financial dealings because she very much seems like she might be compromised. I'd worry about having her at the table if anything secret is discussed.
*Alberta's government.  As an Albertan I fully support a national stick together strategy.
Yeah? Well foreign trade is a Federal matter, our Federal Government already wanted to enforce our sovereignty and now they have a mandate to do that from every other Premier other than yourself. Get bent Marlaina. It is happening.
""IT'S OKAY EVERYONE, WE JUST NEED TO APPEASE HIM EVEN MORE""
At this point, it seems to me that is she eyeing a future in the USA. I'm not sure I see another explanation. Her proposal is to... Have the USA apply tarrifs to Canada  and do nothing about it?
So she’s a traitor
This has to be the sanest I have ever seen this sub.  Trolls must be trying to figure out what position to take.
She’s a goddamn traitor that’s why
She’s such a fucking embarrassment.

When this is all over, she should be outed, nationally, as the snivelling traitor she obviously is.

Absolutely disgraceful.
She’s a national and provincial embarrassment. I hate her and this is coming from a former conservative voting Albertan who has now switched sides. They use to be boring and normal, but now I can’t support these clowns anymore since the parties united into these wild rose wackos
Listening to Ford I can't help but think of that napoleon quote:

&gt;“I found the crown in the gutter. I picked it up and the people put it on my head”.

He seems to have filled the leadership vacuum better than anyone else at the moment.
She’s a traitor
Get this traitor out of our country
Yes, the only Premier that went to Mar-a-Lago to meet with Trump opposing the statement. 

  
Can someone check her bank account please?
Absolutely disgusting behaviour. We come together as Canadians when it matters. She only wants to divide everyone even further.
This is why electing a leader simply because she hates Trudeau isn't exactly good for the people.

Thankfully Trudeau can supercede her wishes.
This really isn't a suprise to me. The UCP has essentially become the Republican party of Alberta.
What she is saying is it’s fine for Trump to impose tariffs that puts jobs and revenue at risk, but Canada cannot do anything that puts jobs and revenue at risk?

That and attending the inauguration as high priority, shameful and treasonous.
She always looks a person who smelled her fart first.
She’s a fucking piece of treasonous shit.
Traitor
She isn't playing into the hands of Trump, as Ford said, she is one of the cards in Trump's hand.  She's team MAGA.
Albertan here, this is an idiotic posture. 

  
Why in the hell would you show all of your cards....
Can’t wait for her flip-flop when the polls start to show her slide in popularity! 🖕🏻🖕🏻🖕🏻
All the leaders of the provinces all willing to work with the fed on dealing with trump. But not her, she would rather join the us than stay with Canada.
The traitorous dog has to represent big oil interests above that of her country.
Newsflash to Smith: you don't have a choice.
Traitors should be removed from office immediately.
Fucking traitor
Sack Sell-out Smith.
It doesn't matter, feds have the last word in international dealings.
Im certain if push came to shove in a referendum and all the details were layed out, Albertans would chose Canada
So when she was at Mar Lago what did she on behalf of Abertans concede to Trump to avoid Tariffs in Alberta oil?

Transparency says minutes of a meeting with a premiere and a leader elect of a foreign country should have been taken.
Think about all those who fought for this country. Who died to keep Canada ... Canada. 

And now this?

What is the matter with her.

It's unbelievable.  I feel sick to my stomach...
It's funny, if you asked what one province won't be on board... We all knew it would be Alberta
Well then the government of Alberta can step down and allow the election of leaders that reflect the values of the majority of Alberta.

The data shows that the majority of us do not support Quisling Smiths position of appeasement at all costs, support for Trump nor joining the US
Is Quebec going to stop all electricity exports to the US?
She is a traitor, as are anyone who supports trump agaithe interest of our country
Trump is not someone you can appease.  What he sees in her is weakness, not strength.  And he will take advantage.
Alberta, you gotta vote this clown out next provincial election."
Trump’s Tariffs May Do the Impossible: Make Quebec Love Canada,https://www.reddit.com/r/canada/comments/1ipdf25/trumps_tariffs_may_do_the_impossible_make_quebec/,https://thewalrus.ca/trumps-tariffs-quebec-canada/,"Love Canada may be a stretch….

More like accept its fate considering a mentally ill juggernaut to the south and the need for a strong united Canada.
Would be wild if Trump basically forced Canada into large infrastructure projects like energy east or a natural gas pipeline which Quebec has long been against.
Surely the people of Quebec must realize that America under Trump will wipe out French in a generation. No French school, all business and government activities carried out in English, nonFrench on packages, signage etc. Sure there will still be people who speak the language but no one will be allowed to prosper without a good command of English.
I understand the first feeling most Canadians may have about Quebecers is that they don’t care, never did, and just want to split from Canada: the Quebec Bloc is there to promote Quebec’s interests in Ottawa, and we have two political parties that advocate for Quebec’s sovereignty at the provincial level.

But please keep in mind that Quebecers voted twice to not split from Canada during two referendums in 1980 and 1995. Also, right before Trump’s second mandate and the quick growth of a new nationalism sentiment across Canada, the polls for splitting from canada were around 40% in favor, which doesn’t really account for the younger generation since their polling methods have a harder time reaching them… and now? Of course this number is going down.

In the past and today, through right wing politics, the majority of Quebecers love Canada and the country we are. I am one of them.

Sorry if my coordonnants aren’t always good, English is my second language 😉
Canada: French is one of our 2 official languages Quebec has a rich history here.

United States: Fuck u frenchie wii speek englush here.
Albertan here! *Waves*


Okay, Quebec! As I understand it the objection to the pipeline is that it would run through your major freshwater aquifers, is that right?


See, that's a legitimate concern - our freshwater is a major resource as well and it needs protecting! Hell I am currently protesting coal mines opening in our foothills, partly for this reason - I totally understand!


So, to Quebec residents:


What would have to happen to ease concerns about pushing a pipe through such an area? 


Does anyone know alternatives? I vaguely remember reading that (I think) UofA scientists had figured a way to turn crude effectively into hockey pucks for transportation to refineries; could this work? 


Would rail or overground transport be more acceptable (assuming it is feasible?)


Is compensation being offered to impacted communities, including First Nations?


Would a dedicated environmental science team both during construction and afterwards for maintenance help alleviate concerns? (I am friends with folk who do this for a living and damn are they passionate about ensuring safety).


Love, your Albertan neighbour who wants to see Canada less reliant on the USA but understands that noone wants to risk their environment being contaminated from an oil leak.
We prefer Canada to the US by a fuckin wide margin but I think it's delusional to think the problems we have with Canada for the past 150 years will suddenly disappear. 


Nuance is your friend
Quebeker here , ive never hated Canada and idk anyone who badly talk about our country. Seem like only old folks and a political niche still stoke the ember of independance. Be damn sure that i am buying Canadian only and if push come to shove il die with a red maple leaf on my shoulder
Quebec is the joker or wild card, if enough vote for liberals intead of BQ (Bloc Québécois), Carney can make it as PM
Ark , vive le quebec libre mes esties de pourris
We either unite as Canadians or we suffer as Americans, let’s choose the former.
Siblings always fight.. but they're not gonna let someone else threaten them
The Supreme Court might manage to destroy all that if it takes down bill 21.
Let's not go crazy here.
the original Canadiens
I'm in Quebec.  I hate to break it to you but the attitude here is not in favour of a pipeline and the buying behaviour would be buy quebec products.

Just my impression on the ground here
Quebecer here.  I think this moment highlights an interesting dynamic.  Canada's relationships with the US and with Quebec are a 180 flip on the exact same dynamic.

Roughly, the ROC understands Quebec like the USA understands Canada.

And Quebecers feel about Canada roughly what Canadians feel about the USA.

In this comparison NATO spending and the trade imbalance act like Equalization and transfer payments.

Basically, the bigger, richer, more powerful entity wants to control the smaller one.  Feels they are at their mercy and exist because of their grace.  Doesn't understand why they don't acknowledge their 'obvious inferiority'.  Doesn't understand why they might want to keep doing their own thing.
I wonder if it's enough to switch people from the bloc to Carney. If that's the case, that could put him in majority territory, assuming he wins the leadership race.
This is always my top answer whenever I’m asked what makes Canada different than the US : QUEBEC.
Quebec here, absolutely happening. I flipped 180° my opinion on pipelines and Canada unity. I used to always vote Bloc, now I'll most likely vote liberal just to make sure P.P. doesn't get to sell-off our country. When might is right, and it is abundantly clear it now is, the need to stick together is unprecedented. 

Alberta used to threaten to separate and I was like ""sure live and let live"", but now I'd be against any province leaving the Federation, whether Qc or Alberta, or any other province. 

The saying the enemy of my enemy is my friend, but now it's really hard to understand who is the ememof the USA.
Quebec knows if the U.S. came into Canada all their Language Rights and Culture would be gone. Trump would purposely target them.
wishful thinking; as always, english canada dont understand AT ALL Quebec.

Quebec know what it is like to not be in control of their own stuff. The rest of canada now just became spooked and now realise what it is like. For quebec, it is a thursday.

But since quebec is in canada, its just make sense that quebec defend canada; it is also defending itself.

Quebec just does not want to exchange a moderate foreign overlords for a batshit insane feodal relationship.
The enemy of my enemy is my friend
Better the devil you know and all that...
Enough to allow pipelines? 


We'll see, I guess.
Shit leopard can’t change its spots Randy 
I doubt it. It would take a major shift in the way either the rest of the country taxes income to the way Quebec does, or Quebec to change to the way the rest of the country does.

They game the transfer system by having higher income taxes, but lower costumer taxes like alcohol. Someone is going to have to give up some level of taxation for everyone to play nice with each other.
Fuck Trump! Fuck him hard. 

As Americans, who have never totally understood this Quebec vs the rest of Canada thing, use this moment to come together against a common enemy. Trump, Musk, MAGA, and the ruling party in the USA. 

We voted for her.  Not him. He’s doing everything he said he’d do. Again, we DID NOT VOTE for him. 

Don’t give him an inch. Screw him and the USA for everything right now. MAGA supporters need to see him for the asshole he is and Canada for the strong, independent friend we’ve always had. 

Just know there is a majority of Americans who would never turn our backs on Canada. Ever.  

But right now your actions and words are more powerful than ours. 

 ❤️ Canada!
We need more pipelines east and west.
And build more refineries.
We send 4 million barrels a day to the US.
It’s mind boggling.
I always loved Canada, my home and native land. 

Never forget that the majority voted against leaving Canada-- TWICE!
Hey Quebeccer here. I never hated Canada. 

I can tell however how often I have been mistreated as a call center rep due to my accent back in the days. Ppl were extremely rude. “Transfer me to someone who speaks my language…”

It changed a bit over the time when the company started outsourcing to other countries cause now at least I became “same people”… 

Even with this racism, I never hated the group of ppl, just hard time with individuals. 

If you roam on Reddit you’ll see pretty nasty folks mocking quebeccers. It’s pretty harsh.
Ozymandias was right. We humans need a common enemy in order to band together.
I mean, we can recognize we are stronger together than apart in this fight. We'll resume our good old bickering after, no worries there, it's kinda part of our collective identity at this point.
I love my Québec.

I never hated Canada, but now I realize that what we've been building together is way better than anything the orange Cheeto wants us to be a part of.
PQ in shambles.
Pas vraiment, mon opinion du Canada n'a pas changé. Le parti conservateur est encore en date dans les sondages, c'est peu dire...
Will Pierre be the last remaining holdout from the hate Canada crowd?
Well because good luck keeping that distinct society as part of the US. Canada and Quebec have a somewhat stormy history but it’s unique and mostly amicable (referenda and the FLQ crisis aside)
[deleted]
The enemy of my enemy is my friend
Nothing unifies like a common enemy... and by god is that enemy easy to spot right now.
Stronger together.
Hahaha the thought of becoming American is pretty traumatizing.
Build some east/west pipelines and Alberta will be all in on the love fest too.

Team Canada has never been stronger?

edit: switched period to question mark. Seems like plenty of folks are united in saying screw Alberta. Too bad.
Actually, THIS! Just spoke to my Quebecer VP and he is all about Canada and has openly mentioned Quebecers getting more sympathetic with Canada and saying screw the USA.
Temporary love is the best love.

Please translate that to French for me. Mes francais est mal
Quebec does love Canada, they just don't like English Canada culture which they view as aggressively American.
Pump the brakes there buddy.
Canada as the “51st state” would essentially be the end of French culture in North America, so I can see why they don’t want that to happen.
Enemy of my enemy...."
"Canada slaps electricity tariffs on New York, Minnesota, Michigan",https://www.reddit.com/r/canada/comments/1j839za/canada_slaps_electricity_tariffs_on_new_york/,https://thehill.com/homenews/state-watch/5186029-ontario-surcharge-us-tariffs/,"Time to short Amarica.
Too bad we can’t hit the bozos in Florida. The brain rot and wash is so real there 
Since the electricity is a provincial commodity, it isn’t actually “Canada” that is putting the surcharge on electricity. Only one province, of the three that supplies US markets, is taking on Trump’s economic terrorism tariff tactics. 
These aren’t tariffs, these are surcharges. The US will have to pay them not Canadians. 
Ford and Trump are duking it out.  The instability bowl 2025.
I still believe Trump is purposely suppressing the stock markets to line his and his cronies pockets when the market has tanked, buy a ton and then he says ""Okay, no more tarrifss."" Up goes the market, making trillionaires out of billionaires.
Doug Ford is basically Canadas saviour…… didn’t see that coming
US probably played their hand a bit and showed that this is something that concerns them thereby giving Ford leverage.

Good move.
None of those states are red enough for Trump to care. He’s probably happy about NY State suffering because of his grudge against NYC.
Trump won Michigan voters as part of his blue collar Midwest appeal and how he'd lower the cost of living. They're going to be PISSED.
When will the other provinces follow suit? Gotta affect more than 1.5 million Americans for trump to notice
It’s an export tax, not a tariff. Top notch journalism
Love this. F*ck around and find out. Proud of our governments in this.
That Cheeto will now whine saying we can’t do that, when he is doing dumb crap to us.
*export tax not a tariff.
I'm in the 50-50 for one side Trump doesn't care about blue states getting hit but on the other it will piss alot of people to overturn Republicans
This isn't a tarrif. It's a surchage.
As a minnesotan i support this 100%. But RIP to my electricity bill.
Surcharge is not a tariff.
*levy
Well once again we didn’t start this shit.
The title is misleading and wrong. A surcharge is not a tariff. This is tax money that will be paid by americans to Ontario, it doesn't go to the US government... The author of this article doesn't understand what a tariff is.
Elbows up!
I’m certain many of the fees, surcharges, and price adjustments have always been desired but was never politically convenient.

Now it is, and the opposing party can’t use it as a political leverage.

So by all means Canada, thrust forward, and thrust hard.
God I never thought I'd agree with Ford on anything, but here we are.
FAFO...
HUH? a tariff is paid by the importer. It's an export. Am I missing something here?
Can we stop using ""tariff' as a blanket term for EVERYTHING.   In general as far as the trade war goes we are talking about import tariffs. In this case it's an upcharge or tax on the EXPORT
It’s not a tariff, but a surcharge.  We all know that Trump and his MAGA goons don’t know the difference, but any responsible journalist should.  Or is The Hill some kind of yellow rag?  I’m not familiar with it.
It's a surcharge. Not a tariff.
It’s nice that we’re finally going on a strong defence instead of panicking and flying down to Washington every other day to please with them

Say what you want about Doug, I chose not to vote for him this time.  He doesn’t make all the right choices but he’s doing an excellent job confronting Trump.
But the consumer doesn't pay the tariff.  Right MAGA's?
I support Ford here.  We need to push back, and not back down.

That being said, we need to be selective about how and when to push back.  It's a careful balance and not something we want to needlessly escalate.  There needs to be benefit for us beyond sticking it to the US, and extra tax revenue is a good example of that.
Elbows up
Trump thought he could bully Canada and our PM around and now he’s getting out bullied himself by a Premier.
Please stop posting incorrect information..  ITS NOT A TARIFF.
Those red states huh
It’s time for franky to follow suit… I don’t think he has the balls for it.
Shh don’t tell trump there is such thing as an export tax he thinks that’s what tariffs are
Trump said this morning that he would be so rich that he doesn’t know how to spend the money. Here you’re, dumb ass
This is awesome 

But one province doing this could spell disaster for others, or their own.

Tariffs are on hold (for now) maybe ford is just kicking the nest needlessly (trump deserves it…but do the fishermen and loggers and manufacturers in other provinces if trump comes down extremely hard because of this)
Travel visas next
Just to break it down to some folks, what’s is happening is that the Ontario government is charging a Canadian power company 25% surcharge on electricity going to the USA hoping that the Canadian company offsets that to their consumers which will be the USA, now the big gamble happens when the USA argues breach of contract which they will definitely do true or not, and will not pay it due to the court battle that will ensue, now the company holding the bag is the Canadian company and they could either cut of power completely or you can expect a large amount of layoffs, feels bad for the company thou, caught between a rock and a hard place
Bitch slap that tarriff
Now Quebec should do the same but Legault has been way more hesitant than Ford
I feel bad for ny and mn since they’re blue states
Yikes
Cut them off I know NY votes Democrat but once the Electricity crosses the border it’s America’s decision where it goes
No Ontario did,  common east coast and Alberta,  don’t make us Ontario people who dislike ford do something on his own that we approve of lol.
Thank you"
CBSA says it’s unclear what more Canada can offer to the U.S. to avoid tariffs,https://www.reddit.com/r/canada/comments/1j26lbp/cbsa_says_its_unclear_what_more_canada_can_offer/,https://www.theglobeandmail.com/world/article-cbsa-says-its-unclear-what-more-canada-can-offer-to-the-us-to-avoid/,"It's becoming clear the only thing trump will accept is Canada becoming the 51st state

Which is never, ever, ever going to happen

The claims that trump are making about illegal immigrants and fentanyl are nonsense
Hard to be clear on anything when The goal posts keep moving and the original reason was base on a made up lie
Also, it's THEIR FUCKING BORDER that is weak.  America's southern border. Not sure how anyone managed to fall for the spin that we can control their border.
I mean, considering how things are going: is Trump taking firstborns yet?
Go toe to toe with the tarriff.  Stop bending over, Trump will keep asking for more and he destroys you.  That’s his plan. 

If we are going down, let’s go down fighting 

Make them feel economic pain while looking else where for new trade partners.  Industrialize Canada and pull down every single inter provisional trade barriers. 

Look toward Latin America!  Open up your mind Canada!
Nothing will ever be good enough.
NOTHING. WTF is wrong with these people? Trump has said more than once, you can not avoid it. It isn't about the border, or drugs or anything else. He wants to annex and punish Canada, it's that simple.
His lies about the border are solely to allow him to bypass congress to get tariffs in place. Fuck him and recall all the helicopters and excess security that was put in place.
&gt;The head of the Canada Border Services Agency says it’s not clear what more Canada could offer to the United States to once again avoid the imposition of punishing tariffs on Tuesday, even as a senior U.S. Cabinet member said Sunday that Canada has “done a reasonable job” of securing the border.

&gt;Canadian authorities have pledged a series of measures in response to criticism from U.S. President Donald Trump about the cross-border movement of fentanyl and migrants into the U.S. Ottawa said it will spend $1.3-billion over six years on a border plan that includes more dogs, scanners, drones and helicopters. Prime Minister Justin Trudeau appointed former RCMP deputy commissioner Kevin Brosseau to the newly created post of fentanyl czar last month.

&gt;But Canada does not know what other borders measures, if any, the new U.S. administration wants to see, CBSA President Erin O’Gorman said in an interview Sunday.

&gt;Asked if she has received any indication of what the U.S. might request from Canada in order to avoid tariffs, Ms. O’Gorman answered simply: “no.”

&gt;“We are just unrelentingly talking about what we’re doing, how we’re collaborating with them, how we can further collaborate,” she said.

&gt;Ms. O’Gorman has been in the U.S. capital four times this year. She has spoken with Secretary of Homeland Security Kristi Noem and Tom Homan, the country’s border czar. Her most recent trip concluded Friday, days before U.S. tariffs are set to take effect following a month-long reprieve.

&gt;The Canadian response has won some acclaim in Washington. On Sunday, U.S. Commerce Secretary Howard Lutnick told Fox News that “both Mexico and Canada have done a reasonable job on the border. They’re both working hard.”
Trump is trying to economically choke you into giving up your sovereignty. There's nothing you guys can do that will satisfy him because the end game was never about 'fair trade'. 
It has been pretty obvious for a while that Trump's complaints about fentanyl at the border were just a ruse so he could use national security provisions to implement his tariffs by executive order instead of having to pass them through Congress.
Trump is going to let Russia invade from the north and not provide and military support. Once the damage is done the US will come in and brokerage a deal with Russia and he gets what he wants. But first he has to get the war in Ukraine finished.  America can’t win wars they start but they sure are good at showing up late and taking credit for a won war. Examples ww1/ww2.
Ignore Trump’s and focus on us. Keep doing what is best for Canada but keep our eyes on whatever Russian puppet shit he is up to.
It was never about that.  We danced for no reason. The guy is a Russian asset, sadistic psychopath and would just continue to move the goal posts.   
Canada can no longer be safe just being Canada. We need to militarize and diversify and build pipelines. And NOT Keystone because he would just shut that off and say ""haha, just kidding, I don't want your oil"".  
America is an enemy of Canada and the rest of the free world now. So lets accept that and not take orders from enemies.
There isn’t anything to do. The drug thing has always been bullshit. That’s the line they tell the US public. Tariffs will harm us but not as much as it will the US. We can find other’s to trade with. Who is going to trade with a basket case the US is becoming … time to ignore the ranting orange buffon. He can have this though 🖕
How about a heartfelt FUCK YOU to the USA?
Why entertain the thought that there’s anything at all?  There isn’t.  The man has already made up his mind before even actually bringing it up.  

Canada needs to swiftly move away from all things USA, especially for the time being.  Learn to rely on ourselves first and foremost, and a select group of allies that are still there when the times are tough.  

When the smoke clears and America is Trumpless again with actual leadership we can have some conversations.
Move the trade to the EU. Fck the US.
Canada shouldn’t have to offer anything.   Giving into blackmail is usually a bad idea.
A 50% right to all of our natural resources…..thats what he wants.  At this point I would rather just close the border and see how well they fair without us as a supplier of oil, electricity, lumber and agricultural products.
It’s not about fentanyl. It’s not about illegal immigration. It’s about resources. Everything else is a distraction and a smokescreen.
Offer them more tariffs. I'd love off potatos and onions to fuck with this idiot.
Time for export taxes on potash, water, electricity, etc...
Nothing,  don't even try. Cut power and gas, potash, and lumber to the states. And watch. 
They want us to give up our sovereignty.
Nothing. Because it doesn't matter, because the reason Trump wants tariffs is to destabilize the West, isolate the US, and strengthen Russia.

With that in mind, there is no way to stop tariffs, talking with him can only buy us time, maybe.
It was never about border security, its just an excuse for Trump to slap on the the tariffs and force Canada to give in to the US.
Trump was VERY CLEAR. 

Multiple times. He will use economic coercion to annex Canada. The Chief Advisor the White House (Navarro) told Bloomberg News they would redraw our border just two days ago. 

We need to request to be added to France’s Nuclear Umbrella immediately. 

(France’s nukes are not part of NATO and not subject NATO rules, so Macron can park a Dassault Rafale B with a nuclear missile on a Canadian base &amp; Trump can fuck right off. This is exactly what Metz in Germany &amp; Denmark just arranged). 

https://ici.radio-canada.ca/rci/en/news/2131180/trump-says-he-would-use-economic-force-on-canada
Offer nothing. Call the orange buffoons bluff and show their voter base our resources are in fact necessary for their economy.
As shown how Trump treated Zelenskyy after he didn’t agree with giving the US 50% of profits on resources for the rest of eternity that the US is only looking to strip resources from Ukraine, Greenland and Canada. With all their tariffs being applied to countries the US will need to find all their own resources to fuel their economy once countries counter their tariffs with their own tariff.
The answer is nothing is going to satisfy him. It’s all a big business deal for this pos.
Re: Potential Tariffs - “Exactly what they are, we’re going to leave that for the President and his team to negotiate.”  Therein lies the problem. Trump does not negotiate. He makes ultimatums, he changes rules, he alters the end goal but he never actually negotiates. Quite frankly, he has no idea how to negotiate and the art of the deal is as illusionary as his understanding of economics.
He wants our minerals and oil.
There is nothing to offer. The 51st state and tariff threats came *first*, the border ""issue"" is just a post-hoc rationalization to make them seem less insane.

There is no point in greatly expanding the CBSA to appease the US, because they don't care. We should be expanding our MILITARY and DEFENCE SPENDING to deter these threats. Power ultimately responds to power, and we are *way* too far behind.
All of our natural resources is what he wants. Water minerals oil etc.
Don’t bother trying to appease him. In fact set a goal to have as close to zero trade with America as possible
The middle finger.
Its been clear since the beginning that Trump made up an emergency as an excuse to impose tariffs without needing congress’ approval.   It’s always been his same old ‘I want to renegotiate’ bullshit.   We needn’t have wasted any time or money scurrying about to meet some goal that was never meant to be met.
That is because there was never anything that Canada could do in the first place.  This is a political stunt to keep Trump's base fired up. No more no less.
Sovereignty. They want our sovereignty. We are at war for our sovereignty, but we have the option of paying ransom to keep it.
There was never anything we could do. He campaigned on ending income tax and using tariffs to replace their revenue. This was always the plan.
Have you tried eggs?
Have we tried mailing the White House a bucket of poop and a card saying fuck off ?
It was never really about Fentanyl and illegal immigrants. They were just the justification.
No shit!  
The whole fentanyl thing was a nothing burger to begin.

The Canadian Arctic Archipelago is an attractive zone for his handlers (and his country's new allies) in Russia. He is using tariffs (and the 51st state threats) as the first step of aggression towards Canada, to see how far he can take it.

Luckily Trump's fat content, age and his diet choices won't spare him the time to see through this end game.
You can't appease someone who want you're country to stop existing.
It has nothing to do with CBSA... That's just the excuse he needs so that he can unilaterally implement tariffs without needing congressional approval. The president has the power to implement emergency sanctions when there is a perceived threat.
You would be Puerto Rico 🇵🇷 Part Deaux
Eggs
It was never about what Canada do to avoid this."
"Canada to announce C$29.8 billion in retaliatory tariffs on US, official says",https://www.reddit.com/r/canada/comments/1j9jb2d/canada_to_announce_c298_billion_in_retaliatory/,https://www.reuters.com/world/americas/canada-announce-c298-bln-retaliatory-tariffs-us-2025-03-12/,"How dare we defend ourselves against an unprovoked trade war by our once closest ally.
I wonder how this will play into Ford's trip to DC tomorrow. Will they cancel it, or is it still on? And if it doesn't get cancelled, will it just be an ambush, like the Zelenskyy visit? I can't imagine Trump is going to take this announcement gracefully, even if it was communicated in advance. 

I don't see any way this whole trade war ends well without Trump either losing interest in us, or having the stock market crash hard enough that he's forced to back off. Good luck, Mr Ford. You may be walking into a trap.
Lutnick this morning:  ""The best way to actually merge the economies of Canada and the United States is for Canada to become our 51st state ... Canada is gonna have to work with us to really integrate their economy, and as the president said, they should consider the amazing advantages of being the 51st state.""

Fuck these people.
*March 12 (Reuters) - Canada will announce C$29.8 bln in retaliatory tariffs on the United States on Wednesday in response to U.S. President Donald Trump's steel and aluminum tariffs, a Canadian official said.*

*The official declined to be named.*

*Trump's increased tariffs on steel and aluminum imports took effect on Wednesday as prior exemptions, duty free quotas and product exclusions expired, and as his campaign to reorder global trade norms in favor of the U.S. gains momentum.*

*Canada is the biggest foreign supplier of steel and aluminum to the United States.*

*The escalation of the U.S.-Canada trade war occurred as Prime Minister Justin Trudeau prepared to hand over power this week to his successor Mark Carney, who won the leadership race of the ruling Liberals on Sunday.*

*On Monday, Carney said he could not speak with Trump until he was sworn in as prime minister. Trump again on social media said he wanted Canada ""to become our cherished Fifty First State.""*
It really is such a shame. We could be getting rich together right now, pumping up production, lifting eachother up instead of dragging eachother down.

They don't even make sense. Take aluminum, If the U.S. were to onshore all 2.7 million metric tons of Canadian aluminum it imported in 2024, the energy requirement would skyrocket to over 40 million megawatt-hours of electricity. That's enough to power Nevada for a year.

They don't have the bauxite used to make it, they mine 1.3% of what they use. So they're going to import an insane amount of bauxite from either Brazil, China, India, or Australia, somehow set-up the infrastructure to produce millions of tons of aluminum, power it with what, coal? All while losing money in the process. Why?
Good. Do what it takes to end this bullshit today. Americans need to look up from their fucking grills and feel some of the fear and trauma they're putting the rest of the world through. I doubt I will ever visit the USA again.
Good.
Honestly, I think it should just be a targeted 25% export tariff on potash. They have already shown their hand that they want to exempt it, with their cringe EO. It would have maximal impact on them, and minimal on us.

Edit: Changed tariff, to export tariff, since there's been some confusion about what I meant. Fixed
And tomorrow it will flip flop to something else. 


Man, Trump is really trying to make people go nuts
I'm becoming increasingly worried Doug Ford is getting baited by the US. Had great initial posturing but you can tell they're learning how to manage him.


It was a massive blow to our leverage when he dropped the electricity tax. It shows we're okay with partaking in the nonsense. I think sadly Ford might mean well, but he's not realizing that this isn't an in good faith bargaining exercise.


I actually think they're sizing him up to see what his price tag is to see if they can put premieres in line with the US and go from the ground up.


Doug has been great, but I think he's not seeing the forest through the trees.
American here. You guys do what you need to do. A lot of us down here support you.
We’ve had first tariff, but what about second tariffs?
I wish we'd add a 5% export tariff on the things he has put input tariffs on. 

use that 5% export tariff to invest back into the industries we collect it from.  The Steel industry is going to need some supports, as will the aluminum industry we might as well make it favourable for other international buyers to buy our materials instead of letting Trump collect his 25% revenue. 

  
Every dollar we sell to someone else instead of the US reduces how much money he collects in Tariffs and challenges his claim that tariffs make the US money. 

Us doing export tariffs pisses him off way more than us doing import tariffs.
And Lutnick can shove it up his ass with walnuts
I wonder whos economy will outlast the others.  I went shopping yesterday here in the states and for the first time I purposely looked for Canadian made products and was disappointed with what I found. I don’t drink alcohol and I don’t like maple syrup. Hell I can’t find American made shit here other than food. Everything else says China on it.
Sweet! Maybe our taxes can start coming down so the unfair trade to America can pay for our shit.. 

Fuck America. I’ve said it since 9/11… they are just global bullies. Justified terrorists, and the ultimate keyboard warriors.. they sit while their real soldiers go die for a (usually bs cause) and scream “America number 1”.. 

Gun toting gross delusional patriotic scum.
I’ve never seen a US administration do so many things to unknowingly unite Canadians. Even Quebec is identifying as strongly Canadian these days. When Doug Ford seems likeable, something is up
At this point these posts should have a date/time stamp in the title so we can keep track of most current info
Let’s do it.

Escalate.

Forget elbows up…let’s go full Hanson Brothers.
all this does is hurt Canadians. export tax on electricity got Trump fuming for a reason. Put export tax on potash. Put export tax on Nickel and add even more to Aluminum. Stop raising Canadian prices as a flex
As a Canadian, is Canada doing anything extra to bring more manufacturing to Canada with these tariffs? No, while the US plans to for their country. All this is doing is taking more money from Canadians' pockets..
Good. Don’t back down.
Throw a tax on oil, water, electricity and lumber heading into the US.

Ford rattled Trump YESTERDAY, need more of that.
What angers me the most about this whole situation is that it’s based on one person’s grudge against our country. This has never been a position adopted by Democrats OR Republicans. But now that Trump pushes this idea, a lot of Republicans are suddenly on board. 

This didn’t need to happen and both Canadians and ESPECIALLY Americans will be hurt from this. When this eventually starts hurting the wallets of MAGA voters, I better not hear any whining from them in the next 4 years
Good, fuck them.
It’s all well and good that Canada reciprocates in this trade war but it appears that Trump has the edge.  Our leaders simply respond in kind every time he slaps a new tariff and I don’t think this tactic is working.  Trump likes to double down because he can.   

I believe the buy Canadian effort by Canadians makes sense and as individuals our small effort begins to sting the Americans.  However, if the Canadian government stops or hold off on buying high value add products from the U.S. such as military equipment and machinery it will sting them more.  

Weaning ourselves from American technology will take time but I think this is necessary for the future of our culture, and our right to exist as a country. 

Furthermore, there must be something done to stop big American (or other untrustworthy foreign) corporations from acquiring Canadian corporations or assets.  We have had so many Canadian companies acquired and picked apart by American corporations in the past.
This is so tiresome. 

Lets reconvene in the summer, or *after* the summer when some horrible terrorism happens in the US thanks to Trump doubling down about Gaza, and drawing the ire of the entire Arab world some more. 

They already *hate* America. What do Americans think is going to happen if Trump is trying to turn Gaza into his next Atlantic City failure?
Please someone explain to me how 30 billion dollars in tariffs will help Canadians?
I'm trying to understand this move and I honestly can't. This is not  us defending ourselves, but rather us playing into Trump's game.
The problem here is the double messaging. On the one hand Trudeau et al have been saying that Americans will suffer the brunt of tariffs due to the higher costs they will need to pay. But on the other hand Canadian tariffs are being applied in retaliation. Wouldn’t it be best not to apply Canadian tariffs- allowing Americans to pay higher prices and complain/demand them to be cut while Canadians continue to pay current prices for everything?
Didn’t we already do this on day 1?
Let's keep using the word Billion when talking about retaliation.
Finally Canada gets the jump on the news of the day.
Can we put tariffs on software products? 

I think that would destroy the s$p and Dow.
I’ve honestly lost track at this point about what’s getting tariffed or not. The response is getting changed by the hour.
Elbows up Canada.
let's gooooo
Is there a full list of products that are on the new tariff list?
Trump now mocking Ford: “The withdrew their little threat”.  He stepped right into it by backing out of the surcharge.
Led by donkeys..."
"Canadian Travel to US Plummets Amid Tariff, Statehood Threats",https://www.reddit.com/r/canada/comments/1j805ad/canadian_travel_to_us_plummets_amid_tariff/,https://www.bloomberg.com/news/articles/2025-03-10/canadian-travel-to-us-plummets-amid-tariff-statehood-threats?embedded-checkout=true,"Yep, cancelled our trip for the end of March.
But don't worry, it's just a blip according to governor fancyboots citing travel that has already happened last year before Donald was returned to that place we burned down in *The War of 1812*.
And it's going to be even worse next year. Plenty of Canadians already had their vacation bought and paid for before this nonsense started, so they were not in a position to walk away from the money already spent. I am a Snowbird, staying in Florida. There is an overwhelming sentiment among people I know that we will not be returning next winter.
Good. There are tons of amazing places to visit in Canada. Boost our tourism and show some national pride.
Stop calling it ""statehood threats"" because that's American propaganda. It's an annexation threat.


Also, 0% chance Canada becomes a state. They don't even let Washington DC be a state because it would be too left. We would be a territory with negligible representation (and negligible benefits) like Puerto Rico at best.
Meanwhile, I've heard, Montreal hotels are already booked for the summer with American tourists.
I know at least one friend only going because it is non-refundable and has no plans to go back anytime soon. Another friend would be down there every couple months to Grand Forks or Fargo North Dakota, and also has no plans in the future to go back.

We are their biggest tourist group. This is having and going to have a huge effect on them no matter what they say.
Was going to move our AI company with an investment of over $1.MUSD to open an office in SF. I’m DONE with the US and going to build in the Quantum Corridor (Montreal, Toronto, Waterloo) instead!
I had a trip to new orleans booked. 


We had to cancel due to the attack at new years. We had emailed all reservations saying we would reschedule for spring. 


We aren't. And we are eating the flight credits (only work on a US to US flight). I'd rather lose that money than travel there.  
My wife and I were doing 4 to 5 weekends in the states every year. Sad to say that Watertown and Syracuse won’t be seeing us anytime in the next 4 years at least. Enjoyed it and everyone we met but it is what it is.
No paywall: https://archive.ph/Vyqm7
Kids are off for March Break.  We had sons soccer team pre season meeting this weekend.  Normally, you'd expect half the players and families to be gone for March break.  This year every player was there.  I dont know anyone travelling south rn.  


I think its more than a blip
🇨🇦💪
I had to go to Ohio for work last week. Felt dirty the whole time, but the mortgage's got to be paid.
Wanted to do a whiskey tour in the Kentucky and do Route 66.

Not while this administration is in place.
Usually visit the states once a year.  Holding off for next 4 years.  Keeping money in Canada or visiting other places.
I have friends in Ohio and they want to take their vacation in Canada this summer. Many Americans support Canada!
I used to live in the USA (military posting), but the ONLY reason I would ever return now would be to piss on Trump's grave.  The USA has betrayed us, and I want nothing to do with them ever again.
Cancelled a two-week trip to Wells, Maine in August. 

We had rented a beautiful cottage and were willing to spend quite a bit of money once there. 

Been going there every summer for over 25 years.

I’m guessing the owner has been swamped with cancellations, seeing as he’s e-mailed me 3 different times to lower the price (we got to over 50% off) and that he’d accept Canadian money if needed.

Sorry boss, I appreciate it but we’ll be spending our money here.
Good do not support the US. They were dumb enough to vote an insane criminal dictator as president now they are feeling the effects of their stupidity.
A few weeks ago, a US tourism group published that Canadians visitors (tourists, not business travel) generated about $20 billion annually in travel services, dining, entertainment and purchases.  If only 10% of Canadians cancelled their trips, it would cost their tourist industry $2 billion.

Since then, booking are down 40% from last year and may continue down further.

Factor into that non-Canadian tourists that are supporting us/hating the US by choosing to visit either Canada or Mexico instead of the US and that looks bad for their tourist trade.
A Loonie is 69 cents  
South of our mutual fence  
Add insults by Trump  
Canux travel slump  
Is logical buck consequence
I’m a fairly androgynous looking lesbian with short hair. I would be afraid of using public toilets in the US, in case I get the cops called on me
[deleted]
Cancelled two trips in 2025. Rebooked one in Canada and one in the Caribbean.
Was going for 10 days orlando 15k trip 

Cancelled
Monday to Friday I stay in hotels near the traditional tourist routes along the 75, 71, 80 90, 81. 

Very noticeable decrease in the amount of Canadians engaging in tourism. Even I'd say corporate travel has cut down a little bit.

I'm curious on the next major disaster if the flood of power line workers goes across the border like they have for decades in mutual support.
I’m going in a few weeks for two reasons: 1) it’s non-refundable and 2) this is a trip I planned with my mom who is getting older and showing early signs of Alzheimer’s which runs in the family, so I’m taking every opportunity to travel with her while I can. It’s always been something we do together. But I am very upset about it being non-refundable and non-changeable. I won’t be going back after this, likely ever.
My partner and I were going to recreate our first road trip down the pacific coast after our wedding next year. But that’s not happening. I stayed out of the US last time he was elected, and I sure as hell won’t set foot in the country again until he’s gone and the next person takes steps to course correct and mend fences.
I will never travel to the USA again. I'm old and I'm stubborn. My wife disagrees and says she will when the next administration takes over. 

I'm not so sure we're going to get an administration change down there...
Have made plans to snowboard at Aspen and the Arapahoe basin for the first week of April. Fuck them. Revelstoke and Sun Peaks FTW.
If the snowbirds stay home, that will pack a wallop.
""Statehood threats""

It's not ""statehood threats"", they're talking about aggressively violating our sovereignty.  Stop using soft language and say it like it is.
Cancelled 5 trips to USA for 2025.  Felt good.
Had a weekend planned with show tickets non refundable, turned a 3 day trip into 1. Didn't want to eat the cost of that entirely, but... mentality changed from 'fun weekend away' to 'I want to spend as little money here as possible'.
Cancel culture done the right way.
Yep, we also cancelled already booked trips.
Cheaper domestic flights PLEASE!!!!!!!!!!
This is good.  Their economy will feel this for sure.
Never underestimate the resolve and unity of Canadians. The collective decisions and personal sacrifice of each Canadian will be impactful.
Count me among the Canadians who cancelled trips. Mine would have happened this month. I feel pretty good about it.
So many of the Americans are coping by saying it frees up space, which is delusional because once their state recognizes that the tourist industry is shot, the cost of everything local is going to increase. 

It’s as delusional as some republican officials telling their base that the recession is good for the middle class, because growing pains need to be endured  to make the middle class great again. I’ve never seen a situation where Wall Street crashes  and the  middle class comes out winning. It’s another delusional scam so that they can rob the middle class and poor, all the while digging the graves of the idiots who voted for them. 🤡 
I'm on the fence about renewing NEXUS
Was supposed to go to Boston for 2 weeks in April. Cancelled
Wife and I cancelled our New York trip we planned for May. Sold our Broadway tickets.
Just got a flight schedule change and was able to cancel for free. 7K refunded with hotels and flights for ten people 
don't sugarcoat annexation as ""statehood,"" Bloomberg.
My mom was planning on going to Hawaii for her 50th birthday. Sadly she won't be going now, but I'm very proud of her for putting Canada above her desire to see a bunch of cats wandering around an island. 
Cancelled our 5 day trip to Hershey, PA in June. Unfollowed US hotel emails.
the US is just kinda fucking boring after a while anyhow."
‘There is no halfway’: Premier Ford says Ontario’s measures will remain in place until U.S. lifts tariffs,https://www.reddit.com/r/canada/comments/1j481q6/there_is_no_halfway_premier_ford_says_ontarios/,https://www.ctvnews.ca/ottawa/article/there-is-no-halfway-premier-ford-says-ontarios-measures-will-remain-in-place-until-us-lifts-tariffs/,"Not a fan of the guy, but fuckin right Dougie
Canada doesn’t start wars but we sure don’t back down when in one! Elbows up! United we stand 🍁🇨🇦
so proud of Canada.
We need an ad buy in the US that shows roll of Canadian troops next to Americans in Afghanistan, NORAD, Gander on 9/11 etc etc and simple language - “when it counts, we have stood shoulder to shoulder. Will you be there for Canada?”
I did not vote for him but I respect the hell out of the fact that my provincial and federal leaders are in lockstep responding to this. If only we could have this much agreement across parties all the time.
He’s a controversial guy, but god damn he’s handling the Trump administration with the kind of guts we need to see in our federal representatives! 😳
The enemy of my enemy is my friend. I don't much care for Doug Ford but he gets a shithead pass for now.
Ata boy Doug.

I wish our Alberta premier took a page from your book.

He should increase it by 5% a week.
UK chap here. Absolutely love the resilience and defiance you’ve shown the USA since the unprovoked attacks from the Mango Mussolini started. In just a few weeks, he’s made so many enemies just to impress his knuckle dragging cultist base. Most of us despise what’s happening, we know times are going to get tough economically… but you will be fine and even more united, while south of your border the fractures will grow and they will implode.. just need to ride it out!
Honestly, Ford's handling of the situation has changed my perspective on him. I mean, I still don't particularly like the guy and wouldn't vote for him, but he really surprised me by not backing down and getting even more ballsy after he won the election. I figured it was all just campaign talk.
It's more immediate. Allow existing stock to be purchased and it's a few weeks or months before they purchase something other than American. With no choice, customers are avoiding American today. It also encourages spending patterns the government is hoping will take root.
Yes. YES. yessssss.
I am no fan of Trudeau or Ford but as a proud Canadian I acknowledge and applaud their leadership in this time of crisis. Red, Orange or Blue we are all still on Team Canada.
Stick to you guns, Premier Ford!!!! America is with you. Trump NEEDS to be taught a lesson.
FUCKING HOLD IT DOWN FORD LETS GO
The arrogant Americans don’t understand they’ve stepped into the “you’re going to be sorry” zone and there’s nothing they can do about it besides back down.
You don't have the cards Donald.
Yeah, fuck this ""halfway"" nonsense too. It's just more bullshit the same way the initial ""one month pause"" was. That motherfucker south of the border can go fuck himself.
Vive le Canada!
I hope it doesn't mean new deal with Starlink when it ends. It should be gone forever.
Bravo. Perfect response. And this keeps him in line with the Feds.

All retaliation remains until ***ALL*** the tariffs are lifted. None of this back and forth Trump seems to want to play.
I don't like him, but Doug is good in a crisis
Good. Didn’t vote for him myself but actually happy with his handling of this now. Keep it up Ford!
Show no mercy, Canada! The US deserves it.
Our criminal drug dealer is better than your criminal real-estate ‘mogul’.  Get fucked!
Doug is friends with turtle face Mitch McConnell who has always sucked, but since he's stepping down has reversed his MAGA stance. I think this has profoundly had an affect on Ford because he's looking through a Conservative/Republican perspective and sees Donald is a clown show.

I don't like a lot of Ford's actions but at least he's sticking to his principles and has the ability to see the poison. I bet the guy is considering a run for PM or something one day. Don't know if I love that idea haha.
At this rate I wouldn't be surprised is he ends up being the leader of the conservative party by october
The Burgerlanders are gonna pull the same shit again in a few months, they cannot be trusted. We gotta make it hurt fr fr.
I don't like that shit with the Greenbelt... But I do appreciate Doug Ford unequivocally telling Trump to fuck off.
Wait so now they have an issue with us for having GST/HST?! This is hilarious at this point they are so far removed from reality
Danielle Smith has had a Come to Jesus Moment this afternoon following Doug's measurers. It's amazing how the Stock Market makes people like her Federalists. Remember this was the organizer of the Alberta succession movement. What a difference an Orange blob administration in the US makes.
I love that no matter how much anyone has hated either Doug or Trudeau, we are all on the same side when it comes to being Canadian. And people called Canadians “not patriotic”. Psh. Even Quebec is with us!
Ford and Trudeau being locked step in this together is such a great look for our political landscape. We can put things aside and function in unison when we need to. Except PP. The dude takes every opportunity to try and publically undermine his opponents
Painting yourselves into a corner with absolutes and showing the other side where an advantage lies.
Elbow's up!

Well played Doug.
How it should be. No compromise
Good, don’t get sucked into the DT delusion that we both started this. The king of gaslighting.
The only response that Canada has disappointed me in is that they gave the US 21 days before implementing more levies. Just do it immediately.
doug out here making me feel bad for moving to AB
Good.

Provinces need to stand together on this, and we need to stand with the federal government. This is a national crisis and it crosses all party lines and regional divides.

We may not all get along all the time, but we’re all *Canadian*, and we need to stand up together and for each other, especially if they try to divide and conquer.
Fool me once shame on you, fool me twice- no. 
We won’t play your game.
Our unity across the country is the only card we have, auto sector exemptions are only to try and break us apart. Just like the reduced oil tariffs. We need a guarantee, as future uncertainty will do just as much as the tariffs ever could.

Without a guarantee those plants are closing eventually. Corporations have to plan for the future, and uncertainty will cost Canadian jobs.
Ford for PM
Canada, Trudeau and Ford understand that the US need a taste of their own medicine. Glad they are robust and do not fold to theoro-russian republican bullies. Weakness would be an error.
I asked my now wife if I can go “halfway”… we have a son now.  Good job Ford for not gettin f*cked.
So does Canada’s reverse tariffs only affect blue states? Wouldn’t that be playing into trumps cards? Seems like the tariffs should only be geared towards red states. That would have a more lasting effect. MAGA is literally giving people the scripted moves. If maga bitches and complains about something, they expect the reverse to fuel the fire. Trump is being advised by a very large smart propagator. J6 was probably his only mistake because Pence flipped. But Dems didn’t doing anything in response 🤷‍♂️

And all the American booze being taken off the shelves, why not sell it and just keep the profits? Taking it off the shelves just increases the value, unless it’s being destroyed.
Fuckin straight. Normally Doug Ford is someone I really dislike, but stuff like this, I am filled with pride for my country and my province. There may be divisiveness in Canada over our political views, but it's great to unite under our shared flag. Meanwhile America is more politically divided than it has been in ages. A shared enemy really unites you.
US want to move ALL automobile related manufacturing to the US. Canada’s 2nd largest industry export. Hit them harder Doug. Cutting US out of what they need from us is only way to hurt them hard and fast.
Dougie earned some points from me in his response
Canada, don't let up until the traitorous GOP are completely removed all together."
"Premier announces immediate response, vows to defend B.C. against Trump tariffs",https://www.reddit.com/r/canada/comments/1ifkzv1/premier_announces_immediate_response_vows_to/,https://archive.news.gov.bc.ca/releases/news_releases_2024-2028/2025PREM0014-000077.htm,"To put this in perspective, Nova Scotia is removing all US alcohol from shelves.
Tbh I wish they would pull ALL states not just red. Supporting the US is supporting Trump.
No american should be able to get a hunting or fishing license in Canada.
Notably this is just the immediate response from BC and further action will be taken.
This is fucking huge. Whatever your view is on JT and our current government what happens tonight will be set in stone for his entire legacy.
I really hope there's going to be something announced about the route to Alaska. They shouldn't be allowed through.
[deleted]
Biggest mistake here is distinguishing between red and blue states.

This is no longer MAGA or Trump imposing tariffs. This is not Dems vs Republicans

This is America starting a trade war, full stop.

Hold each and every American accountable for either their actions, or lack thereof.

By allowing alcohol sales from Blue states, you leave back door loopholes and allow money to trade hands tax free.

Grow a fucking spine and tax Americans.
Just watching this news conference gave me chills. Things have elevated to another level and will only continue with the other provinces and PM to speak. I'm not much of a religious person but God give all Canadians the strength to get through this to better days.
Love the “red state” targeting specifically, let those MAGA chuckle fucks feel the pain.
Stop the oil. Stop the water. Stop it. 100% this is over in 3 days
It's gonna be tough for Canadians at first but with perseverance hopefully this will drive up Canadian innovation and production.
Let's start with not buying Iphones, canceling Netflix and Prime subscriptions?
This bodes extremely well for the national response. Donnie smooth brain just exited the fuck around phase and is about to enter the find out phase.
"" directing the B.C. government and Crown corporations to buy Canadian goods and services first. ""

Why is this not standard for all levels of government ALL THE TIME ?
His was a great, strong and re-assuring message. Now waiting for the 8:30ET message from Trudeau 🇨🇦💪
Yes BC! Yes Canada! Let's go! 
Way to go BC!
The damage trump has done will never be fixed. He has destroyed decades of good relations in under 2 weeks. Americans have no idea how bad trump has burned the bridges
Turn off that tap of water Trump likes so much.
BC and the Federal govt need to rapidly complete the LNG project in Kitimat, BC, as well as work with Alberta to upgrade crude and pipeline it to a port in BC.  This is a wake up call for Canada that it must rapidly work towards creating a competitive economy based on it's unique geographic advantages.

Canada should also use its price advantage with hydro to participate in the AI revolution, and green-light as many AI data-centres as it can.
They should cut the power to the US during superbowl
oh damn some shit went down in the cabinet premier pm meeting.
They should have doubled entry fees for American commercial vehicles like New Brunswick did.  Americans want to use our roads to get to Alaska. Pay up!!
Meanwhile I've been buying only Canadian alcohol for the last 2 decades. The whisky I drink comes from alberta.

So I mean, I've been doing my part for years.
BC's in an interesting spot with this, since they have a lot that can hurt the US. I think we'll see with provinces like BC and even Ontario (though there's the unpredictability of Ford to deal with) go with more gradual announcements of attacks rather than all at once. Other than Alberta, I think every province will be announcing booze bans, since that's a huge market for the US, and it'll grow from there.
Eby ain’t fuckin’ around.  Gangster moves.
Stop them from driving to Alaska. Plant a massive toll.
We can't be Colombia on this. We need to stand up and the rest of the world will follow suit.
Please take note traitor Danielle Smith. Our traitor 
 Premier in Alberta.
He really needs to put more in then just pulling American booze............
""The Province is assessing private-sector projects worth $20 billion with the goal of getting them approved as quickly as possible, and issuing their permits faster. These are expected to create 6,000 jobs in remote and rural communities. In addition, the Province has vowed to support and help implement the actions being taken by the federal government.  ""


Does this mean ports in Kitimat/Prince Rupert and pipelines to those new ports?


Looks like he's engaging with the CEO of Teck. I believe Teck was given the biggest fine of MOE history.... Seems like it's all hands on deck.
how about we just ignore DJT and trade our surplus with other countries instead... should be easy to find a sweeter deal we've been essentially giving away the majority of our resources to them

we'll probably become a super power almost over night if we start cutting deals that actually turn a profit
Fuck the politicians, don't buy Anerican products. I'm sure you can do without your California wines ~~for a while~~ forever.
Turn off all the taps. No oil, no potash, no aluminum, no uranium
[deleted]
Pound sand Donald Trump! 🖕
Love Eby, the right kind of NDP leader ! Jagmeet holds nothing in comparison
Are there going to be tariffs on Tesla?
[deleted]
They mention fast tracking construction projects creating 6000 jobs.  Hopefully all provinces follow suit.  Build our infrastructure back and stop relying on other countries.
These are the exact right responses imo, way to go Eby
Just buy BC and Canada. 👍🏻
No mention of Cascadia. Now would be the perfect time for Cascadia to break free and form our own country.
Tear up the Columbia River Treaty. Stop sending power to the USA, demolish all the dams that are just for holding water so that USA cities dont get flooded. That should get people’s attention. Why should BC destroy its beautiful nature for the USA anymore??
Red state alcohol is a poor and somewhat confusing decision. Alcohol is a great easy target because provinces have control over most retail and there are plenty of substitutes. 

I can only assume BC doesn’t want to mess up its own relationship with California but while blue states may not have voted for this it’s their problem and frankly a lot of the business leaders in blue states probably did vote for this. 

Alcohol is just a no brainer here. No reason any province should be purchasing it regardless of which state it’s produced.
What alcohol does BC buy from Red States?
I know this is just an initial tatement but the speech was great, the actual response esomewhat muted.

All alcohol would have been a more appropriate start.

A tax on Americans entering BC potentially , and no American hunting or fishing in province.
Canada should tariff the hell out of red states and any company that is sucking on trump's pecker right now. Hurt Trump's supporters at their core.
Expecting a loss of 120,000 jobs in BC alone. While this number may not be completely accurate it is probably in the ball park. I think it’s time we pause immigration and all TFW. This should be an immediate response as we will see a large jump in unemployment numbers."
"LILLEY: Trump's threats on Canada's economy simply won't stop - He threatens tariffs, says Keystone XL should come back and then says America doesn't need Canadian oil at all.",https://www.reddit.com/r/canada/comments/1iyps3f/lilley_trumps_threats_on_canadas_economy_simply/,https://torontosun.com/opinion/columnists/trumps-threats-on-canadas-economy-simply-wont-stop,"assume he's already imposed tariffs and act accordingly.   
Dont let his flip-flopping sway our progression from separating our economies.   
Lets just move away from american trade and instead focus elsewhere.
It won't stop. He is the kind of guy that if he has leverage he is going to use it to exploit people, that's literally who he is. He thinks it's smart. Fuck 'em, fine, tariffs it is. We can handle it, can your people?
And says Ukraine started this war. How the fuck is this guy the president?
I think we should care nothing on Trump in general. His policies are crap.

But it is like having a drunk uncle with the nuclear codes. 

And that is what is beyond scary.
Look at the comments on the article page, bunch of people saying if we vote Liberals in again Trump won't stop. Making it all about Liberals being in power here to blame for Trump being aggressive.

Trump didn't even know Trudeau resigned, I don't think he even knows the difference between a CPC and LPC.
Yeah, he's not rational. He has the intellect of a 10 year old kid. We're just going to have to deal with it for a while.

And hey, it's given us good things. Painful things, but good things. We're going to develop military, economic, and energy sovereignty with new solid relationships with old allies that we can trust, instead of our fickle untrustworthy southern neighbour. Hopefully even cultural sovereignty. These will all be good things for Canada long term.
Intended to sow division between Alberta and the rest of Canada. Don’t fall for the disinformation (psy op) against our nation promoted and prompted by russia and the USA.
people need to educate themselves on Trump‘s playbook, he is the most ""unpredictably"" predictable person: 

Trump’s negotiation playbook typically follows these key strategies:

	1.	Start with an Extreme Position – He often begins with a bold or extreme demand to anchor negotiations in his favor.
	2.	Leverage Unpredictability – He uses unpredictability to keep opponents off balance and gain leverage.
	3.	Frame Everything as a Win-Loss Battle – He positions negotiations as zero-sum, where he must “win” and the other side must “lose.”
	4.	Apply Maximum Pressure – He uses public rhetoric, media, and economic or legal threats to push opponents into concessions.
	5.	Walk Away (or Threaten To) – He frequently threatens to walk away or actually does, forcing the other side to reconsider their position.
This is what happens when people let a deranged sociopath and convicted rapist run a nation.
If you're expecting Trump to be consistent, even with himself, I have a bridge to sell you.
Lilley is *so close* to getting it... but just can't seem to make the final connection about Mr. Trump's senility.
Thanks Brian, your application for the position of Captain Obvious is under consideration.
Katy Parry once said 
“You’re hot then you’re cold
You’re yes then you’re no”
Move our trade East and West
""USA doesn't need Canadian oil at all!""- As the entire US midwest relies on oil piped into it's refineries from Alberta.
Let's not forget that it's not just Trump and his hand-picked cabinet (plus Musk). The Republicans in Congress are going along with him.
It's all a deflection while Musk tears apart the Country.
trump is doing what he always does, says what ever it takes to have his name in the news.
He is an abuser, this is the norm.
Trump needs to go away.
Can someone tell him to stfu or do it.
He's such a tard.
Canada needs broad policy to incentivize diversification of trade. It’s not easy and it’s definitely expensive. But the investment is absolutely existential for Canadians in light of our vulnerabilities being exploited, or even just threats of being exploited.
He wants Keystone XL to come back.... but they don't need Canadian oil? Then why do they need Keystone XL?
Doesn’t need Canadian oil but wants a pipeline that directly feeds Canadian oil to US refineries. Make it make sense
The one consistent message that we are recieving is that USA cannot be trusted
He probably figured ""drill baby drill"" deregulation were enough to get US oil producers to extract more and reduce oil and eventually gas prices.  Shutting out Canada was a way to signal to US producers that competition for their higher volume will be low.   Turned out big oil liked or were already invested in the lower volume and higher prices to come.  Now he's panicking to find away to flood volume into the market.  

If he doesn't lower pump prices by mid terms, he'll lose the at least one chamber.
He has some mental health issues, the orange puppet isn’t well upstairs
Sounds like someone is mixing up his meds
The hint is that he's an idiot who was born into money.
I think the best policy for him, is to just ignore whatever he says in social media Etc, and just deal with executive orders and actual legislation, and everything else is zero.
The worst part of Trump, is his wish washy stances on everything. When you’re such a bullshitter, you can’t be trusted to be an ally to anyone &amp; make no mistake about it, it will 💯affect the USA economy. 

Newsflash dipshit, if you want to have a business relationship with another country; bullying, chaos, threatening sovereignty, making complete lies, interfering with foreign elections, and implementing economic wars, is certainly NOT the way to do it. 

To think, this man is supposed to me the most talented negotiator out there 🥴
Can't we sell oil to somewhere else?
OF COURSE we're dealing with the leader of the free world, OF COURSE.....

BUT MAYBE, we're just dealing with a crazy person.
So let's start selling our oil to someone else.  And put a heavy duty on exports to the US.
He's not going to let up on any of this dumb bullshit. Canada needs to assume he is going to try to screw us over in some way, so we should be finding new trade partners to replace the USA, dump funding into housing, infrastructure, job creation, innovation, everything, while he continues to gut his country. We can get off of America's teet, and take this opportunity to surpass them economically. We need to focus all our efforts on diversification so we don't have to hang on every word this asshat says to try to come up with a way to handle what he's trying to do to us. Leave that little shit behind us and start looking ahead to a time when we can just point and laugh at Trump, instead of being fearful of him. And for good measure, let's entice disenfranchised American professionals to take up residence here and be a part of repairing and growing our public services and economy.
People don't get, he's not really a leader.  He mostly doesn't care about any of these policies.  But his base does.  So he tends to follow what his base is interested in.  That's why he constantly throws out all these random different ideas.  If they prove to be popular with his base, great for him, and he will follow up on them and see how it goes.  If not, they get dropped.  Probably he recycles them from time to time to see if they get better traction than the first time around.  I don't think he ever comes up with the ideas either, just it gets mentioned by someone, and he's like, well, let's see what the rubes think about this one.

I'm sure that's why the Canada as 51st state thing has stuck around for so long.  I don't think hardly anyone, even among his base, really thinks this could or should happen, but it seems to be entertaining to them to pretend it is, so he keeps on doing the schtick.

That's also why he'll talk about contradictory things.  He will wait and see which one gets the most traction with his supporters and then go with that.  And probably still mention the original one from time to time, to sort of keep it on life support, in case the one he went with falls out of favour.

Every politician does this to some extent, especially populist ones, but Trump is way more blatant about it, and so far has generally been able to get away with it.
Imagine Canada spends all this money building the pipeline for him then he refuses to buy the oil at the price we set and threatens more tariffs because it's unfair. We shouldn't be doing anything to appease this guy because he is constantly moving the goal post. Let him kick and scream and let's do what's best for us
The best thing Canadians can do is not buy American goods and not visit America. Shun the bully.
He already lied. Increase your border security or else. Done. Okay, that wasn’t enough, do this or else. Why would he stop threatening if countries do what he says simply because he threatened them. He doesn’t give anything. It’s called extortion
He's planning on getting our oil for free. The US is negotiating with Russia and Belarus for pretty much everything we export to them. He is doing/saying much of the same things Putin said before invading Ukraine. We better wake up soon.
In 2019, in partnership with his own daughter, he created [Women's Global Development and Prosperity Initiative](https://uz.usembassy.gov/remarks-by-president-trump-at-signing-of-the-national-security-presidential-memorandum-to-launch-the-w-gdp-initiative/). Something funded through USAID. Something he bragged about. 

Now he’s gutting USAID and treating this like it was some liberal agenda item. 

Tangerine Palpatine is not interested in consistency. He chases in the moment sound bites and fights.
Trump: the way I always made money was acting insane, and other side will pay anything to stop that insanity. 
Reporter: funny Elon Musk told me the same. 
Trump: don’t listen to him he is insane.
The combination of Stupidity, Narcissism, Dementia, Arrogance and Criminality are probably a record in the “We are screwed department”.
Why cant we just stop shipping fertilizer to them. Europe needs it more than ungrateful allies. Let them starve
again. when someone gaslights you and threatens you, break up with them. move on. find other more valuable and considerate partners
As an american, and as someone who lives in a state that works closely and fondly with Canada. WHAT. THE . ACTUAL. FUCK  

The majority of oil and gas processed in my state comes from Canada, a good portion of our electricity comes from Canada. Its bad enough that he gutted one of the biggest dams of its workers that  supplies and makes up the rest. 

Canada, can Washington just become another one of your provinces? Please?!?!
Trump is circling, snapping at different weak spots like a predator he truly is. He is amoral, unethical, and is the embodiment of manifest destiny. He believes he and his ilk are entitled to whatever they can take by force or coercion. He thinks others are suckers and losers. He has no humanity. By the end of this, if unhindered, it will go full nazi. If any country believes they can make any type of deal with him, they just prove his point. He's shown what he is. Canada's conservatives thinking they can get on his wagontrain are really stupid. He will just steal what he wants and laugh in their faces.
We will be a US territory. 


Let me preface this by saying this is the very last goddamn thing in the world that I want. 


That being said, I fear it's inevitability. 


Some will say I'm overreacting, and maybe I am but I don't think so. 


The US will be a full on dictatorship by the end of this year.  Trump is replacing everyone in the justice department and armed forces who will argue about doing anything.


The US wants our oil but most importantly, our water.  There are great swatches of the Western US in states of perpetual drought already, and it'll only get worse. 


Trump does not make jokes, I honestly don't think he's capable of it, so when he says he wants us as a state, the party I think is untrue is the state part.  We would not be an equal state, they would make us a territory, like Puerto Rico, so they can mistreat us and do whatever the fuck the want and we have no recourse.  Though in a dictatorship they'll just install a puppet governor anyways (PP might be more than willing to obey, not that resisting will make any difference). 


I don't know if it will be a military invasion, more likely an economic siege, at least mostly.  


I'm scared for my and my family's livelihoods and frankly as a somewhat outspoken critic, our safety.  


Am I wrong? Please be specific if I am, cause ""that'll never happen"" is what they've been saying about him for 10 years now, and everyone is always fucking wrong about it. 
He is a stupid , selfish , grifting, lying man that will back out of all promises and as we see in Canada he is not afraid to stab his best friend and next door neighbor in the back.

Don’t trust him for a second."
Where are our friends in Canada’s fight against Trump’s tariffs?,https://www.reddit.com/r/canada/comments/1iexolr/where_are_our_friends_in_canadas_fight_against/,https://www.theglobeandmail.com/opinion/article-where-are-our-friends-in-canadas-fight-against-trumps-tariffs/,"The EU has made overtures for trade agreements. Some in the EU are fielding the idea of Canada becoming a member, even.

The UK can't do much until the US makes a military move.

Australia has also made signs they are interested in opening up more trade.

And China will use us for their own ends, but very likely they would be happy to back us just to spite the US and by association, Russia.
Article:

Where are our friends in Canada’s fight against Trump’s tariffs?  
Robyn Urback

From the moment Donald Trump lowered the boom on Canada after he won the U.S. presidential election, Canada has stood alone.

Weeks after his victory, he announced that goods from both Canada and Mexico would be subject to 25-per-cent tariffs, which he framed as punishment for allowing drugs and people to flow across the northern and southern U.S. borders. It was a spurious claim in Canada’s case (at least in terms of a problem flowing north to south at the border), but Canada’s fact-check fell on deaf ears. It was a lonely protest.

When Mr. Trump began calling Prime Minister Justin Trudeau Canada’s “governor” – a profound sign of disrespect from a fellow G7 leader – Canada, a forlorn target, simply swallowed the insult. When he started musing about Canada becoming the 51st state – first in jest, and then suddenly with more sobriety – Canadian leaders went on American television to defend our sovereignty. Our friends were conspicuously absent on set (so too were they, notably, in response to Mr. Trump’s threats to annex Greenland), leaving us to defend our own autonomy, like a fledgling 19th-century colony.

No doubt our allies are similarly appalled by the unprovoked and unjustified economic pressure that Mr. Trump is levying on a supposed friend, as well as the predatory expansionism his administration has adopted, so far just in rhetoric. But they are mostly standing on the sidelines, censuring in whispers, lest the mercantilist, mercurial President turns his ire their way.

That is the inescapable reason Canada now finds itself principally by its lonesome as Mr. Trump twiddles our economy between his fingers like a pencil: No one wants to be next.

But Canada’s laggard contribution to global safety and security may factor in, too; that is, its sclerotic defence procurement and failure to meet NATO spending targets (and until recently, even to have a plan to meet those targets), its derelict peacekeeping contributions, its delayed material contributions to the war in Ukraine, its inertia on Arctic sovereignty, and so on. Mr. Trump’s contention that Canada’s proximity to the U.S. has rendered it lazy on national defence is not without merit, and our allies can see that – even if the President’s response is excessive and unduly punishing. It also doesn’t help that Canadian leaders have publicly thrown Mexico under the bus: in essence offering up a smaller kid to the bully in hopes that he’ll take that kid’s lunch money first. That doesn’t make it easy for allies to line up behind Canada.

Principally, however, it may be that no one quite knows how to position themselves in what is a fundamental upending of the international order. We have practice in banding together against a diplomatic foe; in 2020, for example, when China launched a trade war against Australia for, among other things, calling for an investigation into the origins of COVID-19, allied nations came to Australia’s defence (at least in rhetoric; some countries, including Canada, took advantage of the 80-per-cent tariff China levied on Australian barley, for example, and upped their own exports). The U.S., the EU and others supported Australia’s complaint at the World Trade Organization, at the “Quad” summit (the coalition between Australia, Japan, India and the U.S.) and some leaders, including then-Japanese prime minister Shinzo Abe, spoke out publicly while pursuing closer economic ties with Australia. Most, however, were deliberate in calling out the behaviour – economic coercion – but not China specifically. They had their own interests in Chinese trade, after all.

The fact that the U.S. is a friend to democratic nations makes it all the more difficult for allied countries to position themselves strategically in this looming economic (and possibly regional) war. NATO Secretary-General Mark Rutte avoided questions about Mr. Trump’s threat to take over Greenland during his first visit to the European Parliament earlier this month. Canada has received offers to deepen economic ties in response to Mr. Trump’s tariffs from … China and Iran. No one wants to rattle the President.

Foreign Affairs Minister Mélanie Joly has said that she is connecting with Canada’s international allies to co-ordinate a response to Mr. Trump’s predatory and imperialist ambitions. She may be successful in garnering some muted support – whispered censures, perhaps – that might aid us in this fight, if only for morale. But the uncomfortable, illuminating silence of our friends thus far should tell Canada that we’re largely going to be in this battle alone. Indeed, our best friend has turned on us, and the rest of the group is looking away.
The EU is busy with their Russia problem. Until they're confident they can defend Ukraine without the USA helping them, they're probably holding back from diving in too deep with Canada-US trade issues.
Remember 9/11 when Canada helped? We took in flights and helped shelter and care for stranded Americans?
I think the author’s point is quite nuanced. It’s true that Canada has lagged behind in multiple areas but this is a huge thing:
&gt;Principally, however, it may be that no one quite knows how to position themselves in what is a fundamental upending of the international order. 

The Danes have wholeheartedly backed the U.S. and Trump straight up threatened them over Greenland. And another area of chaos is that Trump’s White House says one thing and does another all the time. Plus, it’s still very early into his term.

If he continues his aggressive attitude towards states that were meant to be “allies,” I think there will be a global realignment. But it’s too early just yet and no one wants to move prematurely. If/when everyone gets a tariff then it will force things to shift. Canada and Mexico are just the first targets..
Canada decided to target China under the Us influence and caused itself in the conflict hopes of receiving support from the US - but got stabbed in the back.

Not sure who is the enemy but definitely don’t see a friend or alliance.
America has no friends they have interests. Don’t ever forget that 10 years from now 20 years from now. They elected a fucking moron and are marching behind him in his attempt to stab us in the fucking back
Our friends are averting their gaze, hoping they don't get picked on next. Don't act like you've never been to high school.
Do we even have friends?
What is anyone else going to do to help out? Especially when Trump specifically said there is nothing Canada or Mexico can do to stop the tarrifs. No negotiation, no talks no nothing. This whole 'securing the borders' is him just getting us to jump through hoops for him.  So what is anyone else going to do wag their finger at him?
They probably all secretly like that the Canadian dollar is getting slammed so they can all get in line at the commodities buffet
Cut off oil to the US.  Offload it elsewhere. If he wants to hurt us, then we need to hurt them back.
The long-term effect of this has to be that we can never ever trust the US again. If one president can do this against all common sense and logic, any of them can. We need to diversify our trade networks and pursue much more multilateral trade in the future. And if they complain about it, we have a simple one word justification: Trump.
As one Canadian economist said on TV today, Canada should be an incredibly rich country with the enormous resources we have. However, we've been stifling ourselves over the decades, taking forever to open mines (up to 15 years), refusing to build pipelines, etc.  We need to get out of our own way and focus on getting things done. Had we built more pipelines to the coast, we'd have been able to ship our oil to other countries. Canadians  need to adjust our economy.
Like who?
AMERICA WAS OUR BEST FRIEND... when you have friends like that, who needs enemies...  WHERE are all the Americans who care for Canada??? Their reps are silent... no matter which side of the aisle they sit...
Dane here, I dream of Canada and the EU joining forces against Trump. You may deposit all your trade goods on Hans Island, and we will pick it up and leave money for you (and a bottle of snaps).
Canada is a member of the Commonwealth. I keep waiting to hear something from that union, speaking up for Canada. There's no question that England and Australia should have our backs but everyone is so frozen in fear and trying to avoid being the next target.
America is the girlfriend who promised us that she'd settle down with us, if we settle down with them. We've had over 100 years of peaceful, unguarded borders between us.

We believed them. We gave them access to our markets, we are the low cost producers of their imports, we've prioritized them over many other options for diplomacy (China, India, Russia) and trade (EU), and yet they've betrayed us.

We always made sure that what was good for Canada, would be good for America too. Starting tomorrow, we must break this tradition. They are not who they promised us they'd be, and we need to prepare adequately.
American here, how our govt is treating you all is  beyond embarrassing and horrifying.  Everyone loses when this Cheeto is in office. Do not bend a knee to this tyrant.
There are friends in the EU. The Netherlands for example. We just need to be able to physically pivot trade to them.
We are friends! (coming from the Netherlands)
Are we standing up for Denmark, Mexico, Panama? If not, why should anyone stand with us?
Does anyone think Wayne Gretzky value has gone down  since he has been celebrating with Trump. 

Advertisers should drop him quickly
Countries don't have friends, and it's dangerously naive to think otherwise.
Watching and waiting, like they watched Czechoslovakia, Austria, and Poland in the 1930s.
If Elon musk is out of the picture do you think Trump would be more or less insane
We should be making nukes potentially it’s basically been proven it’s the only way to prevent the aggressive behaviour.
This is going to be a long fucking four years.
Canada currently has no friends. Not one single nation came to our defense when Trump announced his manifest destiny plans.
It’s like playing Civ V and turning on Random Personalities.
the US is not our friend, they are backstabbing enemies
Every Canadian can do his or her part. 

Don't buy anything American. Check the label on everything you buy. Support Canadian small businesses.
What Friends? – Canada hitched everything to USS America; we have no other friends.

For years, there were those who posted about diversifying our relationship with the United States, only to get downvoted and responded to with claims that the friendship with America is inalienable.

America only cares about America—we're just a pawn to the leaders of the United States.

What's sad, is that once this whole tariff saga is over, lots of Canadians will forget, forgive, and jump right back on the American boat.
Canadian foreign policy for the past 20 years mirrored American foreign policy with some minor differences, Canada went from being a respected country that did not always bend to Washington and mediated conflicts if possible to just following the US around. It cost Canada a lot of credibility and soft power, starting with Harper and with some exceptions exaceberated under Trudeau from 2020 onwards. 

For at the next four years the world's most powerful country is going to be antagonistic towards us, this is also four years to reinvent the country and find new relationships to foster.
They certainly aren't in the conservative party of Canada, that's for sure.
Probably dealing with their own pending tarriffs from the USA. I imagine there is a lot of talk behind the scenes too.
The US is putting import Duty to every other country because of the possible spilling effect
Right here 🇩🇰🇬🇱🪖
As Canadians, we need to immediately stop feeling sorry for ourselves and get to work. Yes, we have been betrayed. Time to stop rehashing the good times we once had with the Americans. They are over (for now). We are good and decent people, but as the saying goes…”when someone shows you who they are, believe them.”

As average citizens, there are things we can do. BUY CANADIAN 🇨🇦 first, anything but US second. Do the work and spend the time finding local options near you. The effort will come back to the Canadian economy in spades. 

There are good resources out there to find 🇨🇦 products:

Start here - https://madeinca.ca

Grocery store guide - https://madeinca.ca/grocery-store-guide/

Time for a new world order. 🌎
""This reminds us of the old Bernard Lewis joke that it’s risky to be America’s enemy but it can be fatal to be its friend."" - WSJ

I haven't heard a single politician or political leader spoken out on *our* behalf. Not a republican. Not a democrat.
It’s time for the world to let the US experience its full potential by being completely isolated. America first and America last. 

This extreme individualism, even at a state level, and brutal capitalism is why no one likes doing business with Americans anymore. They removed every human element from the equation. The rest of the world is a much warmer, nicer place. Good riddance. 

/salty rant because I’m gonna have to pay extra for my favorite brand of potato chips
I think there is a nonzero chance of a military invasion of Canada turning into a civil war for the United States. A lot of blue states border the most populated areas of Canada and would be unlikely to want to invade.
Planning counter tariffs and searching for Canadian producers' telephone numbers. It's weekend and so wait 'til Monday.
Time to join the EU?  A nice affiliate membership of sorts.
Just turn off the power switch. No one’s invading anyone
Dear Canada, please accept Minnesota as your 11th province. We largely are considered ""Diet Canadians, not quite full flavor, but pretty damn close"" and we have a strong economy. Sincerely, a pissed off 'Murican"
Here's what would happen if Canada joined the European Union;  The idea of Canada joining the EU has got renewed attention after U.S. President Donald Trump threatened the country with high tariffs,https://www.reddit.com/r/canada/comments/1ili2sf/heres_what_would_happen_if_canada_joined_the/,https://nationalpost.com/news/canada/what-if-canada-joined-the-european-union,"British, Australia, New Zealand, Japan, and Canada.
The 5 eyes need to make it more than information sharing and move to a full trade and shipping lane protection partnership
Free trade and movement with the EU before the UK is wild
Some people don't realize this, but a country can be part of the Schengen area or European Economic Area (EEA) without being in the EU. We can enjoy all the benefits—freedom to live and work in Europe, free trade with European countries, etc.—without being governed by bureaucrats in Brussels.

EDIT: Schengen area is for passport control, and we're too geographically isolated for that to make sense. EEA gives people the freedom to live and work.
This EU talk still so far fetched, but something definitely achievable is something like CANZUK. It come check out the discord for some more information [canzuk discord](https://discord.gg/Rahurx5X)
I see a lot of people in here really understand what the EU is all about..  /s
We share a border with Denmark
Canada asking for membership in the EU is as stupid as the USA chanting ""51st state.""

We can invent new treaties and trade agreements, you know. We're already part of the Commonwealth. And formally joining the EU doesn't change anything about our geographical location next to the American Maw, nor somehow increase the collective defense obligations of our sane NATO allies in the case of invasion. 

What we *need* to do is backfund our bloody Canadian Forces the way we should have done ten years ago.
Or we can just be Canada and strengthen our economy, our military, increase our human development index, and strengthen our relationships with multiple countries. We don't need to join  the EU
I thought this place has a problem with immigration
I'm 100% on buy Canadian bandwagon now. I've lived my whole life and  honestly can't  remember the kast time I looked at a label to see what country a purchase item was from.  NOW I look at every product... if there's a Canadian option, even it it is a bit more expensive,  I know what I'm buying with that extra money. That money supports Canadian workers, businesses,  and government revenues- which pay for the services which make Canada a great country to live in. I also get a bit of schadenfreude knowing my money is not supporting the U.S.
No we are not joining the EU. We should strengthen our trading arrangements with the EU and other nations around the world and reduce our dependence on the bullies in our neighbourhood. 

This is what happens in the long run when we choose exclusion over inclusion. We are less likely to deliberately inflict hurt and pain on each other when we choose to include others rather than work towards exclusivity.
Why the fuck are we talking about this even?

We are literally trying to trade one dependency for another? 

How about we become independent first before we start making ties that will leave us kicked to the curb again. Ffs
IMO something like CANZUK would be a lot more in line with our own values/beliefs/needs than the political quagmire that is the EU.
No. It comes with a big loss of autonomy and a lot of the country's policies become dependent on unelected officials in Brussel. Trade agreements in the other hand absolutely
Too many people are wasting their time talking about diversifying trade away from the US when the truth is we can’t. You can sign whatever trade deals you want, it will never be cheaper, easier, or more convenient to ship things across oceans to the other side of the world than it is to ship that same stuff a few hours down the road.

Yes, it is important to do, but let’s keep reality in mind when we talk about our expectations.
Let’s not concentrate our focus on something that isn’t going to happen. For us to join the EU we would have to have a major social shift in society and policy. This pipe dream is just a distraction from what we need to do now which is focus internally then put in the work and find other solid trade partners.
No. No thank you.
That'd be a no from me. Canada should remain Canada. Make some trade deals and decrease travel barriers with EU, but don't join.
Yeah bo thanks to the immigration issues happening in all the EU countries
The American tourism industry relies heavily on Canadians. We made up 31% of all visitors in 2023. Let’s stop going to the U.S., since President Trump said doesn’t need anything from us.
Country
2023 Tourists
1 Canada
20,514,314
30.86%
2 Mexico
14,499,093
21.81%
3
United Kingdom
3,897,534
5.86%
4 Germany
1,838,481
2.77%
5 India
1,762,369
2.65%
6 Brazil
1,624,719
2.44%
7 South Korea
1,600,400
2.41%
8
France
1,592,934
2.40%
9
Japan
1,518,522
2.28%
10
China
1,078,056
1.62%
Worldwide Total
66,481,888
Canadians don't want to give up any sovereignty to the USA, but they want to give up their sovereignty to the EU, and be controlled by the European Parliament?

Most people don't have any idea how difficult diversifying trade is. Canada already has trade agreements like CETA and CPTPP, and the fact is we hardly use those agreements. Canada has built minimal infrastructure for exporting natural resources to Europe and the Quebec Premier still doesn't seem to be interested in building pipelines. When there is a lack of pipelines, that means oil moves by rail which means less export capacity for everything else that moves by train to potentially be exported to Europe. Shipping to Europe and many parts of Asia by postal service or courier is 3x what it is to the USA. It makes zero sense for small businesses to absorb those expenses or their potential customers in Europe or Asia. Customers in Europe and Asia could just as well order from established businesses in Europe or Asia with more affordable shipping and faster delivery. Europe has tons of complicated regulations that make it very difficult for a small business to deal with in addition to their VAT tax requirements. Many North American electrical products are completely incompatible with European standards. There's also other trade barriers like time zones and language differences. Most Canadians have never used Euros and have zero reason to.

Joining the EU is a terrible idea.
EU membership = more migrants. Pass
[deleted]
If you wanna lose control of immigration again joining the EU would be a great way to do it.
Europe has an overwhelming problem with asylum seekers, illegal immigrants, and terrorist activity. I’m concerned this will somehow carve a pathway for them to relocate here to ease their burden. No thanks
I made it a 3rd of the way through that piece. It's slighlty rubbish and had to stop. It was like 1,000 words to call out we're not o the european continent.

After, there were some vague points about it being a long process, and we'd have to change our currency (even though some other countries haven't adopted the Euro), and how the death penalty woild not be allowed (even though we don't have the death penalty).

WTF WAS THE POINT OF THAT ARTICLE?
Policy are already moving slow with just Canadian bureaucrat, it will be even slower after we join EU
A Norway style agreement would be good. I also think Canada now its in a similar position to the UK since the UK left Brexit, should work with UK, NZ and Australia and figure out what the commonwealth means in 2025. 

Could there be a commonwealth trade agreement?
Let's do it. I want to move to Ireland
I say fuck all that, Canada has the means, and opportunity to become an almost independent superpower. These countries and the world axis are starting to show their true face, Canada has been lazy, it's time we step up.
Why would we want to give up our sovereignty
Screw joining the EU, we should annex Alaska and turn Mexico into the 11th Province.
This would be so much worse look at the disaster that the EU is currently. The loss of autonomy Canada would feel as well. Would be forced to join America then the EU.
Europe is more of a mindset than an area of land. We are beside America but have nothing in common with their twisted culture of crudeness.
No I don't want this.
No thanks. Don't want to be part of any EU stuff (apart from trade deals), and don't want anything to do with the states. Why can't we just be Canada, our own nation?
No the free movement part is a problem and would not be tolerated by the United States either. Besides the notion is hare-brained. We enjoy our sovereignty when challenging the US but then throw it away for some bureaucrats in Europe? Ok
Yes, right after Turkey.
You think taxes are bad now. Just wait until we're subsidizing some European laggard economy on top of Quebec.

Anyone supporting this is insane.  If you join the EU your parliament is basically worthless.  What a ridiculous idea.  If we adopt the Euro we lose all sovereignty over our own currency and are beholden to the ECB.   Not to mention the organizations like WEF and their tentacles in the EU bureaucracy.

This proves my point many Canadians are absolute morons.
Article makes no mention of this and just curious 

What would happen with First Nation treaties if Canada where to join the EU?
Who writes this crap. It ain’t happening👎. EU or USA. Stop letting your anxiety get in the way of living.
It seems like everyone is very quick to forget about the CETA agreement, which brought Canada much closer to the EU on trade regulations than you might think. That wasn't without headaches however, its still not even been fully ratified
Everything just happens so slow though. We need change in Canada NOW. Pipelines approved TOMORROW.
We would be able to buy the world leading EV cars from China at many thousands less than the outdated tech that the old-line carmakers are pushing.
I am all for joining the EU for a few years, if it allows to borrow expertise to build a TGV line across the country.
They also have GDPR which I'm a fan of. So tired of these companies pilfering my data unashamedly.
CANZUK shouldn't be too tough to implement along with a free-trade agreement with the EEA.
Never! Euro is dumpster right now!
We gave Holland territory during WWII, maybe they could reciprocate the favor for us to get into the EU.
Free trade, along with closer ties with the Provinces, would be a good start. Canada needs to take a hard, long look at itself in the mirror before it joins the EU.

I'm hoping that Trump ends up being the once in a lifetime opportunity we've been looking for, to allow us to  finally fix a number of long outstanding issues that have been wilfully ignored."
Trump to pause promised tariffs for 30 days after speaking with Trudeau | CBC News,https://www.reddit.com/r/canada/comments/1ih0ztd/trump_to_pause_promised_tariffs_for_30_days_after/,https://www.cbc.ca/news/politics/trudeau-trump-speak-trade-war-1.7448805?__vfz=medium%3Dsharebar,"Well, I’m sticking to the Buy Canadian motto anyway.
Fuck this. Keep buying Canadian, keep divesting from the US.
Damage has been done, time for us to look at other trading partners ASAP and bring back local manufacturing.
Canadians need to stick with their Buy Canadian plan
Great, but what now? We have to go through all this again in a month? 

Then again, maybe Trump will have forgotten about it by then and he'll have moved on to some other stupid shit.
Still doesn’t change the fact that Canada should be finding new trade partners.
[deleted]
This changes nothing. Keep buying Canadian. The orange clown will be threatening tariffs for years to come.
[deleted]
Keep buying Canadian. 
What Trump has done is unforgivable and he can resume and threatens Canada once again.
The only thing thats changed is Trudeau added 200 million dollars for a new ""task force.""

That's it, literally everything else Trudeau announced in december.

Still buying Canadian.
Called it already.

Was obviously going to be paused, because he never intended to impose tariffs. It's all a show and a threat.

Such an obvious fucking scam this clown is running.
I'm stubborn. I'm buying Canadian from now on. Fuck Trump and his dip shit politics.
Regardless of this, the U.S. cannot be trusted. Remember, Trump brought this whole fiasco in less than 2 weeks of his inauguration. We have another 4 years of this clown. 

Stay vigilante everyone, continue buying Canadian products as much as you can and avoid travel to the U.S. They don’t deserve a single dollar.
You guys fucking owned him. Canadian solidarity owned the shit out of the loser coward Donald Trump. 

As a Canadian citizen who’s lived my whole adult life in the USA, I’m so proud of you guys. I’m so proud to be Canadian even though I’m not there with you all.

30 days for you guys to work on new trade routes and 30 more days for my spousal sponsorship application to move along. I’ve never been this sure that I want to come back. I have a nice life here and there are many good people, but there are even more shitty ones. Hooray Canada; fuck the USA.
Too late. He’s ruined the relationship. It’s not business it’s politics.
Spineless fuck. Keep the buy Canadian push going folks. Don't take your foot off the gas, lets show them what economic pressure looks like. Vive le Canada!
 And you know why Trudeau is so effective with Trump? He used to be a teacher.

 Experience handling adults is not necessary.
Can we build a pipeline within 25 days?
I will still be focusing on Canadian products as per usual, and now pushing my MLA for feedback on stronger inter-provincial trade.

Hopefully, this gives Canada some time to look at other trade options, and that we as a country don't passively sit back once again.
Just because a bully chickens out doesn't make him any less of a tool.

Continue the boycott, and continue pushing the idea of joining EFTA/EEA.
This changes nothing.

Fuck the US, fuck Trump, fuck them all.

That orange faced baboon doesn't even realize, Canada getting tougher at OUR border means more migrants are stuck in HIS country.

Enjoy fucko. Buy Canadian!
[deleted]
Lmfao, weakest leader on the planet!  Just fumbling around in his playpen at this point. Too funny!
Not letting up the pressure.  We need to put our unity where our mouths are and connect ourselves economically.
American boycott is still a go either way.
They threatened annexation. As far as I'm considered, that's war.

Don't buy American. Divest and boycott.
TRUMP:

* I will impose tariffs on Mexico and Canada on day one of taking office!!

then...

* There's nothing Mexico or Canada can do to avoid these tariffs - they're happening!!

then...

* I will Impose tariffs on both Canada and Mexico on February 1!!

then...

* I'm postponing the tariffs on both Mexico and Canada for a month, but then I'm super serious, they're gonna really, really happen next time!!!!
Don’t agree with Trudeau on that much but he has handled himself well with this fiasco. We should still divert our money to Canadian products but now they’ll see we don’t fold so easily.
Still boo the anthem. Still buy Canadian. Still torment Americans on social media. Don't take a breath, keep the foot on the pedal.
Canada and Mexico are doing the same thing they said they would do under Biden 🤣 Some “art of the deal” that is… F*** Trump! 

Vive Le Canada!
Shall we continue our tradition of putting all our eggs in one basket?
I do think it's a good idea to mark Canadian goods in stores more prominently. When and if there's a tariff, that should get us time to be more familiar with local brands.
Break neck pace man …
Trop tard. They betrayed our trust. 


I will buy Canadian and the label they put in our grocery stores make it a lot more easier


Je me souviendrai de la trahison toutes ma vie


La confiance est brisé 
Buy Canadian !!  Even without tariffs do not fuel our aggressors
Is this enough of a scare now to force Canadians to develop alternate markets and value-added processing?  Any opponents to Northern Gateway remain?  Energy East?
A bit of relief but only 30 days. This is still a win for Canada for staring down a bully and standing tall! Proud to be Canadian and will still continue to buy and support Canadians businesses and products!
IDGAF

USA has permanently tarnished it's reputation with Canada. I won't be going back to the state until thoses idiot down there pull their shit together. I won't be buying state imported products and I think neither will the rest of Canadians.

All this ink, wasted because of a single man-child throwing a tantrum over an excel spreadsheet that his incompetent being and rotting brain can't comprehend, and will never comprehend.

He's proven us at least one thing : If push come to shove, *we wont* back down in face of this clown bully... even if it means putting aside our difference. Even if you don't live in the same provinces or territory, even if we don't share the same language, even if we don't share the same political belief.,

He's shown us that despite all of this, we have far more in common with ourselves than with him, and for that... I'm grateful in a weird way.

I've never really felt Canadian.

But today I do, and I won't forget this treason.

*Je me souviens*
To late Facebook insta and snap were closed with my Amazon today. It has to do more with the 51st state more than anything.
Trump is going to claim victory in a month that both Canada and Mexico boosted their border security for the US at no cost to the American citizen. Just a stupid useless PR stunt. I’m still going to buy Canadian.
This makes no sense , this was a plan enacted by the Canadian government 2 weeks ago…. The U.S. gained nothing why would they back off there plans with out gaining something ? Serious question , I don’t under. 
March 1st was always the date then I guess
Damage is done, i will not revert to US products, and all my US accounts are gone (except Reddit for now).
Gutless. This relationship is over. We’re just a couple living out the lease.
Nice, a 30 day head start on boycotting U.S. products and giving our companies time to figure out what to do.
Still going to boo the shit out of their anthem. 

They all think it’s funny to threaten the sovereignty of other nations. Imperialists.
The damage is done. I never will support a trade deal with the USA
The orange idiot loses again
Fuck off, fuck trump and fuck all this noise."
"U.S. governors push back against Trump’s 51st state threat, but are divided on tariffs",https://www.reddit.com/r/canada/comments/1ivjgd5/us_governors_push_back_against_trumps_51st_state/,https://www.ctvnews.ca/politics/article/us-governors-push-back-against-trumps-51st-state-threat-but-are-divided-on-tariffs/,"""We don't support annexing you, we're just going to try to crush your currency, good buddy. ""
I selected these bits from article..  



""I love my neighbours to the north, but I’m not particularly sure that’s\[51 state\]  the world’s greatest idea,” Republican North Dakota Gov. Kelly Armstrong said....Armstrong said the policy is about bringing more manufacturing jobs back to the U.S.... a free-market commodity state like North Dakota.....we like good trade agreements, but we also want to reset to make sure the United States is being treated fairly.....

Democratic Kentucky Gov.... “Listen, Canada is a proud country. We ought to respect that. We’ve had such a positive relationship, Beshear said. “I hope the people of Canada know that this is not how most Americans feel.” ... he opposes tariffs and is concerned they will “raise prices for both Americans and Canadians.”...In the end, tariffs are a tax,” Beshear said............

“ Let’s sit down and negotiate,” Ford said. “What’s shocking to me is how misinformed a lot of elected officials (are) .""
100% tarriff on potash.
Elon has said if any republican disagrees with dear leader, he will fund their primary opponent.
So they don't think we should be annexed, fine. But many of them still believe tariffs are just a negotiating tactic. They genuinely believe crushing a smaller economy and strong arming them into an unfair deal is ""fair for the US."" I get this is politics, and you try to do the best for your country so your people can prosper, but they are completely underestimating the value of Canada being a close friend and ally.

I understand there's still a lot of people that think sending premiers there for one last go at this is still our best chance, and trying to cooperate can get us the best deal we can get from them bullying us. But their whole strategy is to try and put us in a shitty position before making a deal. Like the mob. This isn't the tactic you use on an ally. Even if you made the dumb argument that the States was subsidizing Canada, you could also argue that there's literally no price on how friendly and cooperative we were. It was a unique relationship admired by the rest of the world and it was invaluable.  
  
Good job American exceptionalism. Any deal that may be struck between our government, the goodwill won't be shared with Canadian citizens. The worse deal we wind up with out of this, the more sour we are going to be. Why the fuck would we want to be civil with the people standing on our backs? America just loves to have control over people, it's ingrained in half their population.
Beshear’s been good on this front for a minute, just about the only governor who has spoken out on this repeatedly and hit the right notes. Kinda hoping that he ends up being the next Democratic Party presidential candidate
Oh my god, these fucking guys. Glad you want to hunt and visit here, great. But fuck off with your 51st state shit, it’s never gonna happen.
So cute! American man in suit thinks he’s still living in a democracy. Awwwww… *pats head
Well apparently they can't annex us now because they need the tariff income to replace income tax.
I will eat your soul 🇨🇦
[deleted]
I'm tired of hearing how most Americans don't want to annex Canada. If that were true, there would be strong comments coming from Harris, Biden, Clinton, Obama, and at least some Republicans in Congress. In other words, the majority of American elected federal politicians are silent on the topic. This must reflect the feelings of their current and past constituents.
DIVIDE &amp; CONQUER

Russia and China are licking their chops watching North America fall apart right now. 

Honestly fuck social media for influencing people to this extent where fascism can make a blazing comeback and 2 countries who were once allies become enemies.

Such a terrifying timeline we are living in.
US -Canada relations shattered forever because the Americans elected a felon
Contrary to some users in this thread, I think even the whole ""they want to make Canada a territory"" would be an utter mess for the United States.

It would literally be a case of ""taxation without representation"". Which might work if you are a tiny island halfway across the globe with barely any institutions in place, but Canada is too large and high-profile for that to work.

- Canada is more well known rather than being an obscure island in the middle of the ocean that few Americans know about. (No offense)

- Canada and United States share a border, meaning people can cross for the purpose of protest.

- Canada has *significant* existing institutions, as well as culture, which would have to be demolished. The demolishing would be visible and posted all over social media for Americans to see.

- Canada has a larger population who would be in opposition.

- It is a center-stage political issue, meaning it is on public's mind. 

- Any military action would be HIGHLY publicized on social media.

- Quebec, Quebec, Quebec, Quebec

What should also be noted is that the circumstances to make an entire country (a visible and well known one) into a ""territory"", one specifically WITHOUT equal rights, is not the same today as it was in the past.

Let's look at how the US acquired its territories:

1. Guam: already part of Spain, and lost when it was taken in 1898.

2. Puerto Rico was also taken in 1898 from Spain

3. American Samoa: taken 1900 when local chiefs signed an agreement ceding the land.

4. Wake Island: taken over in 1899

5. Howland Island: allegedly uninhabited up to 2009 when US took over it. 

6. Johnston Atoll: allegedly uninhabited, used as a military base up to 2004.

7. Midway Atoll: Claimed in 1850s

8. Jarvis Island: Claimed in 1858. Also uninhabited

9. Kingman Reef: Claimed in 1922, also uninhabited.

Notice how most of these are just islands in the oceans and seas?  And the ones that did have people on them were already territories of Spain? Also notice how most were all taken literally centuries ago?

To annex a country literally bigger than the United States itself, with existing institutions, and existing cultures, is completely unprecedented for the United States in modern day.

Certainly the Americans could *try*. And let's say hypothetically, they could military occupy... but then what? So they are going to drive tanks through the streets of Montreal and Ottawa? They are going to fly jets and bomb the CN Tower? Are they going to scorch kahnawake national park and kill the indigenous tribes?

Well, all that's not going to make Canadians want to become American. Even if, hypothetically, Canadians ""fold"" (quote on quote), it does not mean the whole country would be united in that front. It would certainly not work out well for Quebec (where the United States anthem was viciously booed recently.)

They *COULD* use military force and reeducation camps, but again, the problem is that Americans border Canada, and Canada is a country with modern tech. 

So compared to places like Afghanistan that the US have previously invaded, there is an aspect of modern technology and social media, as well as common language with the Americans themselves. We didn't hear from the average citizens during the invasion of Afghanistan, but we would hear from the average citizens of Canada if the US tried anything.

Like, how well do you think it would look on CNN and MSBNBC if US Troops were shown pillaging a Canadian household to a family screaming in terror at gunpoint? Not for national security reasons (eg. to fight Al Qaeda), but simply for being Canadian?

Then there is the fact that taking over another country's resources is going to create a huge legal quagmire within America's own courts. Some random American company can't just point guns at Hydroquebec and say ""You don't own the James Bay hydropower dam anymore!"" (Despite treaties with its indigenous peoples which will also be publicized on social media, who are owed money for that river...)  This isn't a country at the other side of the world. Canadians interact with Americans on a daily basis. These are English speakers that could literally drive south to challenge the United States legal system. American companies are still restricted to American laws.

This would be such a catastrophic mess, and it would outlive both Trump's term, as well as his remaining lifespan into old age.

As I said before, I do not hate the Americans. I do not hold any ill will to the Americans. We want to be friends with the Americans. And we hope that it will remain so. Please do not annex or occupy Canada, or you will be very sorry.
Divided on tariffs because they don’t understand them. They also don’t understand that there is a trade agreement in place that has been totally ignored by America, despite the fact that “baby hands” signed the agreement himself.
Donny is just trying to impress his buddy Putin by talking about invading more territory like Russia did to Ukraine. 
I don’t see it ever getting this far but I do wonder if arms dealers like to hear that more countries will be buying more weapons. Maybe it the arms dealers that are fueling this BS?
It’s always that one Kentucky governor freaking out that Canada might completely cut off their bourbon sales. Haven’t heard much from others. It does show the strategy that works though. Can we cut off 100% of any other products where there’s easy alternatives?
Pierre Poilievre finally weighed in yesterday. He said woke is bad.
They don't think that a 51st state is a good idea. Instead it should be a territory with no political rights which all the others states use to drain and pillage natural resources.
While I appreciate some Beshear’s sentiments, he needs to know this is who Americans are now. We know not all Americans feel the same way as the Trump administration but it’s on Americans to address when American federal leaders don’t live up to his (now previous) vision of America. Also, even if America changed course tomorrow, it’s very clear that there is an influential and sizeable portion of the American public who feel Canada is a parasite and will believe anything to justify treating former allies like they are beneath the US.
If you aren’t actively against him, you are complicit. “I didn’t know the concentration camps were there” didn’t really hold much water in the worlds opinion after WW2 did it?
End of the day, the security-minded Americans would be insane to enclose 35 million pissed off people that look and sound exactly like them within their borders. I don’t think that reality has been lost on most of them.

It’d be nice if they grew a pair and stood up to their president, though.
The very idea that he says wild unpredictable shit and even the people who support him can’t tell if he’s being serious or not should be enough for everyone to know he doesn’t belong there. The fact he treats long time allies like shit cause he says “they rip us off” only because he doesn’t understand trade while praising enemies that have actually been ripping us off is a wild wild kind of fucked yo I can’t cope with
US governors should be more concerned about the integrity of their nation.  How long before the secessionists present an alternative for the future that results in a fractured union?  It has happened before, both in the USA and elsewhere and it is on a pathway to happening  again. 

Can’t become the 51st state when there are no longer 50 states in the union.
This is the first I hear about states finally saying something that makes it to Canadian media.
build nukes and go MAD
Donald Trump: The Threat the U.S. Cannot Ignore

Donald Trump is, without a doubt, one of the most incompetent presidents in U.S. history. Before taking office in 2017, he had no political experience and governed through impulsiveness, lies, and chaos. Now, with the possibility of his return to the White House, the U.S. faces a future of instability, corruption, and decline.

Why Is Trump a Danger?

1️⃣ Lack of Qualifications – Before becoming president, Trump was a businessman known for bankruptcies and financial scandals. He had never held public office and, during his presidency, showed complete disregard for democratic institutions.

2️⃣ Corruption and Scandals – He faces multiple legal cases, from tax fraud to attempts to overturn the 2020 election. Can someone like this really lead the country?

3️⃣ Attack on Democracy – He tried to overturn a legitimate election and incited the violent attack on the Capitol on January 6, 2021. What if he had succeeded?

4️⃣ Disastrous Policies – During his term, he cut taxes for the wealthy, increased the deficit, and ignored the climate crisis.

5️⃣ Threat to Human Rights – He pushed to revoke abortion rights, attacked immigrants, and promoted racist policies.

What Will the U.S. Suffer If He Returns?

📉 Economic Recession – His protectionist policies and financial chaos could lead to another economic crisis.

⚠️ Erosion of Democracy – A second Trump term could mean fewer rights, less transparency, and a more authoritarian government.

🌍 International Isolation – The U.S. would lose allies, and the country’s global influence would shrink.

Americans need to realize what is at stake. Trump’s return wouldn’t just be a mistake—it would be a disaster.
""Tariffs are a negotiating tactic"", but they should be stage 6 of the negotiation, not stage 1. Opening with tariffs is like waving a gun at your neighbour when you want to change the fence you both agreed on 6 years ago. It gets your attention, but you lose any trust in them you may have had.
Anyone even remotely “soft defending” this. Stfu. Ukraine 🇺🇦 put up with this kind of bullshit from Russia for years and then guess what. 

Canadians are strong and we will not be caught with our Jerseys off. Trump and those stupid heritage foundation fucks have been telling us their plan for awhile, fucking believe what they are saying.
They all like the idea of abolishing income tax (honestly who wouldnt). They just can't see that it's not going to work.
Do any of them realize that making Canada a 51st state (or more) would mean every state would have to compete with Canadian manufacturing without any tariffs?  They are opposite goals.
These American politicians are so disgusting
Fuck. America.
Keep pushing"
Trump says 25% tariffs on Mexico and Canada may not include oil: 'Oil is going to have nothing to do with it as far as I’m concerned',https://www.reddit.com/r/canada/comments/1iei1bn/trump_says_25_tariffs_on_mexico_and_canada_may/,https://www.cnbc.com/2025/01/31/trump-says-25percent-tariffs-on-mexico-and-canada-may-not-include-oil.html,"""We don't need them to make our cars, and they make a lot of them. We don't need their lumber because we have our own forests. We don't need their oil and gas. We have more than anybody.""

An exact quote from Trump to the Davos crowd. 

What happened Donald?
""In fact, when those oil exports are removed from the equation, the U.S. actually has a trade surplus with Canada, according to economic data. In 2023, that surplus was more than US$30 billion, the TD analysis showed.""

[https://globalnews.ca/news/10979652/us-canada-trade-deficit-explained-history-trump/](https://globalnews.ca/news/10979652/us-canada-trade-deficit-explained-history-trump/)

We live in the stupidest time imaginable. He's a fucking shakedown artist.
Tomorrow he'll impose a very watered down of the tariffs he originally proposed (that's if he doesn't just postpone them, again) so that he can claim he went through with it but without actually affecting the economy too much. Then he'll move the goalposts again and say if we don't give him what he wants, then it'll be time for the *Real tariffs™.*

Edit: It's even more stupid than I though. Turns out he's just going to postpone them again.

[https://www.reuters.com/world/trump-set-impose-tariffs-mexico-canada-starting-march-1-sources-say-2025-01-31/](https://www.reuters.com/world/trump-set-impose-tariffs-mexico-canada-starting-march-1-sources-say-2025-01-31/)

Edit 2: Apparently the previous article is out of date now, but who knows at this point. I guess we'll find out tomorrow.
thought he said he didn't need our oil
Imagine international trade policy being decided, undecided, and re-decided at the whim of a deranged idiot, via tweets, literal HOURS before said policy is supposed to come into effect.

It's so insane. How did we get here? America is going to burn, figuratively and probably literally as well.
Canada should slap on an export tariff on oil - which will be removed once the import tariffs are removed by the US. Use the money collected to offset the increased cost of gas in Canada (for oil that goes to the US to be refined and then imported back to Canada)
Hell no. If the orange buffoon goes through with it, export tariffs on oil, potash, and electricity. This jackass wants to be a bully. Fine. Punch back and punch back hard. If we don't the story will be the same next year with more made up bullshit.
I like actions that are seen as just nationalistic, like his.

\* Large funding for Telesat, so it can compete globally with Starlink.

\* Protect Canadian intellectual property and have the Government go after US AI companies on behalf of our property holders.

\* Not a drop of Canadian oil should be refined in the in the USA, we should refine it all here.

\* Start our own drone defense contractor and start getting good at drones.

\* Start buying Airbus planes and European military equipment exclusively.

\* Offer to build Chinese EV's here.

\* Ban Fox.

\* Base in Artic.

\* All Canadian Data on Canadian land. Like europe.

\* Start a Canadian NASA.

All this should be done Tariffs or not, we should act like we just found out our significan partner is mentally unstable and prepare for long term breakup.
I think Canada should put an export tarrif on our oil to the United States that equals any new tarrifs Trump imposes.
I think Trump has awakened something in Canada hopefully. We need to seize this chance to really drive home the advantage we have over so many others in the world. A highly educated and trained workforce coupled with great natural resources. We can really unleash the potential of this country and sell our products worldwide without kowtowing to an unreliable and capricious trade “partner”. This is a real wake up call. We are a proud country with a rich history, we need to come together now.
Trump knows Americans are very sensitive to prices at the pump.  It would really hurt initially but wonder about the impacts of not selling Canadian oil to American companies as a retaliatory measure?  Could Canadian oil be sold to EU or Asian countries instead?  With all of the logistics to sell to America in place it might be easier said than done to rewire the flow of oil in other directions, but I am no expert.
This man is con artist and his words hold no integrity or value. the reason he doesnt want tariff on oil is because it will deeply hurt US. well guess what, lets hurt US. if Canada misses this opportunity and doesnt slap export tariffs on oil then we are the most spineless country is the world led by cowards.
We should not allow him to be making all the rules. If he wants to enter a trade war, we should be in a position to apply appropriate countermeasures, which would include adding export taxes to items on which the US does not want to apply tariffs. Doesn't need to make the price of Canadian oil unappealing, simply make sure it's felt.
That's not how a Trade War works pal. You don't get to pick and choose. We do.
It's time we transitioned from  
FUCK TRUDEAU  
to   
FUCK TRUMP  
FUCK AMERICA!
Further proof he doesn't understand the trade deficit and is making shit up as he goes.
If he doesn't include oil, it's pretty obvious he's trying to drive a wedge between western and eastern Canada.  Danielle Smith is practically begging for AB to become the 51st state.
The entire trade deficit is oil though.

Edit:  and then some.    At 3M BPD and average WCS diff to WTI oil is about $65 B with the trade deficit being in the 50’s
We’re not dealing with the United States anymore, but rather an equivalent of Russia. He’s going about this like his old chum Vlad.
I can’t see this Trump term lasting 6 months without imploding spectacularly. The media should keep pushing the “President Musk” narrative because you know it drives the orange menace nuts.
No tariffs on oil, Donny Dumb Dumb? Fine, let's sell it at market prices then. Tax it 500% for export until free trade returns
Wow. If you take oil out of the equation there isn't really a trade deficit. It's all smoke and mirrors and lots of bullying.
“I hate the deficit but I will exclude the one thing that causes the deficit” 

I want to smash my face in my keyboard as I type this
Someone finally explained to him the Canadian and Mexican oil tariffs would cause US gas prices and heating costs to skyrocket.
So Canada should tariff oil exports, got it.
Honestly Canada needs to get its act together. We need to really stop thinking in ""friends"", ""allies"", there's only national interests. I hope this triggers the Canadian economy to diversify because there's no trust in the US anymore. Today it's Trump, tomorrow might be someone else. They've made their intentions clear.
Why is this all verbal? Is he breaking up the USCMCA agreement in writing? If so, can Canada &amp; Mexico sue like Trump likes to sue? The Cdn chamber of commerce lady on CBC said we shouldn’t be playing all of our cards in the Media for retaliation. I agree.
Please remember that this guy is supposed to be in prison!
What I take from this is that he’s admitting that they’re vulnerable (economically) on oil, so if he goes ahead with tariffs, we should put an export tariff on oil.
OIl, is the reason we have a surplus over the USFuckyA
Danielle Smith must be happy!
fuck him
Yup he said US does not need our oil and yet you are excluding oil. Coward monkey. Canada should still slap on an export tariff on oil. No exception.
He really can’t and stay true to his commitment of low energy prices.
Oops - he blinked. Now we know what to target.
Weird, I thought he said they had lots and didn't need us
Then we should bump up the price 25%
I will never forget how Olaf Sholtz came with his  hat in hand asking Canada for gas and Trudeau said ""we can't help you."" If it's not betraying Canadian interests , then I don't know what is.
""Lol,"" says Canada, ""LMAO"".
""If I tariff oil, I'm going to fuck over my own people""
[deleted]
25% export tax, fuck you Mango Mussolini!
We just need to buy Canadian for the next 4 years, don't go to the US for vacation, ban US cultural imports etc...
We should tariff our oil anyway.
[deleted]
Dude has no idea what he’s passing tomorrow, just signing whatever project2025 puts infront of him
I hope we tariff the sh** out of new teslas. 50% on new cars (not parts).
Fuck him. If he wants to exempt oil then we better put an export tax on it to help offset the damage to the rest of the economy. And Alberta's government needs to play ball and put Canada first.
Oh no no don't worry we'll go ahead and throw an export tariff on that oil for ya there.

Infact we should slap those export tariffs on our oil and everything they rely on from us. I think we start at 25% and then EACH TIME he opens his mouth with a threat towards us (tariffs, invasion, etc.) we raise it another 10%.
Then turn off the fucking oil NOW. Upstage the prick and rock his fucking world with the instant spike in gas prices across the US. Fuck Alberta and the traitors and take the initiative and watch Trump back the fuck down.

Edit to say Alberta boy here 1962 Holy Cross fucking hospital and fuck Smith and her lackeys and the stupid motherfuckers who didn't vote in the last election.."
Trump is already talking about different reasons for threatening tariffs again in weeks,https://www.reddit.com/r/canada/comments/1ihd5ks/trump_is_already_talking_about_different_reasons/,https://www.cbc.ca/news/world/trump-tariffs-off-feb-4-analysis-1.7449651,
Ontario Premier Doug Ford threatens to cut off energy to U.S. in response to Trump's tariffs,https://www.reddit.com/r/canada/comments/1hc76ld/ontario_premier_doug_ford_threatens_to_cut_off/,https://toronto.ctvnews.ca/ontario-premier-doug-ford-threatens-to-cut-off-energy-to-u-s-in-response-to-trump-s-tariffs-1.7141920,
Read the transcript of Trudeau’s response to U.S. tariffs on Canada,https://www.reddit.com/r/canada/comments/1ifr857/read_the_transcript_of_trudeaus_response_to_us/,https://globalnews.ca/news/10993376/trudeau-trump-tariffs-us-canada/,
"Trump could scale back Canada, Mexico tariffs Wednesday, Lutnick says",https://www.reddit.com/r/canada/comments/1j3nlvs/trump_could_scale_back_canada_mexico_tariffs/,https://www.cnbc.com/2025/03/04/trump-tariff-compromise-canada-mexico-commerce-lutnick.html,"At this point the only logical decision is to continue forward with the assumption that nothing the US says can be trusted anymore. So you make deals and assume that they will be broken, thus, plan b becomes the real plan that you dont reveal to the enemy.
What a disaster of a country.
[removed]
Even if tarrifs get taken away, we need to find other trade partners. This is insanity I will not be buying American products for a very long time
Of course he's going back on what he said. AGAIN.
This regime sends more mixed signals than my ex.
Fuck Donald
Will continue not buying American shit to the best of my abilities!
“And the President is listening because, you know, he’s very, very fair and very reasonable. So I think he’s going to work something out with them,” he said.




Fair and reasonable aren't the words that come to my mind. What a shit show.
Art of the chickening out
This is fucking stupid. No American booze back on the shelf until this stops!!  You’re playing with people’s lives. On both sides of the fence. You wanna renegotiate usmca just fucking say it!!! You have a mouth you enjoy using so use it and tell us.
Maybe unpopular, but there's a part of me that wants the government to just be like: ""Nah, let's talk again in a few weeks""

  
Just let the tariffs ride for awhile, really make them sweat.
I feel like they thought we would somehow respond differently. 

 It's like those motherfuckers have never had to scrape frost off their windshields in -20C just to get to their actual job. 

 Again, wildly underestimating how petty Canadians are.
They should turn this into a weekly special. Tariff Tuesday.
Meanwhile Trump himself said that in response to our retaliatory tariffs he will increase his tarifs by the same amount.   

They are like someone who washes down viagra with prune juice - don't know whether they are coming or going.
Which is it? Scale them back or double them. Sheesh.
Well shit, can't create market volatility without changing your mind constantly!

Options traders loving this
We should hold the course. Trump has literally engaged in psychological warfare against our economy for the last two months. Dumping markets. Leaving consumers scrambling. Until Trump apologizes for his inappropriate 51 state, governor Trudeau, and other insults we will leave the Tariffs in place.
Market manipulation at the expense of allied nations and his own citizens.
These are not serious people
[removed]
I guess now that it's time to plant, the farmers are telling him how much buying our potash will cost.

His policies are going to kick his voters right in the balls.
Clearly someone is yanking our chain for amusement.
Why can’t the twat speak for himself
Who would ever trust any agreement made with the US after this? These current tariffs are already illegal. We’re literally making deals with the devil at this point.
Until his next psychotic episode? Do what you must, but don’t expect us to follow along.
Scale back his fucking ego. America: fucking remove him NOW. No more waiting. You should be in the streets. Where the fuck are you “ally?”
Sorry no deal. The fentanyl shipments will continue until the moral improves.
Time to put an export tax on everything going into the US.

1% for every time Trump opens his stupid gob to say something negative about Canada including calling the Prime Minister 'Governor'.
No one can trust him
The White House will be renamed the Waffle House.
Okay, so…we drop our tariffs in return, because we’re diplomatic. And we continue to block US companies from bidding on government contracts, continue not importing US booze, and as individuals we continue not buying US products or travelling down there. Fuck ‘em. Just because we’re neighbours and we don’t have tariffs doesn’t mean we have to buy your junk.
[deleted]
Someone needs to sick DOGE after this motherfucker! This has been the biggest waste of government dollars in decades!
Cheeto Benito has burned countless dollars spinning multiple governments wheels with his on again, off again tariffs! 
Cancel this dumbass, instead of legitimate, hardworking government employees!
I think he assumed that Canada and Mexico would back down and kiss Trump’s ring. But since both stood their ground,  Trump backed off (though I’ll only believe it when I see it). As a European, I’m waiting to see how he’ll react to Europe after this fiasco(if it actually happens.)

Trump looks like a mafia godfather trying to extort people... I've never seen anything like this in politics in my 39 years of life. This is insane. I just hope the European Union stands firm against this orange lunatic.
When is this considered market manipulation?  Oh wait the US has no functioning government.
Bruh. The lcbo employees gonna be pissed lol. Just put the American shit in carts they can just roll in and out depending on Trumps mood
Wow turns out you do need Canada
Trump is such a buffoon.
Sorry, our tariffs take 90 days to process. meaning they are going to be up for the next 90 days.
“Both the Mexicans and the Canadians are on the phone with me all day today, trying to show that they’ll do better,” Lutnick said Tuesday afternoon.

“And the President is listening because, you know, he’s very, very fair and very reasonable. So I think he’s going to work something out with them,” he said.

This is MAGA level in denial.
He's just jerking us around and sowing confusion, part of daddy Putler's plan.
Im guessing his billionaire friends are done buying
We should continue counter tariffs for a month.  We’re not a punching bag they play this toddler game with.
keep the tariffs on both sides until Trump learns what a deal is and sticks with it
&gt;While the Cabinet secretary did not specify what Trump would agree to, he suggested the U.S. president would be willing to meet Canada and Mexico “in the middle.”

Where exactly is the middle?
“And the President is listening because, you know, he’s very, very fair and very reasonable. So I think he’s going to work something out with them,” he said.

The alternate reality these morons live in is a sight to behold.  Fuck these clowns.
Doesn't matter, keep disengaging from the US.
It depends how he feels when he wakes up for his 2AM pee and twitter check.
Great. 

Let's continue to boycott until they put an adult in the big chair."
